,Income,Outcome,Balance,is_holiday,is_workday,first_workday,last_workday,usd,eur,ruonia,vol_ruonia,lag_1,lag_in1,lag_out1,lag_2,lag_in2,lag_out2,lag_3,lag_in3,lag_out3,lag_5,lag_in5,lag_out5,rolling_mean_7,rolling_std_7,rolling_min_7,rolling_max_7,rolling_mean_14,rolling_std_14,rolling_min_14,rolling_max_14,diff_1,day_of_month,is_month_start,is_month_end,is_month_start_lag,is_month_end_lag,rate_russ,real_inflation,target_inflation,real_target_diff,rate_usa,tax_may,tax_day,tax_new2,tax_new,plus_new,month_2,month_3,month_4,month_5,month_6,month_7,month_8,month_9,month_10,month_11,month_12,quarter_2,quarter_3,quarter_4,year_2018,year_2019,year_2020,year_2021,week_day_1,week_day_2,week_day_3,week_day_4,week_day_5,week_day_6,is_holiday_balance
2017-01-23,1.1107177636043406,1.2200637878081988,-0.10934602420385839,False,True,False,False,59.6697,63.7272,9.82,75.01,-0.11390023104129549,1.0241865620952701,1.1380867931497325,-0.11390023104129549,1.0241865620952701,1.1380867931497325,-0.11390023104129549,1.0241865620952701,1.1380867931497325,-0.12480131562191048,0.7547589142354276,0.8795602298573381,-0.13748783141148263,0.19426788151856555,-0.5485185355650501,0.0579964261304756,-0.035349758348971305,0.2805479103476253,-0.5485185355650501,0.8003907709476724,0.004554206837437097,23,0,0,0.0,0.0,10.0,5.0,4.0,-1.0,1.25,0,0,0,0.0,0.0,0,0,0,0,0,0,0,0,0,0,0,0,0,0,0,0,0,0,0,0,0,0,0,0,-0.0
2017-01-24,1.0404757744250093,0.967099810132594,0.07337596429241532,False,True,False,False,59.5034,63.9424,9.82,79.24,-0.10934602420385839,1.1107177636043406,1.2200637878081988,-0.11390023104129549,1.0241865620952701,1.1380867931497325,-0.11390023104129549,1.0241865620952701,1.1380867931497325,-0.005390701700006988,0.9498771712289817,0.9552678729316222,-0.16139389574495894,0.17560249890070606,-0.5485185355650501,-0.005390701700006988,-0.03202421446164806,0.2792820562037218,-0.5485185355650501,0.8003907709476724,0.1827219884962737,24,0,0,0.0,0.0,10.0,5.0,4.0,-1.0,1.25,0,0,0,0.0,0.0,0,0,0,0,0,0,0,0,0,0,0,0,0,0,0,0,0,0,1,0,0,0,0,0,0.0
2017-01-25,1.0799640656748748,1.1937266380122407,-0.11376257233736582,False,True,False,False,59.2168,63.6225,10.23,123.31,0.07337596429241532,1.0404757744250093,0.967099810132594,-0.10934602420385839,1.1107177636043406,1.2200637878081988,-0.11390023104129549,1.0241865620952701,1.1380867931497325,-0.11390023104129549,1.0241865620952701,1.1380867931497325,-0.07255182433674956,0.07639636835004898,-0.12480131562191048,0.07337596429241532,-0.017813636018790466,0.27921743482304806,-0.5485185355650501,0.8003907709476724,-0.18713853662978114,25,0,0,0.0,0.0,10.0,5.0,4.0,-1.0,1.25,1,1,1,0.0,0.0,0,0,0,0,0,0,0,0,0,0,0,0,0,0,0,0,0,0,0,1,0,0,0,0,-0.0
2017-01-26,0.9782956311800286,1.112359273893516,-0.13406364271348736,False,True,False,False,59.1489,63.4254,10.38,111.0,-0.11376257233736582,1.0799640656748748,1.1937266380122407,0.07337596429241532,1.0404757744250093,0.967099810132594,-0.10934602420385839,1.1107177636043406,1.2200637878081988,-0.11390023104129549,1.0241865620952701,1.1380867931497325,-0.07097486101038604,0.07524331565034145,-0.11390023104129549,0.07337596429241532,-0.02649429094433579,0.2802482119779382,-0.5485185355650501,0.8003907709476724,-0.02030107037612154,26,0,0,0.0,0.0,10.0,5.0,4.0,-1.0,1.25,1,0,1,0.0,0.0,0,0,0,0,0,0,0,0,0,0,0,0,0,0,0,0,0,0,0,0,1,0,0,0,-0.0
2017-01-27,1.196395889745701,1.395696227360433,-0.19848347820723888,False,True,False,False,59.6356,64.0248,10.33,79.48,-0.13406364271348736,0.9782956311800286,1.112359273893516,-0.11376257233736582,1.0799640656748748,1.1937266380122407,0.07337596429241532,1.0404757744250093,0.967099810132594,-0.11390023104129549,1.0241865620952701,1.1380867931497325,-0.08935670972659751,0.072206884700715,-0.13406364271348736,0.07337596429241532,-0.09324103477727577,0.14844534207955046,-0.5485185355650501,0.07337596429241532,-0.06441983549375152,27,0,0,0.0,0.0,10.0,5.0,4.0,-1.0,1.25,1,0,1,0.0,0.0,0,0,0,0,0,0,0,0,0,0,0,0,0,0,0,0,0,0,0,0,0,1,0,0,-0.0
2017-01-28,1.196395889745701,1.395696227360433,-0.19848347820723888,False,False,False,False,60.3196,64.3429,10.33,79.48,-0.19848347820723888,1.196395889745701,1.395696227360433,-0.13406364271348736,0.9782956311800286,1.112359273893516,-0.11376257233736582,1.0799640656748748,1.1937266380122407,-0.10934602420385839,1.1107177636043406,1.2200637878081988,-0.10144003075030372,0.08323383308573401,-0.19848347820723888,0.07337596429241532,-0.10600977388638365,0.14932063601756657,-0.5485185355650501,0.07337596429241532,0.0,28,0,0,0.0,0.0,10.0,5.0,4.0,-1.0,1.25,1,0,0,0.0,0.0,0,0,0,0,0,0,0,0,0,0,0,0,0,0,0,0,0,0,0,0,0,0,1,0,-0.19848347820723888
2017-01-29,1.196395889745701,1.395696227360433,-0.19848347820723888,False,False,False,False,60.3196,64.3429,10.33,79.48,-0.19848347820723888,1.196395889745701,1.395696227360433,-0.19848347820723888,1.196395889745701,1.395696227360433,-0.13406364271348736,0.9782956311800286,1.112359273893516,0.07337596429241532,1.0404757744250093,0.967099810132594,-0.11352335177400992,0.09111106170965622,-0.19848347820723888,0.07337596429241532,-0.11877851299549151,0.14901718194563568,-0.5485185355650501,0.07337596429241532,0.0,29,0,0,0.0,0.0,10.0,5.0,4.0,-1.0,1.25,1,0,0,0.0,0.0,0,0,0,0,0,0,0,0,0,0,0,0,0,0,0,0,0,0,0,0,0,0,0,1,-0.19848347820723888
2017-01-30,1.3037324465467592,1.461530955066114,-0.1547027394449702,False,True,False,False,60.3196,64.3429,10.27,92.63,-0.19848347820723888,1.196395889745701,1.395696227360433,-0.19848347820723888,1.196395889745701,1.395696227360433,-0.19848347820723888,1.196395889745701,1.395696227360433,-0.11376257233736582,1.0799640656748748,1.1937266380122407,-0.12560667279771612,0.09661210061546747,-0.19848347820723888,0.07337596429241532,-0.1315472521045994,0.14752770623885877,-0.5485185355650501,0.07337596429241532,0.04378073876226868,30,0,0,0.0,0.0,10.0,5.0,4.0,-1.0,1.25,1,0,1,0.0,0.0,0,0,0,0,0,0,0,0,0,0,0,0,0,0,0,0,0,0,0,0,0,0,0,0,-0.0
2017-01-31,1.2604019846416386,1.2874019288241763,-0.02699994416937068,False,True,False,True,60.1618,64.4333,10.24,108.98,-0.1547027394449702,1.3037324465467592,1.461530955066114,-0.19848347820723888,1.196395889745701,1.395696227360433,-0.19848347820723888,1.196395889745701,1.395696227360433,-0.13406364271348736,0.9782956311800286,1.112359273893516,-0.13208620354644637,0.09686044091249843,-0.19848347820723888,0.07337596429241532,-0.14674004964570267,0.13708935566619038,-0.5485185355650501,0.07337596429241532,0.12770279527559952,31,0,1,0.0,0.0,10.0,5.0,4.0,-1.0,1.25,1,0,1,0.0,0.0,0,0,0,0,0,0,0,0,0,0,0,0,0,0,0,0,0,0,1,0,0,0,0,0,-0.0
2017-02-01,0.9535028694125403,0.8601942251291382,0.09330864428340203,False,True,True,False,60.0851,64.285,10.24,162.12,-0.02699994416937068,1.2604019846416386,1.2874019288241763,-0.1547027394449702,1.3037324465467592,1.461530955066114,-0.19848347820723888,1.196395889745701,1.395696227360433,-0.19848347820723888,1.196395889745701,1.395696227360433,-0.14642561904098722,0.06282350637875324,-0.19848347820723888,-0.02699994416937068,-0.1094887216888684,0.07736023114117054,-0.19848347820723888,0.07337596429241532,0.12030858845277272,1,1,0,0.0,1.0,10.0,4.6,4.0,-0.5999999999999996,1.25,0,0,0,0.0,0.0,1,0,0,0,0,0,0,0,0,0,0,0,0,0,0,0,0,0,0,1,0,0,0,0,0.0
2017-02-02,0.9822268561291105,0.8989108102198515,0.08331604590925908,False,True,False,False,60.3099,65.0322,10.13,145.15,0.09330864428340203,0.9535028694125403,0.8601942251291382,-0.02699994416937068,1.2604019846416386,1.2874019288241763,-0.1547027394449702,1.3037324465467592,1.461530955066114,-0.19848347820723888,1.196395889745701,1.395696227360433,-0.11684401666659183,0.11102619940115808,-0.19848347820723888,0.09330864428340203,-0.09390943883848893,0.09417421215830317,-0.19848347820723888,0.09330864428340203,-0.009992598374142958,2,0,0,1.0,0.0,10.0,4.6,4.0,-0.5999999999999996,1.25,0,0,0,0.0,0.0,1,0,0,0,0,0,0,0,0,0,0,0,0,0,0,0,0,0,0,0,1,0,0,0,0.0
2017-02-03,0.9875557893465012,0.9807645904058155,0.006791198935418914,False,True,False,False,59.9858,64.7307,9.96,108.15,0.08331604590925908,0.9822268561291105,0.8989108102198515,0.09330864428340203,0.9535028694125403,0.8601942251291382,-0.02699994416937068,1.2604019846416386,1.2874019288241763,-0.19848347820723888,1.196395889745701,1.395696227360433,-0.08578977543477091,0.13352769722706662,-0.19848347820723888,0.09330864428340203,-0.08757324258068422,0.1031449358615644,-0.19848347820723888,0.09330864428340203,-0.07652484697384015,3,0,0,0.0,0.0,10.0,4.6,4.0,-0.5999999999999996,1.25,0,0,0,0.0,0.0,1,0,0,0,0,0,0,0,0,0,0,0,0,0,0,0,0,0,0,0,0,1,0,0,0.0
2017-02-04,0.9875557893465012,0.9807645904058155,0.006791198935418914,False,False,False,False,59.3137,63.8156,9.96,108.15,0.006791198935418914,0.9875557893465012,0.9807645904058155,0.08331604590925908,0.9822268561291105,0.8989108102198515,0.09330864428340203,0.9535028694125403,0.8601942251291382,-0.1547027394449702,1.3037324465467592,1.461530955066114,-0.056464821557248364,0.12703645886903994,-0.19848347820723888,0.09330864428340203,-0.07895242615377605,0.10578515606193804,-0.19848347820723888,0.09330864428340203,0.0,4,0,0,0.0,0.0,10.0,4.6,4.0,-0.5999999999999996,1.25,0,0,0,0.0,0.0,1,0,0,0,0,0,0,0,0,0,0,0,0,0,0,0,0,0,0,0,0,0,1,0,0.006791198935418914
2017-02-05,0.9875557893465012,0.9807645904058155,0.006791198935418914,False,False,False,False,59.3137,63.8156,9.96,108.15,0.006791198935418914,0.9875557893465012,0.9807645904058155,0.006791198935418914,0.9875557893465012,0.9807645904058155,0.08331604590925908,0.9822268561291105,0.8989108102198515,-0.02699994416937068,1.2604019846416386,1.2874019288241763,-0.027139867679725822,0.11153618706080756,-0.19848347820723888,0.09330864428340203,-0.07033160972686789,0.10761993369634772,-0.19848347820723888,0.09330864428340203,0.0,5,0,0,0.0,0.0,10.0,4.6,4.0,-0.5999999999999996,1.25,0,0,0,0.0,0.0,1,0,0,0,0,0,0,0,0,0,0,0,0,0,0,0,0,0,0,0,0,0,0,1,0.006791198935418914
2017-02-06,0.9111923489453346,0.9434745893533297,-0.03228224040799516,False,True,False,False,59.3137,63.8156,9.77,121.98,0.006791198935418914,0.9875557893465012,0.9807645904058155,0.006791198935418914,0.9875557893465012,0.9807645904058155,0.006791198935418914,0.9875557893465012,0.9807645904058155,0.09330864428340203,0.9535028694125403,0.8601942251291382,0.002185086197796717,0.08207206195166361,-0.1547027394449702,0.09330864428340203,-0.06171079329995971,0.10869006601874576,-0.19848347820723888,0.09330864428340203,-0.039073439343414076,6,0,0,0.0,0.0,10.0,4.6,4.0,-0.5999999999999996,1.25,0,0,0,0.0,0.0,1,0,0,0,0,0,0,0,0,0,0,0,0,0,0,0,0,0,0,0,0,0,0,0,-0.0
2017-02-07,0.9119310502594479,0.9532203415877984,-0.0412892913283506,False,True,False,False,58.7121,63.1566,9.9,86.47,-0.03228224040799516,0.9111923489453346,0.9434745893533297,0.006791198935418914,0.9875557893465012,0.9807645904058155,0.006791198935418914,0.9875557893465012,0.9807645904058155,0.08331604590925908,0.9822268561291105,0.8989108102198515,0.01967372891736458,0.04974632066329545,-0.03228224040799516,0.09330864428340203,-0.056206237314540906,0.10804152280658862,-0.19848347820723888,0.09330864428340203,-0.00900705092035544,7,0,0,0.0,0.0,10.0,4.6,4.0,-0.5999999999999996,1.25,0,0,0,0.0,0.0,1,0,0,0,0,0,0,0,0,0,0,0,0,0,0,0,0,0,1,0,0,0,0,0,-0.0
2017-02-08,1.1024221678878618,0.9054784032195878,0.19694376466827418,False,True,False,False,59.1933,63.2362,10.24,90.67,-0.0412892913283506,0.9119310502594479,0.9532203415877984,-0.03228224040799516,0.9111923489453346,0.9434745893533297,0.006791198935418914,0.9875557893465012,0.9807645904058155,0.006791198935418914,0.9875557893465012,0.9807645904058155,0.017632393608938878,0.05221281331626457,-0.0412892913283506,0.09330864428340203,-0.06439661271602419,0.10161784945795461,-0.19848347820723888,0.09330864428340203,0.23823305599662478,8,0,0,0.0,0.0,10.0,4.6,4.0,-0.5999999999999996,1.25,0,0,0,0.0,0.0,1,0,0,0,0,0,0,0,0,0,0,0,0,0,0,0,0,0,0,1,0,0,0,0,0.0
2017-02-09,1.5010317916895224,1.0717165026728905,0.4346808287785116,False,True,False,False,59.5129,63.4467,10.25,95.94,0.19694376466827418,1.1024221678878618,0.9054784032195878,-0.0412892913283506,0.9119310502594479,0.9532203415877984,-0.03228224040799516,0.9111923489453346,0.9434745893533297,0.006791198935418914,0.9875557893465012,0.9807645904058155,0.032437410806777756,0.0829140321676925,-0.0412892913283506,0.19694376466827418,-0.042203302929907045,0.12191000090303993,-0.19848347820723888,0.19694376466827418,0.23773706411023743,9,0,0,0.0,0.0,10.0,4.6,4.0,-0.5999999999999996,1.25,0,0,0,0.0,1.0,1,0,0,0,0,0,0,0,0,0,0,0,0,0,0,0,0,0,0,0,1,0,0,0,0.0
2017-02-10,1.147702380212817,0.9641494958447594,0.18355288435489064,False,True,False,False,59.0235,63.0253,10.3,90.29,0.4346808287785116,1.5010317916895224,1.0717165026728905,0.19694376466827418,1.1024221678878618,0.9054784032195878,-0.0412892913283506,0.9119310502594479,0.9532203415877984,0.006791198935418914,0.9875557893465012,0.9807645904058155,0.08263237978809955,0.1745579215218984,-0.0412892913283506,0.4346808287785116,-0.0015786978233356913,0.17300105861204768,-0.19848347820723888,0.4346808287785116,-0.25112794442362096,10,0,0,0.0,0.0,10.0,4.6,4.0,-0.5999999999999996,1.25,0,0,0,0.0,0.0,1,0,0,0,0,0,0,0,0,0,0,0,0,0,0,0,0,0,0,0,0,1,0,0,0.0
2017-02-11,1.147702380212817,0.9641494958447594,0.18355288435489064,False,False,False,False,58.8457,62.6824,10.3,90.29,0.18355288435489064,1.147702380212817,0.9641494958447594,0.4346808287785116,1.5010317916895224,1.0717165026728905,0.19694376466827418,1.1024221678878618,0.9054784032195878,-0.03228224040799516,0.9111923489453346,0.9434745893533297,0.10788404913373838,0.1745433774605269,-0.0412892913283506,0.4346808287785116,0.02570961378824499,0.16965096397848708,-0.19848347820723888,0.4346808287785116,0.0,11,0,0,0.0,0.0,10.0,4.6,4.0,-0.5999999999999996,1.25,0,0,0,0.0,0.0,1,0,0,0,0,0,0,0,0,0,0,0,0,0,0,0,0,0,0,0,0,0,1,0,0.18355288435489064
2017-02-12,1.147702380212817,0.9641494958447594,0.18355288435489064,False,False,False,False,58.8457,62.6824,10.3,90.29,0.18355288435489064,1.147702380212817,0.9641494958447594,0.18355288435489064,1.147702380212817,0.9641494958447594,0.4346808287785116,1.5010317916895224,1.0717165026728905,-0.0412892913283506,0.9119310502594479,0.9532203415877984,0.1331357184793772,0.17021301571916855,-0.0412892913283506,0.4346808287785116,0.052997925399825674,0.16133712262524624,-0.19848347820723888,0.4346808287785116,0.0,12,0,0,0.0,0.0,10.0,4.6,4.0,-0.5999999999999996,1.25,0,0,0,0.0,0.0,1,0,0,0,0,0,0,0,0,0,0,0,0,0,0,0,0,0,0,0,0,0,0,1,0.18355288435489064
2017-02-13,1.1024737343208666,1.29294362217197,-0.19046988785110308,False,True,False,False,58.8457,62.6824,10.21,57.18,0.18355288435489064,1.147702380212817,0.9641494958447594,0.18355288435489064,1.147702380212817,0.9641494958447594,0.18355288435489064,1.147702380212817,0.9641494958447594,0.19694376466827418,1.1024221678878618,0.9054784032195878,0.158387387825016,0.1612194413856564,-0.0412892913283506,0.4346808287785116,0.08028623701140636,0.1472209868034466,-0.1547027394449702,0.4346808287785116,-0.3740227722059937,13,0,0,0.0,0.0,10.0,4.6,4.0,-0.5999999999999996,1.25,0,0,0,0.0,0.0,1,0,0,0,0,0,0,0,0,0,0,0,0,0,0,0,0,0,0,0,0,0,0,0,-0.0
2017-02-14,0.982352785046438,1.0685305557955502,-0.08617777074911219,False,True,False,False,58.0619,61.7662,10.18,80.45,-0.19046988785110308,1.1024737343208666,1.29294362217197,0.18355288435489064,1.147702380212817,0.9641494958447594,0.18355288435489064,1.147702380212817,0.9641494958447594,0.4346808287785116,1.5010317916895224,1.0717165026728905,0.1357891524760006,0.19904856177142685,-0.19046988785110308,0.4346808287785116,0.07773144069668259,0.15185011049249014,-0.19046988785110308,0.4346808287785116,0.10429211710199089,14,0,0,0.0,0.0,10.0,4.6,4.0,-0.5999999999999996,1.25,0,0,0,0.0,0.0,1,0,0,0,0,0,0,0,0,0,0,0,0,0,0,0,0,0,1,0,0,0,0,0,-0.0
2017-02-15,1.0797501307895907,1.0455795814722522,0.034170549317338435,False,True,False,False,57.7388,61.2955,10.45,102.45,-0.08617777074911219,0.982352785046438,1.0685305557955502,-0.19046988785110308,1.1024737343208666,1.29294362217197,0.18355288435489064,1.147702380212817,0.9641494958447594,0.18355288435489064,1.147702380212817,0.9641494958447594,0.1293765125587489,0.20629536501116358,-0.19046988785110308,0.4346808287785116,0.0735044530838439,0.1557629736333808,-0.19046988785110308,0.4346808287785116,0.12034832006645063,15,0,0,0.0,0.0,10.0,4.6,4.0,-0.5999999999999996,1.25,0,0,0,0.0,0.0,1,0,0,0,0,0,0,0,0,0,0,0,0,0,0,0,0,0,0,1,0,0,0,0,0.0
2017-02-16,1.1274411676292124,0.8573460728820845,0.270095094760295,False,True,False,False,56.7719,60.0249,10.39,67.3,0.034170549317338435,1.0797501307895907,1.0455795814722522,-0.08617777074911219,0.982352785046438,1.0685305557955502,-0.19046988785110308,1.1024737343208666,1.29294362217197,0.18355288435489064,1.147702380212817,0.9641494958447594,0.10612319608004382,0.2065835144031005,-0.19046988785110308,0.4346808287785116,0.06928030344341078,0.15598631430361246,-0.19046988785110308,0.4346808287785116,0.23592454544295655,16,0,0,0.0,0.0,10.0,4.6,4.0,-0.5999999999999996,1.25,0,0,0,0.0,1.0,1,0,0,0,0,0,0,0,0,0,0,0,0,0,0,0,0,0,0,0,1,0,0,0,0.0
2017-02-17,1.002798216997122,0.9187118264698813,0.08408639051407372,False,True,False,False,57.1507,60.654,10.32,86.32,0.270095094760295,1.1274411676292124,0.8573460728820845,0.034170549317338435,1.0797501307895907,1.0455795814722522,-0.08617777074911219,0.982352785046438,1.0685305557955502,0.18355288435489064,1.147702380212817,0.9641494958447594,0.08261094836315573,0.16888229408984792,-0.19046988785110308,0.270095094760295,0.08262166407562764,0.1650058705123832,-0.19046988785110308,0.4346808287785116,-0.18600870424622123,17,0,0,0.0,0.0,10.0,4.6,4.0,-0.5999999999999996,1.25,0,0,0,0.0,0.0,1,0,0,0,0,0,0,0,0,0,0,0,0,0,0,0,0,0,0,0,0,1,0,0,0.0
2017-02-18,1.002798216997122,0.9187118264698813,0.08408639051407372,False,False,False,False,57.6342,61.4496,10.32,86.32,0.08408639051407372,1.002798216997122,0.9187118264698813,0.270095094760295,1.1274411676292124,0.8573460728820845,0.034170549317338435,1.0797501307895907,1.0455795814722522,-0.19046988785110308,1.1024737343208666,1.29294362217197,0.06840144924303902,0.1630577142064369,-0.19046988785110308,0.270095094760295,0.08814274918838869,0.16356022593311428,-0.19046988785110308,0.4346808287785116,0.0,18,0,0,0.0,0.0,10.0,4.6,4.0,-0.5999999999999996,1.25,0,0,0,0.0,0.0,1,0,0,0,0,0,0,0,0,0,0,0,0,0,0,0,0,0,0,0,0,0,1,0,0.08408639051407372
2017-02-19,1.002798216997122,0.9187118264698813,0.08408639051407372,False,False,False,False,57.6342,61.4496,10.32,86.32,0.08408639051407372,1.002798216997122,0.9187118264698813,0.08408639051407372,1.002798216997122,0.9187118264698813,0.270095094760295,1.1274411676292124,0.8573460728820845,-0.08617777074911219,0.982352785046438,1.0685305557955502,0.05419195012292233,0.15550975547695445,-0.19046988785110308,0.270095094760295,0.09366383430114976,0.16189905296924717,-0.19046988785110308,0.4346808287785116,0.0,19,0,0,0.0,0.0,10.0,4.6,4.0,-0.5999999999999996,1.25,0,0,0,0.0,0.0,1,0,0,0,0,0,0,0,0,0,0,0,0,0,0,0,0,0,0,0,0,0,0,1,0.08408639051407372
2017-02-20,1.119652580240115,1.1444110985216633,-0.02475851828154834,False,True,False,False,57.6342,61.4496,10.15,60.89,0.08408639051407372,1.002798216997122,0.9187118264698813,0.08408639051407372,1.002798216997122,0.9187118264698813,0.08408639051407372,1.002798216997122,0.9187118264698813,0.034170549317338435,1.0797501307895907,1.0455795814722522,0.03998245100280562,0.14597132223787046,-0.19046988785110308,0.270095094760295,0.0991849194139108,0.16001563935657204,-0.19046988785110308,0.4346808287785116,-0.10884490879562206,20,0,0,0.0,0.0,10.0,4.6,4.0,-0.5999999999999996,1.25,0,0,0,0.0,0.0,1,0,0,0,0,0,0,0,0,0,0,0,0,0,0,0,0,0,0,0,0,0,0,0,-0.0
2017-02-21,1.2875369255930598,1.1564679953704227,0.131068930222637,False,True,False,False,58.0967,61.6987,10.17,125.97,-0.02475851828154834,1.119652580240115,1.1444110985216633,0.08408639051407372,1.002798216997122,0.9187118264698813,0.08408639051407372,1.002798216997122,0.9187118264698813,0.270095094760295,1.1274411676292124,0.8573460728820845,0.06365550379845629,0.11180785610085317,-0.08617777074911219,0.270095094760295,0.09972232813722844,0.1595521089765467,-0.19046988785110308,0.4346808287785116,0.15582744850418534,21,0,0,0.0,0.0,10.0,4.6,4.0,-0.5999999999999996,1.25,0,0,0,0.0,0.0,1,0,0,0,0,0,0,0,0,0,0,0,0,0,0,0,0,0,1,0,0,0,0,0,0.0
2017-02-22,1.4351970639838416,1.4220301184427053,0.022755521392292838,False,True,False,False,57.859,61.209,10.08,175.63,0.131068930222637,1.2875369255930598,1.1564679953704227,-0.02475851828154834,1.119652580240115,1.1444110985216633,0.08408639051407372,1.002798216997122,0.9187118264698813,0.08408639051407372,1.002798216997122,0.9187118264698813,0.09469074679442047,0.09161353235292818,-0.02475851828154834,0.270095094760295,0.1120336296765847,0.15440101629421507,-0.19046988785110308,0.4346808287785116,-0.10831340883034415,22,0,0,0.0,0.0,10.0,4.6,4.0,-0.5999999999999996,1.25,0,0,0,0.0,0.0,1,0,0,0,0,0,0,0,0,0,0,0,0,0,0,0,0,0,0,1,0,0,0,0,0.0
2017-02-23,1.4351970639838416,1.4220301184427053,0.022755521392292838,True,False,False,False,57.4762,60.4535,10.08,175.63,0.022755521392292838,1.4351970639838416,1.4220301184427053,0.131068930222637,1.2875369255930598,1.1564679953704227,-0.02475851828154834,1.119652580240115,1.1444110985216633,0.08408639051407372,1.002798216997122,0.9187118264698813,0.09306002851941396,0.09296200255788108,-0.02475851828154834,0.270095094760295,0.09959161229972889,0.15405028057042713,-0.19046988785110308,0.4346808287785116,0.0,23,0,0,0.0,0.0,10.0,4.6,4.0,-0.5999999999999996,1.25,0,0,0,0.0,0.0,1,0,0,0,0,0,0,0,0,0,0,0,0,0,0,0,0,0,0,0,1,0,0,0,0.022755521392292838
2017-02-24,0.0582287574507276,0.0051352494037719,0.05309350805353918,True,True,False,False,57.4762,60.4535,10.08,175.63,0.022755521392292838,1.4351970639838416,1.4220301184427053,0.022755521392292838,1.4351970639838416,1.4220301184427053,0.131068930222637,1.2875369255930598,1.1564679953704227,0.08408639051407372,1.002798216997122,0.9187118264698813,0.0577258037525565,0.052778405435335046,-0.02475851828154834,0.131068930222637,0.07016837605785611,0.12089670813807436,-0.19046988785110308,0.270095094760295,0.03033798666124634,24,0,0,0.0,0.0,10.0,4.6,4.0,-0.5999999999999996,1.25,0,0,0,0.0,0.0,1,0,0,0,0,0,0,0,0,0,0,0,0,0,0,0,0,0,0,0,0,1,0,0,0.05309350805353918
2017-02-25,0.0582287574507276,0.0051352494037719,0.05309350805353918,False,False,False,False,57.4762,60.4535,10.08,175.63,0.05309350805353918,0.0582287574507276,0.0051352494037719,0.022755521392292838,1.4351970639838416,1.4220301184427053,0.022755521392292838,1.4351970639838416,1.4220301184427053,-0.02475851828154834,1.119652580240115,1.1444110985216633,0.05329824911533728,0.05148254628245763,-0.02475851828154834,0.131068930222637,0.060849849179188155,0.1164302358605496,-0.19046988785110308,0.270095094760295,0.0,25,0,0,0.0,0.0,10.0,4.6,4.0,-0.5999999999999996,1.25,1,0,0,0.0,0.0,1,0,0,0,0,0,0,0,0,0,0,0,0,0,0,0,0,0,0,0,0,0,1,0,0.05309350805353918
2017-02-26,0.0582287574507276,0.0051352494037719,0.05309350805353918,False,False,False,False,57.4762,60.4535,10.08,175.63,0.05309350805353918,0.0582287574507276,0.0051352494037719,0.05309350805353918,0.0582287574507276,0.0051352494037719,0.022755521392292838,1.4351970639838416,1.4220301184427053,0.131068930222637,1.2875369255930598,1.1564679953704227,0.04887069447811806,0.04969511213054932,-0.02475851828154834,0.131068930222637,0.051531322300520196,0.11094573672772548,-0.19046988785110308,0.270095094760295,0.0,26,0,0,0.0,0.0,10.0,4.6,4.0,-0.5999999999999996,1.25,1,0,0,0.0,0.0,1,0,0,0,0,0,0,0,0,0,0,0,0,0,0,0,0,0,0,0,0,0,0,1,0.05309350805353918
2017-02-27,1.7643707025122455,1.882873212382471,-0.11886215537581134,False,True,False,False,57.4762,60.4535,10.15,125.92,0.05309350805353918,0.0582287574507276,0.0051352494037719,0.05309350805353918,0.0582287574507276,0.0051352494037719,0.05309350805353918,0.0582287574507276,0.0051352494037719,0.022755521392292838,1.4351970639838416,1.4220301184427053,0.04444313984089885,0.04736047797609351,-0.02475851828154834,0.131068930222637,0.04221279542185223,0.10428271220660897,-0.19046988785110308,0.270095094760295,-0.1719556634293505,27,0,0,0.0,0.0,10.0,4.6,4.0,-0.5999999999999996,1.25,1,1,1,0.0,0.0,1,0,0,0,0,0,0,0,0,0,0,0,0,0,0,0,0,0,0,0,0,0,0,0,-0.0
2017-02-28,1.5010317916895224,1.711702920347701,-0.21112799001511892,False,True,False,True,57.9371,61.2569,10.0,161.18,-0.11886215537581134,1.7643707025122455,1.882873212382471,0.05309350805353918,0.0582287574507276,0.0051352494037719,0.05309350805353918,0.0582287574507276,0.0051352494037719,0.022755521392292838,1.4351970639838416,1.4220301184427053,0.030999763113146995,0.07535777836290383,-0.11886215537581134,0.131068930222637,0.04732763345580164,0.09315460250116114,-0.11886215537581134,0.270095094760295,-0.09226583463930758,28,0,1,0.0,0.0,10.0,4.6,4.0,-0.5999999999999996,1.25,1,0,1,0.0,0.0,1,0,0,0,0,0,0,0,0,0,0,0,0,0,0,0,0,0,1,0,0,0,0,0,-0.0
2017-03-01,0.9424913810469185,1.1401593375688304,-0.1976679565219119,False,True,True,False,57.9627,61.3883,9.99,190.19,-0.21112799001511892,1.5010317916895224,1.711702920347701,-0.11886215537581134,1.7643707025122455,1.882873212382471,0.05309350805353918,0.0582287574507276,0.0051352494037719,0.05309350805353918,0.0582287574507276,0.0051352494037719,-0.017885511206532426,0.10484622777393131,-0.21112799001511892,0.05309350805353918,0.038402617793944015,0.11117262158147245,-0.21112799001511892,0.270095094760295,0.013460033493207013,1,1,0,0.0,1.0,9.75,4.3,4.0,-0.2999999999999998,1.5,0,0,0,0.0,0.0,0,1,0,0,0,0,0,0,0,0,0,0,0,0,0,0,0,0,0,1,0,0,0,0,-0.0
2017-03-02,1.0302432793328802,0.8674934692546655,0.16274981007821462,False,True,False,False,58.3776,61.5417,9.85,169.34,-0.1976679565219119,0.9424913810469185,1.1401593375688304,-0.21112799001511892,1.5010317916895224,1.711702920347701,-0.11886215537581134,1.7643707025122455,1.882873212382471,0.05309350805353918,0.0582287574507276,0.0051352494037719,-0.049374579479990244,0.12226030497692464,-0.21112799001511892,0.05309350805353918,0.021842724519711847,0.12786524096200672,-0.21112799001511892,0.270095094760295,0.36041776660012653,2,0,0,1.0,0.0,9.75,4.3,4.0,-0.2999999999999998,1.5,0,0,0,0.0,0.0,0,1,0,0,0,0,0,0,0,0,0,0,0,0,0,0,0,0,0,0,1,0,0,0,0.0
2017-03-03,0.9810719145252401,0.9122794827942109,0.06879243173102925,False,True,False,False,58.4067,61.5198,9.74,134.97,0.16274981007821462,1.0302432793328802,0.8674934692546655,-0.1976679565219119,0.9424913810469185,1.1401593375688304,-0.21112799001511892,1.5010317916895224,1.711702920347701,0.05309350805353918,0.0582287574507276,0.0051352494037719,-0.029375395382001426,0.14530412168953452,-0.21112799001511892,0.16274981007821462,0.01417520418527754,0.1143362965718487,-0.21112799001511892,0.16274981007821462,-0.09395737834718537,3,0,0,0.0,0.0,9.75,4.3,4.0,-0.2999999999999998,1.5,0,0,0,0.0,0.0,0,1,0,0,0,0,0,0,0,0,0,0,0,0,0,0,0,0,0,0,0,1,0,0,0.0
2017-03-04,0.9810719145252401,0.9122794827942109,0.06879243173102925,False,False,False,False,58.9099,61.985,9.74,134.97,0.06879243173102925,0.9810719145252401,0.9122794827942109,0.16274981007821462,1.0302432793328802,0.8674934692546655,-0.1976679565219119,0.9424913810469185,1.1401593375688304,-0.11886215537581134,1.7643707025122455,1.882873212382471,-0.027132691999502835,0.14690150946399574,-0.21112799001511892,0.16274981007821462,0.013082778557917221,0.11368817452113378,-0.21112799001511892,0.16274981007821462,0.0,4,0,0,0.0,0.0,9.75,4.3,4.0,-0.2999999999999998,1.5,0,0,0,0.0,0.0,0,1,0,0,0,0,0,0,0,0,0,0,0,0,0,0,0,0,0,0,0,0,1,0,0.06879243173102925
2017-03-05,0.9810719145252401,0.9122794827942109,0.06879243173102925,False,False,False,False,58.9099,61.985,9.74,134.97,0.06879243173102925,0.9810719145252401,0.9122794827942109,0.06879243173102925,0.9810719145252401,0.9122794827942109,0.16274981007821462,1.0302432793328802,0.8674934692546655,-0.21112799001511892,1.5010317916895224,1.711702920347701,-0.02488998861700426,0.14844218799212522,-0.21112799001511892,0.16274981007821462,0.011990352930556902,0.1130249660543568,-0.21112799001511892,0.16274981007821462,0.0,5,0,0,0.0,0.0,9.75,4.3,4.0,-0.2999999999999998,1.5,0,0,0,0.0,0.0,0,1,0,0,0,0,0,0,0,0,0,0,0,0,0,0,0,0,0,0,0,0,0,1,0.06879243173102925
2017-03-06,1.0009637632255912,1.089702311078183,-0.08873854785259175,False,True,False,False,58.9099,61.985,9.68,160.8,0.06879243173102925,0.9810719145252401,0.9122794827942109,0.06879243173102925,0.9810719145252401,0.9122794827942109,0.06879243173102925,0.9810719145252401,0.9122794827942109,-0.1976679565219119,0.9424913810469185,1.1401593375688304,-0.022647285234505675,0.1499279055387425,-0.21112799001511892,0.16274981007821462,0.01089792730319658,0.11234640399535693,-0.21112799001511892,0.16274981007821462,-0.157530979583621,6,0,0,0.0,0.0,9.75,4.3,4.0,-0.2999999999999998,1.5,0,0,0,0.0,0.0,0,1,0,0,0,0,0,0,0,0,0,0,0,0,0,0,0,0,0,0,0,0,0,0,-0.0
2017-03-07,0.9395876075006451,0.8876461851668224,0.05194142233382271,False,True,False,False,58.337,61.8606,9.53,215.59,-0.08873854785259175,1.0009637632255912,1.089702311078183,0.06879243173102925,0.9810719145252401,0.9122794827942109,0.06879243173102925,0.9810719145252401,0.9122794827942109,0.16274981007821462,1.0302432793328802,0.8674934692546655,-0.018343912731188593,0.14711185189577858,-0.21112799001511892,0.16274981007821462,0.006327925190979196,0.11517409717413297,-0.21112799001511892,0.16274981007821462,0.14067997018641445,7,0,0,0.0,0.0,9.75,4.3,4.0,-0.2999999999999998,1.5,0,0,0,0.0,0.0,0,1,0,0,0,0,0,0,0,0,0,0,0,0,0,0,0,0,1,0,0,0,0,0,0.0
2017-03-08,0.9395876075006451,0.8876461851668224,0.05194142233382271,True,False,False,False,58.263,61.7063,9.53,215.59,0.05194142233382271,0.9395876075006451,0.8876461851668224,-0.08873854785259175,1.0009637632255912,1.089702311078183,0.06879243173102925,0.9810719145252401,0.9122794827942109,0.06879243173102925,0.9810719145252401,0.9122794827942109,0.019237431890088783,0.12092642903532635,-0.1976679565219119,0.16274981007821462,0.0006759603417781755,0.11042539823180862,-0.21112799001511892,0.16274981007821462,0.0,8,0,0,0.0,0.0,9.75,4.3,4.0,-0.2999999999999998,1.5,0,0,0,0.0,0.0,0,1,0,0,0,0,0,0,0,0,0,0,0,0,0,0,0,0,0,1,0,0,0,0,0.05194142233382271
2017-03-09,1.3561953907370246,1.0635391427698004,0.298185265101537,False,True,False,False,58.263,61.7063,9.94,80.77,0.05194142233382271,0.9395876075006451,0.8876461851668224,0.05194142233382271,0.9395876075006451,0.8876461851668224,-0.08873854785259175,1.0009637632255912,1.089702311078183,0.06879243173102925,0.9810719145252401,0.9122794827942109,0.05489591458376516,0.07400463857994687,-0.08873854785259175,0.16274981007821462,0.0027606675518874516,0.11114743776743083,-0.21112799001511892,0.16274981007821462,0.24624384276771427,9,0,0,0.0,0.0,9.75,4.3,4.0,-0.2999999999999998,1.5,0,0,0,0.0,1.0,0,1,0,0,0,0,0,0,0,0,0,0,0,0,0,0,0,0,0,0,1,0,0,0,0.0
2017-03-10,1.126412496190397,1.0095617742266925,0.11685072196370454,False,True,False,False,58.8318,61.9911,9.92,78.56,0.298185265101537,1.3561953907370246,1.0635391427698004,0.05194142233382271,0.9395876075006451,0.8876461851668224,0.05194142233382271,0.9395876075006451,0.8876461851668224,0.06879243173102925,0.9810719145252401,0.9122794827942109,0.07424383672995406,0.11386905480309246,-0.08873854785259175,0.298185265101537,0.02243422067397632,0.13645399476984907,-0.21112799001511892,0.298185265101537,-0.18133454313783243,10,0,0,0.0,0.0,9.75,4.3,4.0,-0.2999999999999998,1.5,0,0,0,0.0,0.0,0,1,0,0,0,0,0,0,0,0,0,0,0,0,0,0,0,0,0,0,0,1,0,0,0.0
2017-03-11,1.126412496190397,1.0095617742266925,0.11685072196370454,False,False,False,False,59.2174,62.7408,9.92,78.56,0.11685072196370454,1.126412496190397,1.0095617742266925,0.298185265101537,1.3561953907370246,1.0635391427698004,0.05194142233382271,0.9395876075006451,0.8876461851668224,-0.08873854785259175,1.0009637632255912,1.089702311078183,0.08110930676319339,0.11492943918764285,-0.08873854785259175,0.298185265101537,0.026988307381845274,0.13860295614707988,-0.21112799001511892,0.298185265101537,0.0,11,0,0,0.0,0.0,9.75,4.3,4.0,-0.2999999999999998,1.5,0,0,0,0.0,0.0,0,1,0,0,0,0,0,0,0,0,0,0,0,0,0,0,0,0,0,0,0,0,1,0,0.11685072196370454
2017-03-12,1.126412496190397,1.0095617742266925,0.11685072196370454,False,False,False,False,59.2174,62.7408,9.92,78.56,0.11685072196370454,1.126412496190397,1.0095617742266925,0.11685072196370454,1.126412496190397,1.0095617742266925,0.298185265101537,1.3561953907370246,1.0635391427698004,0.05194142233382271,0.9395876075006451,0.8876461851668224,0.08797477679643272,0.11550501904711963,-0.08873854785259175,0.298185265101537,0.031542394089714224,0.1405602934022361,-0.21112799001511892,0.298185265101537,0.0,12,0,0,0.0,0.0,9.75,4.3,4.0,-0.2999999999999998,1.5,0,0,0,0.0,0.0,0,1,0,0,0,0,0,0,0,0,0,0,0,0,0,0,0,0,0,0,0,0,0,1,0.11685072196370454
2017-03-13,1.2392066376686697,1.4088631729015693,-0.16365134166205517,False,True,False,False,59.2174,62.7408,9.91,95.6,0.11685072196370454,1.126412496190397,1.0095617742266925,0.11685072196370454,1.126412496190397,1.0095617742266925,0.11685072196370454,1.126412496190397,1.0095617742266925,0.05194142233382271,0.9395876075006451,0.8876461851668224,0.09484024682967206,0.11560303603719839,-0.08873854785259175,0.298185265101537,0.03609648079758319,0.1423339122433232,-0.21112799001511892,0.298185265101537,-0.2805020636257597,13,0,0,0.0,0.0,9.75,4.3,4.0,-0.2999999999999998,1.5,0,0,0,0.0,0.0,0,1,0,0,0,0,0,0,0,0,0,0,0,0,0,0,0,0,0,0,0,0,0,0,-0.0
2017-03-14,1.47469790060725,1.1213323624027178,0.35835827147991134,False,True,False,False,59.1327,63.2661,10.02,78.67,-0.16365134166205517,1.2392066376686697,1.4088631729015693,0.11685072196370454,1.126412496190397,1.0095617742266925,0.11685072196370454,1.126412496190397,1.0095617742266925,0.298185265101537,1.3561953907370246,1.0635391427698004,0.08413841914260585,0.13693027136660033,-0.16365134166205517,0.298185265101537,0.032897253205708625,0.14652644190894343,-0.21112799001511892,0.298185265101537,0.5220096131419665,14,0,0,0.0,0.0,9.75,4.3,4.0,-0.2999999999999998,1.5,0,0,0,0.0,1.0,0,1,0,0,0,0,0,0,0,0,0,0,0,0,0,0,0,0,1,0,0,0,0,0,0.0
2017-03-15,1.2574723947705782,1.2484538243002399,0.009018570472971646,False,True,False,False,58.954,62.7447,10.02,90.05,0.35835827147991134,1.47469790060725,1.1213323624027178,-0.16365134166205517,1.2392066376686697,1.4088631729015693,0.11685072196370454,1.126412496190397,1.0095617742266925,0.11685072196370454,1.126412496190397,1.0095617742266925,0.12791225473490422,0.16992460844658075,-0.16365134166205517,0.35835827147991134,0.0735748433124965,0.1524974659791963,-0.1976679565219119,0.35835827147991134,-0.3493397010069397,15,0,0,0.0,0.0,9.75,4.3,4.0,-0.2999999999999998,1.5,0,0,0,0.0,0.0,0,1,0,0,0,0,0,0,0,0,0,0,0,0,0,0,0,0,0,1,0,0,0,0,0.0
2017-03-16,1.0262417627898632,0.9844830493915376,0.04175871339832548,False,True,False,False,59.1128,62.8428,9.94,118.26,0.009018570472971646,1.2574723947705782,1.2484538243002399,0.35835827147991134,1.47469790060725,1.1213323624027178,-0.16365134166205517,1.2392066376686697,1.4088631729015693,0.11685072196370454,1.126412496190397,1.0095617742266925,0.12178041875478264,0.17385203489778112,-0.16365134166205517,0.35835827147991134,0.0883381666692739,0.13297329939051594,-0.16365134166205517,0.35835827147991134,0.032740142925353835,16,0,0,0.0,0.0,9.75,4.3,4.0,-0.2999999999999998,1.5,0,0,0,0.0,0.0,0,1,0,0,0,0,0,0,0,0,0,0,0,0,0,0,0,0,0,0,1,0,0,0,0.0
2017-03-17,1.0907661067399257,1.0308713149319388,0.059894791807986784,False,True,False,False,58.2437,62.4897,9.94,83.52,0.04175871339832548,1.0262417627898632,0.9844830493915376,0.009018570472971646,1.2574723947705782,1.2484538243002399,0.35835827147991134,1.47469790060725,1.1213323624027178,0.11685072196370454,1.126412496190397,1.0095617742266925,0.08514805422575243,0.15665166922465013,-0.16365134166205517,0.35835827147991134,0.07969594547785323,0.13169066304525867,-0.16365134166205517,0.35835827147991134,0.018136078409661305,17,0,0,0.0,0.0,9.75,4.3,4.0,-0.2999999999999998,1.5,0,0,0,0.0,0.0,0,1,0,0,0,0,0,0,0,0,0,0,0,0,0,0,0,0,0,0,0,1,0,0,0.0
2017-03-18,1.0907661067399257,1.0308713149319388,0.059894791807986784,False,False,False,False,57.9344,62.3722,9.94,83.52,0.059894791807986784,1.0907661067399257,1.0308713149319388,0.04175871339832548,1.0262417627898632,0.9844830493915376,0.009018570472971646,1.2574723947705782,1.2484538243002399,-0.16365134166205517,1.2392066376686697,1.4088631729015693,0.0770114927749356,0.15620910959381354,-0.16365134166205517,0.35835827147991134,0.07906039976906451,0.13176877876698584,-0.16365134166205517,0.35835827147991134,0.0,18,0,0,0.0,0.0,9.75,4.3,4.0,-0.2999999999999998,1.5,0,0,0,0.0,0.0,0,1,0,0,0,0,0,0,0,0,0,0,0,0,0,0,0,0,0,0,0,0,1,0,0.059894791807986784
2017-03-19,1.0907661067399257,1.0308713149319388,0.059894791807986784,False,False,False,False,57.9344,62.3722,9.94,83.52,0.059894791807986784,1.0907661067399257,1.0308713149319388,0.059894791807986784,1.0907661067399257,1.0308713149319388,0.04175871339832548,1.0262417627898632,0.9844830493915376,0.35835827147991134,1.47469790060725,1.1213323624027178,0.06887493132411879,0.1552686421252365,-0.16365134166205517,0.35835827147991134,0.07842485406027574,0.13184354896696934,-0.16365134166205517,0.35835827147991134,0.0,19,0,0,0.0,0.0,9.75,4.3,4.0,-0.2999999999999998,1.5,0,0,0,0.0,0.0,0,1,0,0,0,0,0,0,0,0,0,0,0,0,0,0,0,0,0,0,0,0,0,1,0.059894791807986784
2017-03-20,1.3166945541136161,1.4351970639838416,-0.11852767337785246,False,True,False,False,57.9344,62.3722,10.02,155.04,0.059894791807986784,1.0907661067399257,1.0308713149319388,0.059894791807986784,1.0907661067399257,1.0308713149319388,0.059894791807986784,1.0907661067399257,1.0308713149319388,0.009018570472971646,1.2574723947705782,1.2484538243002399,0.06073836987330196,0.15382113441538953,-0.16365134166205517,0.35835827147991134,0.07778930835148701,0.13191497933399454,-0.16365134166205517,0.35835827147991134,-0.17842246518583924,20,0,0,0.0,0.0,9.75,4.3,4.0,-0.2999999999999998,1.5,0,0,0,0.0,0.0,0,1,0,0,0,0,0,0,0,0,0,0,0,0,0,0,0,0,0,0,0,0,0,0,-0.0
2017-03-21,1.167639682907712,1.0765658477006557,0.09107383522022332,False,True,False,False,57.2847,61.6956,10.0,159.71,-0.11852767337785246,1.3166945541136161,1.4351970639838416,0.059894791807986784,1.0907661067399257,1.0308713149319388,0.059894791807986784,1.0907661067399257,1.0308713149319388,0.04175871339832548,1.0262417627898632,0.9844830493915376,0.06718460819961665,0.14344589110945308,-0.11852767337785246,0.35835827147991134,0.07566151367111125,0.1350116087104286,-0.16365134166205517,0.35835827147991134,0.20960150859807578,21,0,0,0.0,0.0,9.75,4.3,4.0,-0.2999999999999998,1.5,0,0,0,0.0,0.0,0,1,0,0,0,0,0,0,0,0,0,0,0,0,0,0,0,0,1,0,0,0,0,0,0.0
2017-03-22,1.1074993506207047,1.0837461450372363,0.023753205596635397,False,True,False,False,57.2323,61.7308,9.95,179.83,0.09107383522022332,1.167639682907712,1.0765658477006557,-0.11852767337785246,1.3166945541136161,1.4351970639838416,0.059894791807986784,1.0907661067399257,1.0308713149319388,0.059894791807986784,1.0907661067399257,1.0308713149319388,0.029001117305375485,0.06957380038322843,-0.11852767337785246,0.09107383522022332,0.07845668602013986,0.13488777768932603,-0.16365134166205517,0.35835827147991134,-0.06732062962358792,22,0,0,0.0,0.0,9.75,4.3,4.0,-0.2999999999999998,1.5,0,0,0,0.0,0.0,0,1,0,0,0,0,0,0,0,0,0,0,0,0,0,0,0,0,0,1,0,0,0,0,0.0
2017-03-23,1.111859819429625,1.0325245714137308,0.07933524801589417,False,True,False,False,57.636,62.2699,9.98,94.54,0.023753205596635397,1.1074993506207047,1.0837461450372363,0.09107383522022332,1.167639682907712,1.0765658477006557,-0.11852767337785246,1.3166945541136161,1.4351970639838416,0.059894791807986784,1.0907661067399257,1.0308713149319388,0.031106065180184595,0.06908968200715136,-0.11852767337785246,0.09107383522022332,0.07644324196748363,0.1355228960429511,-0.16365134166205517,0.35835827147991134,0.05558204241925878,23,0,0,0.0,0.0,9.75,4.3,4.0,-0.2999999999999998,1.5,0,0,0,0.0,0.0,0,1,0,0,0,0,0,0,0,0,0,0,0,0,0,0,0,0,0,0,1,0,0,0,0.0
2017-03-24,1.0974852936672381,1.114761417822829,-0.01727612415559073,False,True,False,False,57.5228,62.0959,9.74,124.3,0.07933524801589417,1.111859819429625,1.0325245714137308,0.023753205596635397,1.1074993506207047,1.0837461450372363,0.09107383522022332,1.167639682907712,1.0765658477006557,0.059894791807986784,1.0907661067399257,1.0308713149319388,0.03647414155412298,0.07147396544003694,-0.11852767337785246,0.09107383522022332,0.0608110978899377,0.11967316499251543,-0.16365134166205517,0.35835827147991134,-0.09661137217148491,24,0,0,0.0,0.0,9.75,4.3,4.0,-0.2999999999999998,1.5,0,0,0,0.0,0.0,0,1,0,0,0,0,0,0,0,0,0,0,0,0,0,0,0,0,0,0,0,1,0,0,-0.0
2017-03-25,1.0974852936672381,1.114761417822829,-0.01727612415559073,False,False,False,False,57.4247,61.8636,9.74,124.3,-0.01727612415559073,1.0974852936672381,1.114761417822829,0.07933524801589417,1.111859819429625,1.0325245714137308,0.023753205596635397,1.1074993506207047,1.0837461450372363,-0.11852767337785246,1.3166945541136161,1.4351970639838416,0.025449724987897614,0.07319035261507367,-0.11852767337785246,0.09107383522022332,0.05123060888141661,0.12020938061972108,-0.16365134166205517,0.35835827147991134,0.0,25,0,0,0.0,0.0,9.75,4.3,4.0,-0.2999999999999998,1.5,1,0,0,0.0,0.0,0,1,0,0,0,0,0,0,0,0,0,0,0,0,0,0,0,0,0,0,0,0,1,0,-0.01727612415559073
2017-03-26,1.0974852936672381,1.114761417822829,-0.01727612415559073,False,False,False,False,57.4247,61.8636,9.74,124.3,-0.01727612415559073,1.0974852936672381,1.114761417822829,-0.01727612415559073,1.0974852936672381,1.114761417822829,0.07933524801589417,1.111859819429625,1.0325245714137308,0.09107383522022332,1.167639682907712,1.0765658477006557,0.01442530842167226,0.0729488833909574,-0.11852767337785246,0.09107383522022332,0.04165011987289551,0.11992177255071763,-0.16365134166205517,0.35835827147991134,0.0,26,0,0,0.0,0.0,9.75,4.3,4.0,-0.2999999999999998,1.5,1,0,0,0.0,0.0,0,1,0,0,0,0,0,0,0,0,0,0,0,0,0,0,0,0,0,0,0,0,0,1,-0.01727612415559073
2017-03-27,2.8440602368854107,1.487864846148386,1.3430284451958885,False,True,False,False,57.4247,61.8636,9.77,138.37,-0.01727612415559073,1.0974852936672381,1.114761417822829,-0.01727612415559073,1.0974852936672381,1.114761417822829,-0.01727612415559073,1.0974852936672381,1.114761417822829,0.023753205596635397,1.1074993506207047,1.0837461450372363,0.003400891855446899,0.07072950835351273,-0.11852767337785246,0.09107383522022332,0.03206963086437443,0.11880435786415014,-0.16365134166205517,0.35835827147991134,1.3603045693514793,27,0,0,0.0,0.0,9.75,4.3,4.0,-0.2999999999999998,1.5,1,1,1,0.0,1.0,0,1,0,0,0,0,0,0,0,0,0,0,0,0,0,0,0,0,0,0,0,0,0,0,0.0
2017-03-28,1.3430284451958885,2.5938882716038236,-1.2440184535440715,False,True,False,False,57.0233,61.9615,9.8,76.82,1.3430284451958885,2.8440602368854107,1.487864846148386,-0.01727612415559073,1.0974852936672381,1.114761417822829,-0.01727612415559073,1.0974852936672381,1.114761417822829,0.07933524801589417,1.111859819429625,1.0325245714137308,0.21219462308026701,0.5007640214993399,-0.01727612415559073,1.3430284451958885,0.13968961563994184,0.36179527135587863,-0.11852767337785246,1.3430284451958885,-2.5870468987399597,28,0,0,0.0,0.0,9.75,4.3,4.0,-0.2999999999999998,1.5,1,0,1,1.0,0.0,0,1,0,0,0,0,0,0,0,0,0,0,0,0,0,0,0,0,1,0,0,0,0,0,-0.0
2017-03-29,1.4351970639838416,1.0986140019623232,0.33127144967081507,False,True,False,False,56.9364,61.8102,10.0,77.05,-1.2440184535440715,1.3430284451958885,2.5938882716038236,1.3430284451958885,2.8440602368854107,1.487864846148386,-0.01727612415559073,1.0974852936672381,1.114761417822829,-0.01727612415559073,1.0974852936672381,1.114761417822829,0.02146715325679633,0.7478675391217563,-1.2440184535440715,1.3430284451958885,0.025234135281085916,0.5102847531436044,-1.2440184535440715,1.3430284451958885,1.5752899032148866,29,0,0,0.0,0.0,9.75,4.3,4.0,-0.2999999999999998,1.5,1,0,1,0.0,1.0,0,1,0,0,0,0,0,0,0,0,0,0,0,0,0,0,0,0,0,1,0,0,0,0,0.0
2017-03-30,1.4351970639838416,1.47469790060725,-0.039910246099323164,False,True,False,False,57.0241,61.5347,10.03,115.36,0.33127144967081507,1.4351970639838416,1.0986140019623232,-1.2440184535440715,1.3430284451958885,2.5938882716038236,1.3430284451958885,2.8440602368854107,1.487864846148386,-0.01727612415559073,1.0974852936672381,1.114761417822829,0.06539833098167915,0.7570005475382662,-1.2440184535440715,1.3430284451958885,0.048252198080931875,0.5167245313605251,-1.2440184535440715,1.3430284451958885,-0.3711816957701382,30,0,0,0.0,0.0,9.75,4.3,4.0,-0.2999999999999998,1.5,1,0,1,0.0,0.0,0,1,0,0,0,0,0,0,0,0,0,0,0,0,0,0,0,0,0,0,1,0,0,0,-0.0
2017-03-31,1.47469790060725,1.5141987372306585,-0.03282626208581492,False,True,False,True,56.3779,60.595,9.82,137.84,-0.039910246099323164,1.4351970639838416,1.47469790060725,0.33127144967081507,1.4351970639838416,1.0986140019623232,-1.2440184535440715,1.3430284451958885,2.5938882716038236,-0.01727612415559073,1.0974852936672381,1.114761417822829,0.04836326039379096,0.7579757336903202,-1.2440184535440715,1.3430284451958885,0.04241870097395697,0.5172641917306832,-1.2440184535440715,1.3430284451958885,0.007083984013508245,31,0,1,0.0,0.0,9.75,4.3,4.0,-0.2999999999999998,1.5,1,0,1,0.0,0.0,0,1,0,0,0,0,0,0,0,0,0,0,0,0,0,0,0,0,0,0,0,1,0,0,-0.0
2017-04-01,1.47469790060725,1.5141987372306585,-0.03282626208581492,False,False,False,False,55.9606,59.8107,9.82,137.84,-0.03282626208581492,1.47469790060725,1.5141987372306585,-0.039910246099323164,1.4351970639838416,1.47469790060725,0.33127144967081507,1.4351970639838416,1.0986140019623232,1.3430284451958885,2.8440602368854107,1.487864846148386,0.04614181211804465,0.7582229161125844,-1.2440184535440715,1.3430284451958885,0.03579576855297114,0.5176166890402919,-1.2440184535440715,1.3430284451958885,0.0,1,1,0,0.0,1.0,9.75,4.1,4.0,-0.09999999999999964,1.5,0,0,0,0.0,0.0,0,0,1,0,0,0,0,0,0,0,0,1,0,0,0,0,0,0,0,0,0,0,1,0,-0.03282626208581492
2017-04-02,1.47469790060725,1.5141987372306585,-0.03282626208581492,False,False,False,False,55.9606,59.8107,9.82,137.84,-0.03282626208581492,1.47469790060725,1.5141987372306585,-0.03282626208581492,1.47469790060725,1.5141987372306585,-0.039910246099323164,1.4351970639838416,1.47469790060725,-1.2440184535440715,1.3430284451958885,2.5938882716038236,0.04392036384229834,0.7584624272593419,-1.2440184535440715,1.3430284451958885,0.029172836131985302,0.517877741210937,-1.2440184535440715,1.3430284451958885,0.0,2,0,0,1.0,0.0,9.75,4.1,4.0,-0.09999999999999964,1.5,0,0,0,0.0,0.0,0,0,1,0,0,0,0,0,0,0,0,1,0,0,0,0,0,0,0,0,0,0,0,1,-0.03282626208581492
2017-04-03,1.2119833307386667,1.2702118776367681,-0.05822854689810145,False,True,True,False,55.9606,59.8107,9.88,135.64,-0.03282626208581492,1.47469790060725,1.5141987372306585,-0.03282626208581492,1.47469790060725,1.5141987372306585,-0.03282626208581492,1.47469790060725,1.5141987372306585,0.33127144967081507,1.4351970639838416,1.0986140019623232,0.04169891556655203,0.7586942743957954,-1.2440184535440715,1.3430284451958885,0.022549903710999467,0.5180474864845122,-1.2440184535440715,1.3430284451958885,-0.025402284812286534,3,0,0,0.0,0.0,9.75,4.1,4.0,-0.09999999999999964,1.5,0,0,0,0.0,0.0,0,0,1,0,0,0,0,0,0,0,0,1,0,0,0,0,0,0,0,0,0,0,0,0,-0.0
2017-04-04,1.1542492107564735,1.3693623362781608,-0.20996424738784375,False,True,False,False,56.1396,59.8953,9.71,126.08,-0.05822854689810145,1.2119833307386667,1.2702118776367681,-0.03282626208581492,1.47469790060725,1.5141987372306585,-0.03282626208581492,1.47469790060725,1.5141987372306585,-0.039910246099323164,1.4351970639838416,1.47469790060725,-0.1584806547325894,0.4982847148834769,-1.2440184535440715,0.33127144967081507,0.026856984173838826,0.5170340071707773,-1.2440184535440715,1.3430284451958885,-0.1517357004897423,4,0,0,0.0,0.0,9.75,4.1,4.0,-0.09999999999999964,1.5,0,0,0,0.0,0.0,0,0,1,0,0,0,0,0,0,0,0,1,0,0,0,0,0,0,1,0,0,0,0,0,-0.0
2017-04-05,1.0582995282253362,1.0162294827288643,0.042070045496472,False,True,False,False,56.5553,60.2427,9.35,109.26,-0.20996424738784375,1.1542492107564735,1.3693623362781608,-0.05822854689810145,1.2119833307386667,1.2702118776367681,-0.03282626208581492,1.47469790060725,1.5141987372306585,-0.03282626208581492,1.47469790060725,1.5141987372306585,-0.010758625281699732,0.16392661177471834,-0.20996424738784375,0.33127144967081507,0.005354263987548319,0.5204067561147403,-1.2440184535440715,1.3430284451958885,0.2520342928843158,5,0,0,0.0,0.0,9.75,4.1,4.0,-0.09999999999999964,1.5,0,0,0,0.0,0.0,0,0,1,0,0,0,0,0,0,0,0,1,0,0,0,0,0,0,0,1,0,0,0,0,0.0
2017-04-06,1.1500329964748484,0.8957587933893124,0.254274203085536,False,True,False,False,55.894,59.6948,9.29,158.9,0.042070045496472,1.0582995282253362,1.0162294827288643,-0.20996424738784375,1.1542492107564735,1.3693623362781608,-0.05822854689810145,1.2119833307386667,1.2702118776367681,-0.03282626208581492,1.47469790060725,1.5141987372306585,-0.05207311159232016,0.07647406218017953,-0.20996424738784375,0.042070045496472,0.006662609694679504,0.5204795906978408,-1.2440184535440715,1.3430284451958885,0.212204157589064,6,0,0,0.0,0.0,9.75,4.1,4.0,-0.09999999999999964,1.5,0,0,0,0.0,1.0,0,0,1,0,0,0,0,0,0,0,0,1,0,0,0,0,0,0,0,0,1,0,0,0,0.0
2017-04-07,1.008497744733164,0.9737377965330882,0.034759948200075774,False,True,False,False,56.4369,60.0827,9.3,114.41,0.254274203085536,1.1500329964748484,0.8957587933893124,0.042070045496472,1.0582995282253362,1.0162294827288643,-0.20996424738784375,1.1542492107564735,1.3693623362781608,-0.03282626208581492,1.47469790060725,1.5141987372306585,-0.010046761708768868,0.13929999787007524,-0.20996424738784375,0.254274203085536,0.019158249342511063,0.5244433877937027,-1.2440184535440715,1.3430284451958885,-0.21951425488546022,7,0,0,0.0,0.0,9.75,4.1,4.0,-0.09999999999999964,1.5,0,0,0,0.0,0.0,0,0,1,0,0,0,0,0,0,0,0,1,0,0,0,0,0,0,0,0,0,1,0,0,0.0
2017-04-08,1.008497744733164,0.9737377965330882,0.034759948200075774,False,False,False,False,56.9201,60.5687,9.3,114.41,0.034759948200075774,1.008497744733164,0.9737377965330882,0.254274203085536,1.1500329964748484,0.8957587933893124,0.042070045496472,1.0582995282253362,1.0162294827288643,-0.05822854689810145,1.2119833307386667,1.2702118776367681,-0.00039158881078448047,0.13979932970107278,-0.20996424738784375,0.254274203085536,0.022875111653630098,0.5243496931750395,-1.2440184535440715,1.3430284451958885,0.0,8,0,0,0.0,0.0,9.75,4.1,4.0,-0.09999999999999964,1.5,0,0,0,0.0,0.0,0,0,1,0,0,0,0,0,0,0,0,1,0,0,0,0,0,0,0,0,0,0,1,0,0.034759948200075774
2017-04-09,1.008497744733164,0.9737377965330882,0.034759948200075774,False,False,False,False,56.9201,60.5687,9.3,114.41,0.034759948200075774,1.008497744733164,0.9737377965330882,0.034759948200075774,1.008497744733164,0.9737377965330882,0.254274203085536,1.1500329964748484,0.8957587933893124,-0.20996424738784375,1.1542492107564735,1.3693623362781608,0.009263584087199905,0.13951952162520342,-0.20996424738784375,0.254274203085536,0.026591973964749136,0.5242276022296206,-1.2440184535440715,1.3430284451958885,0.0,9,0,0,0.0,0.0,9.75,4.1,4.0,-0.09999999999999964,1.5,0,0,0,0.0,0.0,0,0,1,0,0,0,0,0,0,0,0,1,0,0,0,0,0,0,0,0,0,0,0,1,0.034759948200075774
2017-04-10,1.2553399414471162,1.1660587667439137,0.08928117470320256,False,True,False,False,56.9201,60.5687,9.38,125.61,0.034759948200075774,1.008497744733164,0.9737377965330882,0.034759948200075774,1.008497744733164,0.9737377965330882,0.034759948200075774,1.008497744733164,0.9737377965330882,0.042070045496472,1.0582995282253362,1.0162294827288643,0.018918756985184287,0.13845584998681718,-0.20996424738784375,0.254274203085536,0.03030883627586817,0.5240770951115054,-1.2440184535440715,1.3430284451958885,0.05452122650312678,10,0,0,0.0,0.0,9.75,4.1,4.0,-0.09999999999999964,1.5,0,0,0,0.0,0.0,0,0,1,0,0,0,0,0,0,0,0,1,0,0,0,0,0,0,0,0,0,0,0,0,0.0
2017-04-11,1.072781824739129,0.9481474275391992,0.12463439719992984,False,True,False,False,57.3896,60.7469,9.23,100.97,0.08928117470320256,1.2553399414471162,1.1660587667439137,0.034759948200075774,1.008497744733164,0.9737377965330882,0.034759948200075774,1.008497744733164,0.9737377965330882,0.254274203085536,1.1500329964748484,0.8957587933893124,0.039991574356799155,0.1359600751938199,-0.20996424738784375,0.254274203085536,-0.05924454018789511,0.3656928182145701,-1.2440184535440715,0.33127144967081507,0.03535322249672729,11,0,0,0.0,0.0,9.75,4.1,4.0,-0.09999999999999964,1.5,0,0,0,0.0,0.0,0,0,1,0,0,0,0,0,0,0,0,1,0,0,0,0,0,0,1,0,0,0,0,0,0.0
2017-04-12,0.9860917242415954,0.9854906956410419,0.000601028594891709,False,True,False,False,56.9552,60.3042,9.57,186.03,0.12463439719992984,1.072781824739129,0.9481474275391992,0.08928117470320256,1.2553399414471162,1.1660587667439137,0.034759948200075774,1.008497744733164,0.9737377965330882,0.034759948200075774,1.008497744733164,0.9737377965330882,0.08779138072648109,0.08124407310917649,0.034759948200075774,0.254274203085536,0.0385163777223907,0.1344011113949568,-0.20996424738784375,0.33127144967081507,-0.12403336860503814,12,0,0,0.0,0.0,9.75,4.1,4.0,-0.09999999999999964,1.5,0,0,0,0.0,0.0,0,0,1,0,0,0,0,0,0,0,0,1,0,0,0,0,0,0,0,1,0,0,0,0,0.0
2017-04-13,1.0850963839914833,0.9279488533414355,0.15714753063688083,False,True,False,False,56.7556,60.2631,9.54,157.1,0.000601028594891709,0.9860917242415954,0.9854906956410419,0.12463439719992984,1.072781824739129,0.9481474275391992,0.08928117470320256,1.2553399414471162,1.1660587667439137,0.034759948200075774,1.008497744733164,0.9737377965330882,0.08186723545482677,0.08647701527133603,0.000601028594891709,0.254274203085536,0.014897061931253322,0.10478894397213823,-0.20996424738784375,0.254274203085536,0.1565465020419891,13,0,0,0.0,0.0,9.75,4.1,4.0,-0.09999999999999964,1.5,0,0,0,0.0,0.0,0,0,1,0,0,0,0,0,0,0,0,1,0,0,0,0,0,0,0,0,1,0,0,0,0.0
2017-04-14,1.1055410982382996,1.1205787886681084,-0.015037690429808726,False,True,False,False,56.6019,60.2867,9.62,157.77,0.15714753063688083,1.0850963839914833,0.9279488533414355,0.000601028594891709,0.9860917242415954,0.9854906956410419,0.12463439719992984,1.072781824739129,0.9481474275391992,0.034759948200075774,1.008497744733164,0.9737377965330882,0.06799199653359031,0.05695751280657115,0.000601028594891709,0.15714753063688083,0.02897261741241075,0.10996749634754502,-0.20996424738784375,0.254274203085536,-0.17218522106668957,14,0,0,0.0,0.0,9.75,4.1,4.0,-0.09999999999999964,1.5,0,0,0,0.0,0.0,0,0,1,0,0,0,0,0,0,0,0,1,0,0,0,0,0,0,0,0,0,1,0,0,-0.0
2017-04-15,1.1055410982382996,1.1205787886681084,-0.015037690429808726,False,False,False,False,56.2945,59.7791,9.62,157.77,-0.015037690429808726,1.1055410982382996,1.1205787886681084,0.15714753063688083,1.0850963839914833,0.9279488533414355,0.000601028594891709,0.9860917242415954,0.9854906956410419,0.08928117470320256,1.2553399414471162,1.1660587667439137,0.060878048157892516,0.06442081915165138,-0.015037690429808726,0.15714753063688083,0.03024322967355405,0.10929925631395654,-0.20996424738784375,0.254274203085536,0.0,15,0,0,0.0,0.0,9.75,4.1,4.0,-0.09999999999999964,1.5,0,0,0,0.0,0.0,0,0,1,0,0,0,0,0,0,0,0,1,0,0,0,0,0,0,0,0,0,0,1,0,-0.015037690429808726
2017-04-16,1.1055410982382996,1.1205787886681084,-0.015037690429808726,False,False,False,False,56.2945,59.7791,9.62,157.77,-0.015037690429808726,1.1055410982382996,1.1205787886681084,-0.015037690429808726,1.1055410982382996,1.1205787886681084,0.15714753063688083,1.0850963839914833,0.9279488533414355,0.12463439719992984,1.072781824739129,0.9481474275391992,0.05376409978219473,0.07026976356689467,-0.015037690429808726,0.15714753063688083,0.03151384193469735,0.10861089871560889,-0.20996424738784375,0.254274203085536,0.0,16,0,0,0.0,0.0,9.75,4.1,4.0,-0.09999999999999964,1.5,0,0,0,0.0,0.0,0,0,1,0,0,0,0,0,0,0,0,1,0,0,0,0,0,0,0,0,0,0,0,1,-0.015037690429808726
2017-04-17,1.0336962493509083,1.1821763927983078,-0.14848014343423252,False,True,False,False,56.2945,59.7791,9.61,147.21,-0.015037690429808726,1.1055410982382996,1.1205787886681084,-0.015037690429808726,1.1055410982382996,1.1205787886681084,-0.015037690429808726,1.1055410982382996,1.1205787886681084,0.000601028594891709,0.9860917242415954,0.9854906956410419,0.046650151406496955,0.07488358605090459,-0.015037690429808726,0.15714753063688083,0.032784454195840654,0.10790203853510912,-0.20996424738784375,0.254274203085536,-0.13344245300442378,17,0,0,0.0,0.0,9.75,4.1,4.0,-0.09999999999999964,1.5,0,0,0,0.0,0.0,0,0,1,0,0,0,0,0,0,0,0,1,0,0,0,0,0,0,0,0,0,0,0,0,-0.0
2017-04-18,0.885176027775325,0.9558394099837145,-0.0706633822083895,False,True,False,False,56.2505,59.8393,9.57,124.19,-0.14848014343423252,1.0336962493509083,1.1821763927983078,-0.015037690429808726,1.1055410982382996,1.1205787886681084,-0.015037690429808726,1.1055410982382996,1.1205787886681084,0.15714753063688083,1.0850963839914833,0.9279488533414355,0.012684248815434793,0.10151187024562404,-0.14848014343423252,0.15714753063688083,0.026337911586117004,0.11613941429414078,-0.20996424738784375,0.254274203085536,0.07781676122584302,18,0,0,0.0,0.0,9.75,4.1,4.0,-0.09999999999999964,1.5,0,0,0,0.0,0.0,0,0,1,0,0,0,0,0,0,0,0,1,0,0,0,0,0,0,1,0,0,0,0,0,-0.0
2017-04-19,1.0413671509626006,0.9313233992806169,0.11004375168198356,False,True,False,False,55.9793,59.6124,9.58,118.24,-0.0706633822083895,0.885176027775325,0.9558394099837145,-0.14848014343423252,1.0336962493509083,1.1821763927983078,-0.015037690429808726,1.1055410982382996,1.1205787886681084,-0.015037690429808726,1.1055410982382996,1.1205787886681084,-0.015215433957182254,0.09200833711035004,-0.14848014343423252,0.15714753063688083,0.036287973384649445,0.09904669241887402,-0.14848014343423252,0.254274203085536,0.18070713389037307,19,0,0,0.0,0.0,9.75,4.1,4.0,-0.09999999999999964,1.5,0,0,0,0.0,0.0,0,0,1,0,0,0,0,0,0,0,0,1,0,0,0,0,0,0,0,1,0,0,0,0,0.0
2017-04-20,1.167651615899785,1.042982887232385,0.1246687286673999,False,True,False,False,56.1753,60.2649,9.61,122.44,0.11004375168198356,1.0413671509626006,0.9313233992806169,-0.0706633822083895,0.885176027775325,0.9558394099837145,-0.14848014343423252,1.0336962493509083,1.1821763927983078,-0.015037690429808726,1.1055410982382996,1.1205787886681084,0.0004192407695451531,0.1036997318459429,-0.14848014343423252,0.15714753063688083,0.04114323811218599,0.10099873067170552,-0.14848014343423252,0.254274203085536,0.014624976985416344,20,0,0,0.0,0.0,9.75,4.1,4.0,-0.09999999999999964,1.5,0,0,0,0.0,0.0,0,0,1,0,0,0,0,0,0,0,0,1,0,0,0,0,0,0,0,0,1,0,0,0,0.0
2017-04-21,0.9113010897451196,0.9984635816958527,-0.0871624919507331,False,True,False,False,56.4165,60.6139,9.55,105.72,0.1246687286673999,1.167651615899785,1.042982887232385,0.11004375168198356,1.0413671509626006,0.9313233992806169,-0.0706633822083895,0.885176027775325,0.9558394099837145,-0.015037690429808726,1.1055410982382996,1.1205787886681084,-0.004220588083237837,0.09595596961209216,-0.14848014343423252,0.1246687286673999,0.03188570422517627,0.08456292105949825,-0.14848014343423252,0.15714753063688083,-0.211831220618133,21,0,0,0.0,0.0,9.75,4.1,4.0,-0.09999999999999964,1.5,0,0,0,0.0,0.0,0,0,1,0,0,0,0,0,0,0,0,1,0,0,0,0,0,0,0,0,0,1,0,0,-0.0
2017-04-22,0.9113010897451196,0.9984635816958527,-0.0871624919507331,False,False,False,False,56.2307,60.3187,9.55,105.72,-0.0871624919507331,0.9113010897451196,0.9984635816958527,0.1246687286673999,1.167651615899785,1.042982887232385,0.11004375168198356,1.0413671509626006,0.9313233992806169,-0.14848014343423252,1.0336962493509083,1.1821763927983078,-0.014524131157655605,0.10104825360519966,-0.14848014343423252,0.1246687286673999,0.02317695850011849,0.09032588829018925,-0.14848014343423252,0.15714753063688083,0.0,22,0,0,0.0,0.0,9.75,4.1,4.0,-0.09999999999999964,1.5,0,0,0,0.0,0.0,0,0,1,0,0,0,0,0,0,0,0,1,0,0,0,0,0,0,0,0,0,0,1,0,-0.0871624919507331
2017-04-23,0.9113010897451196,0.9984635816958527,-0.0871624919507331,False,False,False,False,56.2307,60.3187,9.55,105.72,-0.0871624919507331,0.9113010897451196,0.9984635816958527,-0.0871624919507331,0.9113010897451196,0.9984635816958527,0.1246687286673999,1.167651615899785,1.042982887232385,-0.0706633822083895,0.885176027775325,0.9558394099837145,-0.024827674232073375,0.10471980396621826,-0.14848014343423252,0.1246687286673999,0.01446821277506071,0.0948856787387641,-0.14848014343423252,0.15714753063688083,0.0,23,0,0,0.0,0.0,9.75,4.1,4.0,-0.09999999999999964,1.5,0,0,0,0.0,0.0,0,0,1,0,0,0,0,0,0,0,0,1,0,0,0,0,0,0,0,0,0,0,0,1,-0.0871624919507331
2017-04-24,1.1196052210938867,1.250073971944457,-0.13046875085057005,False,True,False,False,56.2307,60.3187,9.52,139.91,-0.0871624919507331,0.9113010897451196,0.9984635816958527,-0.0871624919507331,0.9113010897451196,0.9984635816958527,-0.0871624919507331,0.9113010897451196,0.9984635816958527,0.11004375168198356,1.0413671509626006,0.9313233992806169,-0.03513121730649114,0.10711681223031264,-0.14848014343423252,0.1246687286673999,0.005759467050002934,0.09840968154113468,-0.14848014343423252,0.15714753063688083,-0.043306258899836955,24,0,0,0.0,0.0,9.75,4.1,4.0,-0.09999999999999964,1.5,0,0,0,0.0,0.0,0,0,1,0,0,0,0,0,0,0,0,1,0,0,0,0,0,0,0,0,0,0,0,0,-0.0
2017-04-25,1.2227792698593123,1.4088631729015693,-0.18768458089527243,False,True,False,False,56.0794,60.8461,9.77,132.4,-0.13046875085057005,1.1196052210938867,1.250073971944457,-0.0871624919507331,0.9113010897451196,0.9984635816958527,-0.0871624919507331,0.9113010897451196,0.9984635816958527,0.1246687286673999,1.167651615899785,1.042982887232385,-0.03255816122311079,0.10411451283643008,-0.13046875085057005,0.1246687286673999,-0.009936956203837968,0.10153855438090251,-0.14848014343423252,0.15714753063688083,-0.057215830044702376,25,0,0,0.0,0.0,9.75,4.1,4.0,-0.09999999999999964,1.5,1,1,1,0.0,0.0,0,0,1,0,0,0,0,0,0,0,0,1,0,0,0,0,0,0,1,0,0,0,0,0,-0.0
2017-04-26,1.3006290660561657,1.3561953907370246,-0.050824213048285306,False,True,False,False,55.8453,60.7932,9.61,92.64,-0.18768458089527243,1.2227792698593123,1.4088631729015693,-0.13046875085057005,1.1196052210938867,1.250073971944457,-0.0871624919507331,0.9113010897451196,0.9984635816958527,-0.0871624919507331,0.9113010897451196,0.9984635816958527,-0.04927547532123692,0.1195093502467358,-0.18768458089527243,0.1246687286673999,-0.03224545463920956,0.10397796209821691,-0.18768458089527243,0.15714753063688083,0.13686036784698713,26,0,0,0.0,0.0,9.75,4.1,4.0,-0.09999999999999964,1.5,1,0,1,0.0,0.0,0,0,1,0,0,0,0,0,0,0,0,1,0,0,0,0,0,0,0,1,0,0,0,0,-0.0
2017-04-27,1.5010317916895224,1.47469790060725,0.016802850898881474,False,True,False,False,56.3131,61.5052,9.59,128.89,-0.050824213048285306,1.3006290660561657,1.3561953907370246,-0.18768458089527243,1.2227792698593123,1.4088631729015693,-0.13046875085057005,1.1196052210938867,1.250073971944457,-0.0871624919507331,0.9113010897451196,0.9984635816958527,-0.07225661313984676,0.0971405874715951,-0.18768458089527243,0.1246687286673999,-0.035918686185150775,0.10363612297567884,-0.18768458089527243,0.15714753063688083,0.06762706394716678,27,0,0,0.0,0.0,9.75,4.1,4.0,-0.09999999999999964,1.5,1,0,1,0.0,0.0,0,0,1,0,0,0,0,0,0,0,0,1,0,0,0,0,0,0,0,0,1,0,0,0,0.0
2017-04-28,1.5010317916895224,1.9355409945470157,-0.4322620672817404,False,True,False,True,56.9707,62.1664,9.71,92.13,0.016802850898881474,1.5010317916895224,1.47469790060725,-0.050824213048285306,1.3006290660561657,1.3561953907370246,-0.18768458089527243,1.2227792698593123,1.4088631729015693,-0.0871624919507331,0.9113010897451196,0.9984635816958527,-0.0876660242496351,0.06338718408804604,-0.18768458089527243,0.016802850898881474,-0.04594330616643644,0.08932391019566112,-0.18768458089527243,0.1246687286673999,-0.44906491818062183,28,0,0,0.0,0.0,9.75,4.1,4.0,-0.09999999999999964,1.5,1,0,1,0.0,0.0,0,0,1,0,0,0,0,0,0,0,0,1,0,0,0,0,0,0,0,0,0,1,0,0,-0.0
2017-04-29,1.5010317916895224,1.9355409945470157,-0.4322620672817404,False,False,False,False,56.9838,62.044,9.71,92.13,-0.4322620672817404,1.5010317916895224,1.9355409945470157,0.016802850898881474,1.5010317916895224,1.47469790060725,-0.050824213048285306,1.3006290660561657,1.3561953907370246,-0.13046875085057005,1.1196052210938867,1.250073971944457,-0.13696596358263616,0.14482196071994538,-0.4322620672817404,0.016802850898881474,-0.07574504737014585,0.13575342673876833,-0.4322620672817404,0.1246687286673999,0.0,29,0,0,0.0,0.0,9.75,4.1,4.0,-0.09999999999999964,1.5,1,0,0,0.0,0.0,0,0,1,0,0,0,0,0,0,0,0,1,0,0,0,0,0,0,0,0,0,0,1,0,-0.4322620672817404
2017-04-30,1.5010317916895224,1.9355409945470157,-0.4322620672817404,False,False,False,False,56.9838,62.044,9.71,92.13,-0.4322620672817404,1.5010317916895224,1.9355409945470157,-0.4322620672817404,1.5010317916895224,1.9355409945470157,0.016802850898881474,1.5010317916895224,1.47469790060725,-0.18768458089527243,1.2227792698593123,1.4088631729015693,-0.1862659029156372,0.1796043878390483,-0.4322620672817404,0.016802850898881474,-0.10554678857385526,0.16421418863186402,-0.4322620672817404,0.1246687286673999,0.0,30,0,1,0.0,0.0,9.75,4.1,4.0,-0.09999999999999964,1.5,1,0,0,0.0,0.0,0,0,1,0,0,0,0,0,0,0,0,1,0,0,0,0,0,0,0,0,0,0,0,1,-0.4322620672817404
2017-05-01,1.5010317916895224,1.9355409945470157,-0.4322620672817404,True,False,False,False,56.9838,62.044,9.71,92.13,-0.4322620672817404,1.5010317916895224,1.9355409945470157,-0.4322620672817404,1.5010317916895224,1.9355409945470157,-0.4322620672817404,1.5010317916895224,1.9355409945470157,-0.050824213048285306,1.3006290660561657,1.3561953907370246,-0.23556584224863822,0.1946045800576684,-0.4322620672817404,0.016802850898881474,-0.13534852977756465,0.1832776079142031,-0.4322620672817404,0.1246687286673999,0.0,1,1,0,0.0,1.0,9.25,4.1,4.0,-0.09999999999999964,1.5,0,0,0,0.0,0.0,0,0,0,1,0,0,0,0,0,0,0,1,0,0,0,0,0,0,0,0,0,0,0,0,-0.4322620672817404
2017-05-02,1.2300685631842494,1.395696227360433,-0.16728541813106482,False,True,True,False,56.9838,62.044,9.11,153.92,-0.4322620672817404,1.5010317916895224,1.9355409945470157,-0.4322620672817404,1.5010317916895224,1.9355409945470157,-0.4322620672817404,1.5010317916895224,1.9355409945470157,0.016802850898881474,1.5010317916895224,1.47469790060725,-0.27867917316737684,0.2007728179967377,-0.4322620672817404,0.016802850898881474,-0.15561866719524378,0.19979061562598938,-0.4322620672817404,0.1246687286673999,0.26497664915067554,2,0,0,1.0,0.0,9.25,4.1,4.0,-0.09999999999999964,1.5,0,0,0,0.0,0.0,0,0,0,1,0,0,0,0,0,0,0,1,0,0,0,0,0,0,1,0,0,0,0,0,-0.0
2017-05-03,0.9407604268539976,1.016388559062917,-0.07562813220891931,False,True,False,False,56.9518,62.1515,9.4,147.52,-0.16728541813106482,1.2300685631842494,1.395696227360433,-0.4322620672817404,1.5010317916895224,1.9355409945470157,-0.4322620672817404,1.5010317916895224,1.9355409945470157,-0.4322620672817404,1.5010317916895224,1.9355409945470157,-0.27576500705820434,0.20245470809033125,-0.4322620672817404,0.016802850898881474,-0.1625202411897206,0.19829341889435104,-0.4322620672817404,0.1246687286673999,0.0916572859221455,3,0,0,0.0,0.0,9.25,4.1,4.0,-0.09999999999999964,1.5,0,0,0,0.0,0.0,0,0,0,1,0,0,0,0,0,0,0,1,0,0,0,0,0,0,0,1,0,0,0,0,-0.0
2017-05-04,1.1145801199112921,0.8358375723352237,0.2787425475760685,False,True,False,False,57.0927,62.3224,9.52,177.32,-0.07562813220891931,0.9407604268539976,1.016388559062917,-0.16728541813106482,1.2300685631842494,1.395696227360433,-0.4322620672817404,1.5010317916895224,1.9355409945470157,-0.4322620672817404,1.5010317916895224,1.9355409945470157,-0.27930842408115203,0.1980302881728295,-0.4322620672817404,0.016802850898881474,-0.17578251861049937,0.18438261140651202,-0.4322620672817404,0.1246687286673999,0.3543706797849878,4,0,0,0.0,0.0,9.25,4.1,4.0,-0.09999999999999964,1.5,0,0,0,0.0,1.0,0,0,0,1,0,0,0,0,0,0,0,1,0,0,0,0,0,0,0,0,1,0,0,0,0.0
2017-05-05,1.1514227496433356,0.9411555770809029,0.21026717256243255,False,True,False,False,57.5714,62.7298,9.42,160.22,0.2787425475760685,1.1145801199112921,0.8358375723352237,-0.07562813220891931,0.9407604268539976,1.016388559062917,-0.16728541813106482,1.2300685631842494,1.395696227360433,-0.4322620672817404,1.5010317916895224,1.9355409945470157,-0.24188846741298248,0.27362784882050306,-0.4322620672817404,0.2787425475760685,-0.16477724583130876,0.20691632932809034,-0.4322620672817404,0.2787425475760685,-0.06847537501363593,5,0,0,0.0,0.0,9.25,4.1,4.0,-0.09999999999999964,1.5,0,0,0,0.0,1.0,0,0,0,1,0,0,0,0,0,0,0,1,0,0,0,0,0,0,0,0,0,1,0,0,0.0
2017-05-06,1.1514227496433356,0.9411555770809029,0.21026717256243255,False,False,False,False,58.5382,64.2398,9.42,160.22,0.21026717256243255,1.1514227496433356,0.9411555770809029,0.2787425475760685,1.1145801199112921,0.8358375723352237,-0.07562813220891931,0.9407604268539976,1.016388559062917,-0.4322620672817404,1.5010317916895224,1.9355409945470157,-0.15009857600667204,0.3050841752655398,-0.4322620672817404,0.2787425475760685,-0.14353226979465408,0.22953165612195306,-0.4322620672817404,0.2787425475760685,0.0,6,0,0,0.0,0.0,9.25,4.1,4.0,-0.09999999999999964,1.5,0,0,0,0.0,1.0,0,0,0,1,0,0,0,0,0,0,0,1,0,0,0,0,0,0,0,0,0,0,1,0,0.21026717256243255
2017-05-07,1.1514227496433356,0.9411555770809029,0.21026717256243255,False,False,False,False,58.5382,64.2398,9.42,160.22,0.21026717256243255,1.1514227496433356,0.9411555770809029,0.21026717256243255,1.1514227496433356,0.9411555770809029,0.2787425475760685,1.1145801199112921,0.8358375723352237,-0.16728541813106482,1.2300685631842494,1.395696227360433,-0.058308684600361635,0.30269007024988653,-0.4322620672817404,0.2787425475760685,-0.12228729375799938,0.2481593412693305,-0.4322620672817404,0.2787425475760685,0.0,7,0,0,0.0,0.0,9.25,4.1,4.0,-0.09999999999999964,1.5,0,0,0,0.0,1.0,0,0,0,1,0,0,0,0,0,0,0,1,0,0,0,0,0,0,0,0,0,0,0,1,0.21026717256243255
2017-05-08,1.1514227496433356,0.9411555770809029,0.21026717256243255,True,True,False,False,58.5382,64.2398,9.42,160.22,0.21026717256243255,1.1514227496433356,0.9411555770809029,0.21026717256243255,1.1514227496433356,0.9411555770809029,0.21026717256243255,1.1514227496433356,0.9411555770809029,-0.07562813220891931,0.9407604268539976,1.016388559062917,0.033481206805948786,0.26553149256051706,-0.4322620672817404,0.2787425475760685,-0.10104231772134468,0.26364597443169,-0.4322620672817404,0.2787425475760685,0.0,8,0,0,0.0,0.0,9.25,4.1,4.0,-0.09999999999999964,1.5,0,0,0,0.0,1.0,0,0,0,1,0,0,0,0,0,0,0,1,0,0,0,0,0,0,0,0,0,0,0,0,0.21026717256243255
2017-05-09,1.1514227496433356,0.9411555770809029,0.21026717256243255,True,False,False,False,58.5382,64.2398,9.42,160.22,0.21026717256243255,1.1514227496433356,0.9411555770809029,0.21026717256243255,1.1514227496433356,0.9411555770809029,0.21026717256243255,1.1514227496433356,0.9411555770809029,0.2787425475760685,1.1145801199112921,0.8358375723352237,0.1252710982122592,0.17243386772342215,-0.16728541813106482,0.2787425475760685,-0.0767040374775588,0.2761513457986602,-0.4322620672817404,0.2787425475760685,0.0,9,0,0,0.0,0.0,9.25,4.1,4.0,-0.09999999999999964,1.5,0,0,0,0.0,1.0,0,0,0,1,0,0,0,0,0,0,0,1,0,0,0,0,0,0,1,0,0,0,0,0,0.21026717256243255
2017-05-10,1.185414482965704,1.3561953907370246,-0.16519302427822471,False,True,False,False,58.5382,64.2398,9.27,88.84,0.21026717256243255,1.1514227496433356,0.9411555770809029,0.21026717256243255,1.1514227496433356,0.9411555770809029,0.21026717256243255,1.1514227496433356,0.9411555770809029,0.21026717256243255,1.1514227496433356,0.9411555770809029,0.17920718259704455,0.11523305474632098,-0.07562813220891931,0.2787425475760685,-0.04827891223057986,0.28421258581501996,-0.4322620672817404,0.2787425475760685,-0.37546019684065723,10,0,0,0.0,0.0,9.25,4.1,4.0,-0.09999999999999964,1.5,0,0,0,0.0,0.0,0,0,0,1,0,0,0,0,0,0,0,1,0,0,0,0,0,0,0,1,0,0,0,0,-0.0
2017-05-11,1.395696227360433,1.5273656827717947,-0.13168880364532176,False,True,False,False,58.0824,63.2634,9.02,103.9,-0.16519302427822471,1.185414482965704,1.3561953907370246,0.21026717256243255,1.1514227496433356,0.9411555770809029,0.21026717256243255,1.1514227496433356,0.9411555770809029,0.21026717256243255,1.1514227496433356,0.9411555770809029,0.1664121980157152,0.14843428672167247,-0.16519302427822471,0.2787425475760685,-0.0564481130327184,0.2859298529385214,-0.4322620672817404,0.2787425475760685,0.033504220632902953,11,0,0,0.0,0.0,9.25,4.1,4.0,-0.09999999999999964,1.5,0,0,0,0.0,0.0,0,0,0,1,0,0,0,0,0,0,0,1,0,0,0,0,0,0,0,0,1,0,0,0,-0.0
2017-05-12,1.1776164247243481,1.0901981858050889,0.0874182389192593,False,True,False,False,57.1161,62.1595,8.99,95.05,-0.13168880364532176,1.395696227360433,1.5273656827717947,-0.16519302427822471,1.185414482965704,1.3561953907370246,0.21026717256243255,1.1514227496433356,0.9411555770809029,0.21026717256243255,1.1514227496433356,0.9411555770809029,0.10777914784123088,0.17529864165524658,-0.16519302427822471,0.21026717256243255,-0.06705465978587577,0.285757687096193,-0.4322620672817404,0.2787425475760685,0.21910704256458108,12,0,0,0.0,0.0,9.25,4.1,4.0,-0.09999999999999964,1.5,0,0,0,0.0,0.0,0,0,0,1,0,0,0,0,0,0,0,1,0,0,0,0,0,0,0,0,0,1,0,0,0.0
2017-05-13,1.1776164247243481,1.0901981858050889,0.0874182389192593,False,False,False,False,57.164,62.0915,8.99,95.05,0.0874182389192593,1.1776164247243481,1.0901981858050889,-0.13168880364532176,1.395696227360433,1.5273656827717947,-0.16519302427822471,1.185414482965704,1.3561953907370246,0.21026717256243255,1.1514227496433356,0.9411555770809029,0.09022930017792041,0.16937752405346107,-0.16519302427822471,0.21026717256243255,-0.029934637914375794,0.26786072818674056,-0.4322620672817404,0.2787425475760685,0.0,13,0,0,0.0,0.0,9.25,4.1,4.0,-0.09999999999999964,1.5,0,0,0,0.0,0.0,0,0,0,1,0,0,0,0,0,0,0,1,0,0,0,0,0,0,0,0,0,0,1,0,0.0874182389192593
2017-05-14,1.1776164247243481,1.0901981858050889,0.0874182389192593,False,False,False,False,57.164,62.0915,8.99,95.05,0.0874182389192593,1.1776164247243481,1.0901981858050889,0.0874182389192593,1.1776164247243481,1.0901981858050889,-0.13168880364532176,1.395696227360433,1.5273656827717947,0.21026717256243255,1.1514227496433356,0.9411555770809029,0.07267945251460994,0.16102551822337893,-0.16519302427822471,0.21026717256243255,0.007185383957124187,0.24263863588423512,-0.4322620672817404,0.2787425475760685,0.0,14,0,0,0.0,0.0,9.25,4.1,4.0,-0.09999999999999964,1.5,0,0,0,0.0,0.0,0,0,0,1,0,0,0,0,0,0,0,1,0,0,0,0,0,0,0,0,0,0,0,1,0.0874182389192593
2017-05-15,1.266279040105532,1.2778119762371938,-0.011532936127711791,False,True,False,False,57.164,62.0915,9.0,52.52,0.0874182389192593,1.1776164247243481,1.0901981858050889,0.0874182389192593,1.1776164247243481,1.0901981858050889,0.0874182389192593,1.1776164247243481,1.0901981858050889,-0.16519302427822471,1.185414482965704,1.3561953907370246,0.05512960485129949,0.14983667561733813,-0.16519302427822471,0.21026717256243255,0.044305405828624154,0.20743642277011112,-0.4322620672817404,0.2787425475760685,-0.0989511750469711,15,0,0,0.0,0.0,9.25,4.1,4.0,-0.09999999999999964,1.5,0,0,0,0.0,0.0,0,0,0,1,0,0,0,0,0,0,0,1,0,0,0,0,0,0,0,0,0,0,0,0,-0.0
2017-05-16,1.1878694248456052,1.0639395972480492,0.1239298275975559,False,True,False,False,56.5258,61.8449,8.86,97.85,-0.011532936127711791,1.266279040105532,1.2778119762371938,0.0874182389192593,1.1776164247243481,1.0901981858050889,0.0874182389192593,1.1776164247243481,1.0901981858050889,-0.13168880364532176,1.395696227360433,1.5273656827717947,0.023443875038421724,0.13419793049718365,-0.16519302427822471,0.21026717256243255,0.0743574866253405,0.15756460983800732,-0.16728541813106482,0.2787425475760685,0.1354627637252677,16,0,0,0.0,0.0,9.25,4.1,4.0,-0.09999999999999964,1.5,0,0,0,0.0,0.0,0,0,0,1,0,0,0,0,0,0,0,1,0,0,0,0,0,0,1,0,0,0,0,0,0.0
2017-05-17,1.0974120010104076,1.174756780643732,-0.0773447796333244,False,True,False,False,56.2603,62.0382,9.05,65.96,0.1239298275975559,1.1878694248456052,1.0639395972480492,-0.011532936127711791,1.266279040105532,1.2778119762371938,0.0874182389192593,1.1776164247243481,1.0901981858050889,0.0874182389192593,1.1776164247243481,1.0901981858050889,0.011109968614867918,0.11703568738400426,-0.16519302427822471,0.1239298275975559,0.09515857560595627,0.1416263803342835,-0.16519302427822471,0.2787425475760685,-0.2012746072308803,17,0,0,0.0,0.0,9.25,4.1,4.0,-0.09999999999999964,1.5,0,0,0,0.0,0.0,0,0,0,1,0,0,0,0,0,0,0,1,0,0,0,0,0,0,0,1,0,0,0,0,-0.0
2017-05-18,1.306750389440127,1.1755204745190182,0.13122991492110866,False,True,False,False,56.7383,62.9568,9.08,80.96,-0.0773447796333244,1.0974120010104076,1.174756780643732,0.1239298275975559,1.1878694248456052,1.0639395972480492,-0.011532936127711791,1.266279040105532,1.2778119762371938,0.0874182389192593,1.1776164247243481,1.0901981858050889,0.023659717849853677,0.09816918769165835,-0.13168880364532176,0.1239298275975559,0.09503595793278445,0.1417862715489918,-0.16519302427822471,0.2787425475760685,0.20857469455443306,18,0,0,0.0,0.0,9.25,4.1,4.0,-0.09999999999999964,1.5,0,0,0,0.0,0.0,0,0,0,1,0,0,0,0,0,0,0,1,0,0,0,0,0,0,0,0,1,0,0,0,0.0
2017-05-19,1.0531972602886914,1.0429894382223008,0.01020782206112382,False,True,False,False,57.4683,63.9967,9.1,72.43,0.13122991492110866,1.306750389440127,1.1755204745190182,-0.0773447796333244,1.0974120010104076,1.174756780643732,0.1239298275975559,1.1878694248456052,1.0639395972480492,0.0874182389192593,1.1776164247243481,1.0901981858050889,0.06121953478791516,0.07679642103260961,-0.0773447796333244,0.13122991492110866,0.08449934131457304,0.13224427158872326,-0.16519302427822471,0.21026717256243255,-0.12102209285998485,19,0,0,0.0,0.0,9.25,4.1,4.0,-0.09999999999999964,1.5,0,0,0,0.0,0.0,0,0,0,1,0,0,0,0,0,0,0,1,0,0,0,0,0,0,0,0,0,1,0,0,0.0
2017-05-20,1.0531972602886914,1.0429894382223008,0.01020782206112382,False,False,False,False,57.1602,63.6479,9.1,72.43,0.01020782206112382,1.0531972602886914,1.0429894382223008,0.13122991492110866,1.306750389440127,1.1755204745190182,-0.0773447796333244,1.0974120010104076,1.174756780643732,-0.011532936127711791,1.266279040105532,1.2778119762371938,0.050189475236752955,0.07794263803352518,-0.0773447796333244,0.13122991492110866,0.07020938770733672,0.12836065758492718,-0.16519302427822471,0.21026717256243255,0.0,20,0,0,0.0,0.0,9.25,4.1,4.0,-0.09999999999999964,1.5,0,0,0,0.0,0.0,0,0,0,1,0,0,0,0,0,0,0,1,0,0,0,0,0,0,0,0,0,0,1,0,0.01020782206112382
2017-05-21,1.0531972602886914,1.0429894382223008,0.01020782206112382,False,False,False,False,57.1602,63.6479,9.1,72.43,0.01020782206112382,1.0531972602886914,1.0429894382223008,0.01020782206112382,1.0531972602886914,1.0429894382223008,0.13122991492110866,1.306750389440127,1.1755204745190182,0.1239298275975559,1.1878694248456052,1.0639395972480492,0.03915941568559075,0.0772563322012764,-0.0773447796333244,0.13122991492110866,0.055919434100100376,0.12257466338376939,-0.16519302427822471,0.21026717256243255,0.0,21,0,0,0.0,0.0,9.25,4.1,4.0,-0.09999999999999964,1.5,0,0,0,0.0,0.0,0,0,0,1,0,0,0,0,0,0,0,1,0,0,0,0,0,0,0,0,0,0,0,1,0.01020782206112382
2017-05-22,1.3166945541136161,1.288598501794961,0.034013897794809615,False,True,False,False,57.1602,63.6479,8.93,102.06,0.01020782206112382,1.0531972602886914,1.0429894382223008,0.01020782206112382,1.0531972602886914,1.0429894382223008,0.01020782206112382,1.0531972602886914,1.0429894382223008,-0.0773447796333244,1.0974120010104076,1.174756780643732,0.028129356134428535,0.07468700293976453,-0.0773447796333244,0.13122991492110866,0.04162948049286404,0.11459850100267616,-0.16519302427822471,0.21026717256243255,0.023806075733685796,22,0,0,0.0,0.0,9.25,4.1,4.0,-0.09999999999999964,1.5,0,0,0,0.0,0.0,0,0,0,1,0,0,0,0,0,0,0,1,0,0,0,0,0,0,0,0,0,0,0,0,0.0
2017-05-23,1.1081112797141295,2.0013757222526967,-0.89045353017925,False,True,False,False,56.4988,63.1713,8.99,84.5,0.034013897794809615,1.3166945541136161,1.288598501794961,0.01020782206112382,1.0531972602886914,1.0429894382223008,0.01020782206112382,1.0531972602886914,1.0429894382223008,0.13122991492110866,1.306750389440127,1.1755204745190182,0.03463604669478874,0.07261090562887659,-0.0773447796333244,0.13122991492110866,0.02903996086660526,0.10382196131550828,-0.16519302427822471,0.21026717256243255,-0.9244674279740596,23,0,0,0.0,0.0,9.25,4.1,4.0,-0.09999999999999964,1.5,0,0,0,1.0,0.0,0,0,0,1,0,0,0,0,0,0,0,1,0,0,0,0,0,0,1,0,0,0,0,0,-0.0
2017-05-24,1.1155311209472236,1.104929852614684,0.010601268329906183,False,True,False,False,56.5552,63.6189,8.85,112.65,-0.89045353017925,1.1081112797141295,2.0013757222526967,0.034013897794809615,1.3166945541136161,1.288598501794961,0.01020782206112382,1.0531972602886914,1.0429894382223008,0.01020782206112382,1.0531972602886914,1.0429894382223008,-0.11027586155904068,0.34939356499373464,-0.89045353017925,0.13122991492110866,-0.04958294647208635,0.2581308719156885,-0.89045353017925,0.13122991492110866,0.9010547985091562,24,0,0,0.0,0.0,9.25,4.1,4.0,-0.09999999999999964,1.5,0,0,0,0.0,0.0,0,0,0,1,0,0,0,0,0,0,0,1,0,0,0,0,0,0,0,1,0,0,0,0,0.0
2017-05-25,1.395696227360433,1.487864846148386,-0.08104446942785046,False,True,False,False,56.2743,62.9203,9.12,92.26,0.010601268329906183,1.1155311209472236,1.104929852614684,-0.89045353017925,1.1081112797141295,2.0013757222526967,0.034013897794809615,1.3166945541136161,1.288598501794961,0.01020782206112382,1.0531972602886914,1.0429894382223008,-0.0977121404214363,0.3523438364026947,-0.89045353017925,0.13122991492110866,-0.0370262112857913,0.25634399344943404,-0.89045353017925,0.13122991492110866,-0.09164573775775664,25,0,0,0.0,0.0,9.25,4.1,4.0,-0.09999999999999964,1.5,1,1,1,0.0,0.0,0,0,0,1,0,0,0,0,0,0,0,1,0,0,0,0,0,0,0,0,1,0,0,0,-0.0
2017-05-26,1.8038715391356541,1.1088678355775667,0.6988689322342088,False,True,False,False,56.0701,63.0116,9.07,96.9,-0.08104446942785046,1.395696227360433,1.487864846148386,0.010601268329906183,1.1155311209472236,1.104929852614684,-0.89045353017925,1.1081112797141295,2.0013757222526967,0.01020782206112382,1.0531972602886914,1.0429894382223008,-0.12803705247128763,0.3382068447025371,-0.89045353017925,0.034013897794809615,-0.0334087588416862,0.2552604335087364,-0.89045353017925,0.13122991492110866,0.7799134016620592,26,0,0,0.0,0.0,9.25,4.1,4.0,-0.09999999999999964,1.5,1,0,1,0.0,1.0,0,0,0,1,0,0,0,0,0,0,0,1,0,0,0,0,0,0,0,0,0,1,0,0,0.0
2017-05-27,1.8038715391356541,1.1088678355775667,0.6988689322342088,False,False,False,False,56.756,63.6689,9.07,96.9,0.6988689322342088,1.8038715391356541,1.1088678355775667,-0.08104446942785046,1.395696227360433,1.487864846148386,0.010601268329906183,1.1155311209472236,1.104929852614684,0.034013897794809615,1.3166945541136161,1.288598501794961,-0.029656893875132626,0.46245981659515173,-0.89045353017925,0.6988689322342088,0.010266290680810189,0.32129292530269365,-0.89045353017925,0.6988689322342088,0.0,27,0,0,0.0,0.0,9.25,4.1,4.0,-0.09999999999999964,1.5,1,0,0,0.0,1.0,0,0,0,1,0,0,0,0,0,0,0,1,0,0,0,0,0,0,0,0,0,0,1,0,0.6988689322342088
2017-05-28,1.8038715391356541,1.1088678355775667,0.6988689322342088,False,False,False,False,56.756,63.6689,9.07,96.9,0.6988689322342088,1.8038715391356541,1.1088678355775667,0.6988689322342088,1.8038715391356541,1.1088678355775667,-0.08104446942785046,1.395696227360433,1.487864846148386,-0.89045353017925,1.1081112797141295,2.0013757222526967,0.06872326472102237,0.5392316425997761,-0.89045353017925,0.6988689322342088,0.053941340203306584,0.3703942707617368,-0.89045353017925,0.6988689322342088,0.0,28,0,0,0.0,0.0,9.25,4.1,4.0,-0.09999999999999964,1.5,1,0,0,0.0,1.0,0,0,0,1,0,0,0,0,0,0,0,1,0,0,0,0,0,0,0,0,0,0,0,1,0.6988689322342088
2017-05-29,1.3166945541136161,1.382529281819297,-0.05366174212467478,False,True,False,False,56.756,63.6689,9.27,113.65,0.6988689322342088,1.8038715391356541,1.1088678355775667,0.6988689322342088,1.8038715391356541,1.1088678355775667,0.6988689322342088,1.8038715391356541,1.1088678355775667,0.010601268329906183,1.1155311209472236,1.104929852614684,0.16710342331717737,0.5874426925671472,-0.89045353017925,0.6988689322342088,0.09761638972580299,0.4087128635188005,-0.89045353017925,0.6988689322342088,-0.7525306743588835,29,0,0,0.0,0.0,9.25,4.1,4.0,-0.09999999999999964,1.5,1,0,1,0.0,0.0,0,0,0,1,0,0,0,0,0,0,0,1,0,0,0,0,0,0,0,0,0,0,0,0,-0.0
2017-05-30,1.1498620269919,1.121067313869352,0.028794713122547888,False,True,False,False,56.7106,63.3684,9.18,98.6,-0.05366174212467478,1.3166945541136161,1.382529281819297,0.6988689322342088,1.8038715391356541,1.1088678355775667,0.6988689322342088,1.8038715391356541,1.1088678355775667,-0.08104446942785046,1.395696227360433,1.487864846148386,0.15457833190010817,0.5916727408186325,-0.89045353017925,0.6988689322342088,0.09460718929744846,0.40973212508957335,-0.89045353017925,0.6988689322342088,0.08245645524722267,30,0,0,0.0,0.0,9.25,4.1,4.0,-0.09999999999999964,1.5,1,0,1,0.0,0.0,0,0,0,1,0,0,0,0,0,0,0,1,0,0,0,0,0,0,1,0,0,0,0,0,0.0
2017-05-31,1.4351970639838416,1.4088631729015693,0.022566730962065466,False,True,False,True,56.5168,62.9484,9.15,117.36,0.028794713122547888,1.1498620269919,1.121067313869352,-0.05366174212467478,1.3166945541136161,1.382529281819297,0.6988689322342088,1.8038715391356541,1.1088678355775667,0.6988689322342088,1.8038715391356541,1.1088678355775667,0.2858995095146507,0.3880448765989643,-0.08104446942785046,0.6988689322342088,0.08781182397780506,0.40999722075429884,-0.89045353017925,0.6988689322342088,-0.0062279821604824225,31,0,1,0.0,0.0,9.25,4.1,4.0,-0.09999999999999964,1.5,1,0,1,0.0,0.0,0,0,0,1,0,0,0,0,0,0,0,1,0,0,0,0,0,0,0,1,0,0,0,0,0.0
2017-06-01,1.0282099914377312,0.9926121190873466,0.035597872363551435,False,True,True,False,56.6876,63.4107,9.19,118.74,0.022566730962065466,1.4351970639838416,1.4088631729015693,0.028794713122547888,1.1498620269919,1.121067313869352,-0.05366174212467478,1.3166945541136161,1.382529281819297,0.6988689322342088,1.8038715391356541,1.1088678355775667,0.2876088613192449,0.3866539225638135,-0.08104446942785046,0.6988689322342088,0.09494836044890433,0.40776478604972016,-0.89045353017925,0.6988689322342088,0.013031141401485969,1,1,0,0.0,1.0,9.0,4.4,4.0,-0.40000000000000036,1.75,0,0,0,0.0,0.0,0,0,0,0,1,0,0,0,0,0,0,1,0,0,0,0,0,0,0,0,1,0,0,0,0.0
2017-06-02,0.9489075482214723,1.0942120089785923,-0.14530446074395306,False,True,False,False,56.5373,63.531,9.2,141.15,0.035597872363551435,1.0282099914377312,0.9926121190873466,0.022566730962065466,1.4351970639838416,1.4088631729015693,0.028794713122547888,1.1498620269919,1.121067313869352,0.6988689322342088,1.8038715391356541,1.1088678355775667,0.30427205300373084,0.3702855118210817,-0.05366174212467478,0.6988689322342088,0.08811750026622166,0.40791123183827227,-0.89045353017925,0.6988689322342088,-0.1809023331075045,2,0,0,1.0,0.0,9.0,4.4,4.0,-0.40000000000000036,1.75,0,0,0,0.0,0.0,0,0,0,0,1,0,0,0,0,0,0,1,0,0,0,0,0,0,0,0,0,1,0,0,-0.0
2017-06-03,0.9489075482214723,1.0942120089785923,-0.14530446074395306,False,False,False,False,56.6876,63.6092,9.2,141.15,-0.14530446074395306,0.9489075482214723,1.0942120089785923,0.035597872363551435,1.0282099914377312,0.9926121190873466,0.022566730962065466,1.4351970639838416,1.4088631729015693,-0.05366174212467478,1.3166945541136161,1.382529281819297,0.18367585400685063,0.3576022939232973,-0.14530446074395306,0.6988689322342088,0.07700948006585903,0.4122899381337798,-0.89045353017925,0.6988689322342088,0.0,3,0,0,0.0,0.0,9.0,4.4,4.0,-0.40000000000000036,1.75,0,0,0,0.0,0.0,0,0,0,0,1,0,0,0,0,0,0,1,0,0,0,0,0,0,0,0,0,0,1,0,-0.14530446074395306
2017-06-04,0.9489075482214723,1.0942120089785923,-0.14530446074395306,False,False,False,False,56.6876,63.6092,9.2,141.15,-0.14530446074395306,0.9489075482214723,1.0942120089785923,-0.14530446074395306,0.9489075482214723,1.0942120089785923,0.035597872363551435,1.0282099914377312,0.9926121190873466,0.028794713122547888,1.1498620269919,1.121067313869352,0.06307965500997036,0.29105453122164726,-0.14530446074395306,0.6988689322342088,0.0659014598654964,0.41630356003855123,-0.89045353017925,0.6988689322342088,0.0,4,0,0,0.0,0.0,9.0,4.4,4.0,-0.40000000000000036,1.75,0,0,0,0.0,0.0,0,0,0,0,1,0,0,0,0,0,0,1,0,0,0,0,0,0,0,0,0,0,0,1,-0.14530446074395306
2017-06-05,1.2091642751765443,1.1434922611077871,0.06567201406875707,False,True,False,False,56.6876,63.6092,9.45,155.95,-0.14530446074395306,0.9489075482214723,1.0942120089785923,-0.14530446074395306,0.9489075482214723,1.0942120089785923,-0.14530446074395306,0.9489075482214723,1.0942120089785923,0.022566730962065466,1.4351970639838416,1.4088631729015693,-0.0575165439869099,0.08724321658986478,-0.14530446074395306,0.035597872363551435,0.05479343966513376,0.4199625651210638,-0.89045353017925,0.6988689322342088,0.21097647481271015,5,0,0,0.0,0.0,9.0,4.4,4.0,-0.40000000000000036,1.75,0,0,0,0.0,0.0,0,0,0,0,1,0,0,0,0,0,0,1,0,0,0,0,0,0,0,0,0,0,0,0,0.0
2017-06-06,1.4088631729015693,1.1623194681701445,0.2451412047482947,False,True,False,False,56.6152,63.811,9.61,181.66,0.06567201406875707,1.2091642751765443,1.1434922611077871,-0.14530446074395306,0.9489075482214723,1.0942120089785923,-0.14530446074395306,0.9489075482214723,1.0942120089785923,0.035597872363551435,1.0282099914377312,0.9926121190873466,-0.04046886453070535,0.09899029477699921,-0.14530446074395306,0.06567201406875707,0.05705473368470143,0.4199273009473043,-0.89045353017925,0.6988689322342088,0.17946919067953765,6,0,0,0.0,0.0,9.0,4.4,4.0,-0.40000000000000036,1.75,0,0,0,0.0,1.0,0,0,0,0,1,0,0,0,0,0,0,1,0,0,0,0,0,0,1,0,0,0,0,0,0.0
2017-06-07,0.937428128047106,1.0370228104769432,-0.09959468244300418,False,True,False,False,56.6747,63.7817,9.14,108.06,0.2451412047482947,1.4088631729015693,1.1623194681701445,0.06567201406875707,1.2091642751765443,1.1434922611077871,-0.14530446074395306,0.9489075482214723,1.0942120089785923,-0.14530446074395306,0.9489075482214723,1.0942120089785923,-0.009562222869884372,0.14656261219082975,-0.14530446074395306,0.2451412047482947,0.13816864332238318,0.32080407114770926,-0.14530446074395306,0.6988689322342088,-0.3447358871912989,7,0,0,0.0,0.0,9.0,4.4,4.0,-0.40000000000000036,1.75,0,0,0,0.0,0.0,0,0,0,0,1,0,0,0,0,0,0,1,0,0,0,0,0,0,0,1,0,0,0,0,-0.0
2017-06-08,1.0844776005022165,0.898836200104784,0.18564140039743246,False,True,False,False,56.5878,63.7179,9.08,142.1,-0.09959468244300418,0.937428128047106,1.0370228104769432,0.2451412047482947,1.4088631729015693,1.1623194681701445,0.06567201406875707,1.2091642751765443,1.1434922611077871,-0.14530446074395306,0.9489075482214723,1.0942120089785923,-0.027013853356322892,0.1493459373452572,-0.14530446074395306,0.2451412047482947,0.13029750398146103,0.3254923930432744,-0.14530446074395306,0.6988689322342088,0.28523608284043667,8,0,0,0.0,0.0,9.0,4.4,4.0,-0.40000000000000036,1.75,0,0,0,0.0,0.0,0,0,0,0,1,0,0,0,0,0,0,1,0,0,0,0,0,0,0,0,1,0,0,0,0.0
2017-06-09,1.1843091193227226,0.9769860877520417,0.20732303157068102,False,True,False,False,56.9857,64.1488,9.07,103.11,0.18564140039743246,1.0844776005022165,0.898836200104784,-0.09959468244300418,0.937428128047106,1.0370228104769432,0.2451412047482947,1.4088631729015693,1.1623194681701445,-0.14530446074395306,0.9489075482214723,1.0942120089785923,-0.0055790636371970325,0.16926858897844976,-0.14530446074395306,0.2451412047482947,0.14934649468326697,0.3199286330957675,-0.14530446074395306,0.6988689322342088,0.02168163117324856,9,0,0,0.0,0.0,9.0,4.4,4.0,-0.40000000000000036,1.75,0,0,0,0.0,1.0,0,0,0,0,1,0,0,0,0,0,0,1,0,0,0,0,0,0,0,0,0,1,0,0,0.0
2017-06-10,1.1843091193227226,0.9769860877520417,0.20732303157068102,False,False,False,False,57.002,63.7852,9.07,103.11,0.20732303157068102,1.1843091193227226,0.9769860877520417,0.18564140039743246,1.0844776005022165,0.898836200104784,-0.09959468244300418,0.937428128047106,1.0370228104769432,0.06567201406875707,1.2091642751765443,1.1434922611077871,0.04479629240775069,0.17318175007739176,-0.14530446074395306,0.2451412047482947,0.11423607320730068,0.27938590340509994,-0.14530446074395306,0.6988689322342088,0.0,10,0,0,0.0,0.0,9.0,4.4,4.0,-0.40000000000000036,1.75,0,0,0,0.0,1.0,0,0,0,0,1,0,0,0,0,0,0,1,0,0,0,0,0,0,0,0,0,0,1,0,0.20732303157068102
2017-06-11,1.1843091193227226,0.9769860877520417,0.20732303157068102,False,False,False,False,57.002,63.7852,9.07,103.11,0.20732303157068102,1.1843091193227226,0.9769860877520417,0.20732303157068102,1.1843091193227226,0.9769860877520417,0.18564140039743246,1.0844776005022165,0.898836200104784,0.2451412047482947,1.4088631729015693,1.1623194681701445,0.09517164845269842,0.15940745511461735,-0.14530446074395306,0.2451412047482947,0.07912565173133441,0.22606083209470906,-0.14530446074395306,0.6988689322342088,0.0,11,0,0,0.0,0.0,9.0,4.4,4.0,-0.40000000000000036,1.75,0,0,0,0.0,1.0,0,0,0,0,1,0,0,0,0,0,0,1,0,0,0,0,0,0,0,0,0,0,0,1,0.20732303157068102
2017-06-12,1.1843091193227226,0.9769860877520417,0.20732303157068102,True,False,False,False,57.002,63.7852,9.07,103.11,0.20732303157068102,1.1843091193227226,0.9769860877520417,0.20732303157068102,1.1843091193227226,0.9769860877520417,0.20732303157068102,1.1843091193227226,0.9769860877520417,-0.09959468244300418,0.937428128047106,1.0370228104769432,0.14554700449764615,0.12209958957141114,-0.09959468244300418,0.2451412047482947,0.044015230255368146,0.1466130302262777,-0.14530446074395306,0.2451412047482947,0.0,12,0,0,0.0,0.0,9.0,4.4,4.0,-0.40000000000000036,1.75,0,0,0,0.0,1.0,0,0,0,0,1,0,0,0,0,0,0,1,0,0,0,0,0,0,0,0,0,0,0,0,0.20732303157068102
2017-06-13,1.5668665193952032,1.2451058484144761,0.32673609248777824,False,True,False,False,57.002,63.7852,9.07,143.41,0.20732303157068102,1.1843091193227226,0.9769860877520417,0.20732303157068102,1.1843091193227226,0.9769860877520417,0.20732303157068102,1.1843091193227226,0.9769860877520417,0.18564140039743246,1.0844776005022165,0.898836200104784,0.16578286414077814,0.11833546380064298,-0.09959468244300418,0.2451412047482947,0.06265699980503642,0.1497955984892073,-0.14530446074395306,0.2451412047482947,0.11941306091709722,13,0,0,0.0,0.0,9.0,4.4,4.0,-0.40000000000000036,1.75,0,0,0,0.0,1.0,0,0,0,0,1,0,0,0,0,0,0,1,0,0,0,0,0,0,1,0,0,0,0,0,0.0
2017-06-14,1.4483640095249777,1.5273656827717947,-0.07702079257314716,False,True,False,False,56.9096,63.7729,9.19,149.41,0.32673609248777824,1.5668665193952032,1.2451058484144761,0.20732303157068102,1.1843091193227226,0.9769860877520417,0.20732303157068102,1.1843091193227226,0.9769860877520417,0.20732303157068102,1.1843091193227226,0.9769860877520417,0.1774392766749901,0.13081589083940867,-0.09959468244300418,0.32673609248777824,0.08393852690255287,0.16500672304297598,-0.14530446074395306,0.32673609248777824,-0.4037568850609254,14,0,0,0.0,0.0,9.0,4.4,4.0,-0.40000000000000036,1.75,0,0,0,0.0,0.0,0,0,0,0,1,0,0,0,0,0,0,1,0,0,0,0,0,0,0,1,0,0,0,0,-0.0
2017-06-15,1.5273656827717947,1.1924553682615529,0.335582730036596,False,True,False,False,57.0303,63.9481,9.26,175.11,-0.07702079257314716,1.4483640095249777,1.5273656827717947,0.32673609248777824,1.5668665193952032,1.2451058484144761,0.20732303157068102,1.1843091193227226,0.9769860877520417,0.20732303157068102,1.1843091193227226,0.9769860877520417,0.18066411808496965,0.12288619321618151,-0.07702079257314716,0.32673609248777824,0.07682513236432341,0.16992913506814142,-0.14530446074395306,0.32673609248777824,0.41260352260974315,15,0,0,0.0,0.0,9.0,4.4,4.0,-0.40000000000000036,1.75,0,0,0,0.0,1.0,0,0,0,0,1,0,0,0,0,0,0,1,0,0,0,0,0,0,0,0,1,0,0,0,0.0
2017-06-16,1.0800258436139916,1.0080732604476332,0.07195258316635841,False,True,False,False,57.4437,64.2795,9.27,154.81,0.335582730036596,1.5273656827717947,1.1924553682615529,-0.07702079257314716,1.4483640095249777,1.5273656827717947,0.32673609248777824,1.5668665193952032,1.2451058484144761,0.20732303157068102,1.1843091193227226,0.9769860877520417,0.2020843080334216,0.13624079793194258,-0.07702079257314716,0.335582730036596,0.09825262219811229,0.18275976816637676,-0.14530446074395306,0.335582730036596,-0.26363014687023756,16,0,0,0.0,0.0,9.0,4.4,4.0,-0.40000000000000036,1.75,0,0,0,0.0,0.0,0,0,0,0,1,0,0,0,0,0,0,1,0,0,0,0,0,0,0,0,0,1,0,0,0.0
2017-06-17,1.0800258436139916,1.0080732604476332,0.07195258316635841,False,False,False,False,57.7408,64.4561,9.27,154.81,0.07195258316635841,1.0800258436139916,1.0080732604476332,0.335582730036596,1.5273656827717947,1.1924553682615529,-0.07702079257314716,1.4483640095249777,1.5273656827717947,0.20732303157068102,1.1843091193227226,0.9769860877520417,0.1827456725470898,0.14471712174794613,-0.07702079257314716,0.335582730036596,0.11377098247742026,0.16920967727921454,-0.14530446074395306,0.335582730036596,0.0,17,0,0,0.0,0.0,9.0,4.4,4.0,-0.40000000000000036,1.75,0,0,0,0.0,0.0,0,0,0,0,1,0,0,0,0,0,0,1,0,0,0,0,0,0,0,0,0,0,1,0,0.07195258316635841
2017-06-18,1.0800258436139916,1.0080732604476332,0.07195258316635841,False,False,False,False,57.7408,64.4561,9.27,154.81,0.07195258316635841,1.0800258436139916,1.0080732604476332,0.07195258316635841,1.0800258436139916,1.0080732604476332,0.335582730036596,1.5273656827717947,1.1924553682615529,0.32673609248777824,1.5668665193952032,1.2451058484144761,0.16340703706075796,0.1498396110750308,-0.07702079257314716,0.335582730036596,0.12928934275672824,0.1527874626512111,-0.14530446074395306,0.335582730036596,0.0,18,0,0,0.0,0.0,9.0,4.4,4.0,-0.40000000000000036,1.75,0,0,0,0.0,0.0,0,0,0,0,1,0,0,0,0,0,0,1,0,0,0,0,0,0,0,0,0,0,0,1,0.07195258316635841
2017-06-19,1.167999975397501,1.2950841326127474,-0.12708415720207933,False,True,False,False,57.7408,64.4561,9.02,101.65,0.07195258316635841,1.0800258436139916,1.0080732604476332,0.07195258316635841,1.0800258436139916,1.0080732604476332,0.07195258316635841,1.0800258436139916,1.0080732604476332,-0.07702079257314716,1.4483640095249777,1.5273656827717947,0.14406840157442619,0.151947840331649,-0.07702079257314716,0.335582730036596,0.14480770303603618,0.13242890332403137,-0.09959468244300418,0.335582730036596,-0.19903674036843774,19,0,0,0.0,0.0,9.0,4.4,4.0,-0.40000000000000036,1.75,0,0,0,0.0,0.0,0,0,0,0,1,0,0,0,0,0,0,1,0,0,0,0,0,0,0,0,0,0,0,0,-0.0
2017-06-20,1.177691922331046,1.0749059198435649,0.10278600248748108,False,True,False,False,57.9585,64.8614,9.03,110.63,-0.12708415720207933,1.167999975397501,1.2950841326127474,0.07195258316635841,1.0800258436139916,1.0080732604476332,0.07195258316635841,1.0800258436139916,1.0080732604476332,0.335582730036596,1.5273656827717947,1.1924553682615529,0.09629594603546042,0.1789208327940227,-0.12708415720207933,0.335582730036596,0.1310394050881193,0.15012691801399083,-0.12708415720207933,0.335582730036596,0.22987015968956043,20,0,0,0.0,0.0,9.0,4.4,4.0,-0.40000000000000036,1.75,0,0,0,0.0,0.0,0,0,0,0,1,0,0,0,0,0,0,1,0,0,0,0,0,0,1,0,0,0,0,0,0.0
2017-06-21,0.9708599300713573,1.1126974018976967,-0.14183747182633952,False,True,False,False,58.5786,65.321,8.99,135.74,0.10278600248748108,1.177691922331046,1.0749059198435649,-0.12708415720207933,1.167999975397501,1.2950841326127474,0.07195258316635841,1.0800258436139916,1.0080732604476332,0.07195258316635841,1.0800258436139916,1.0080732604476332,0.06430307603541796,0.14824003061822133,-0.12708415720207933,0.335582730036596,0.12087117635520404,0.14658332455161374,-0.12708415720207933,0.335582730036596,-0.2446234743138206,21,0,0,0.0,0.0,9.0,4.4,4.0,-0.40000000000000036,1.75,0,0,0,0.0,0.0,0,0,0,0,1,0,0,0,0,0,0,1,0,0,0,0,0,0,0,1,0,0,0,0,-0.0
2017-06-22,1.0716419882551833,1.124310348501305,-0.05266836024612168,False,True,False,False,60.0,66.798,8.77,117.61,-0.14183747182633952,0.9708599300713573,1.1126974018976967,0.10278600248748108,1.177691922331046,1.0749059198435649,-0.12708415720207933,1.167999975397501,1.2950841326127474,0.07195258316635841,1.0800258436139916,1.0080732604476332,0.05504355042781906,0.16008953640544266,-0.14183747182633952,0.335582730036596,0.11785383425639437,0.15181210589784827,-0.14183747182633952,0.335582730036596,0.08916911158021784,22,0,0,0.0,0.0,9.0,4.4,4.0,-0.40000000000000036,1.75,0,0,0,0.0,0.0,0,0,0,0,1,0,0,0,0,0,0,1,0,0,0,0,0,0,0,0,1,0,0,0,-0.0
2017-06-23,1.2504747007428492,1.2565341436698556,-0.006059442927006521,False,True,False,False,60.1482,67.1495,8.64,149.16,-0.05266836024612168,1.0716419882551833,1.124310348501305,-0.14183747182633952,0.9708599300713573,1.1126974018976967,0.10278600248748108,1.177691922331046,1.0749059198435649,0.07195258316635841,1.0800258436139916,1.0080732604476332,-0.00042089104114061436,0.10419329195640602,-0.14183747182633952,0.10278600248748108,0.10083170849614051,0.15690173981529656,-0.14183747182633952,0.335582730036596,0.046608917319115165,23,0,0,0.0,0.0,9.0,4.4,4.0,-0.40000000000000036,1.75,0,0,0,0.0,0.0,0,0,0,0,1,0,0,0,0,0,0,1,0,0,0,0,0,0,0,0,0,1,0,0,-0.0
2017-06-24,1.2504747007428492,1.2565341436698556,-0.006059442927006521,False,False,False,False,59.6564,66.678,8.64,149.16,-0.006059442927006521,1.2504747007428492,1.2565341436698556,-0.05266836024612168,1.0716419882551833,1.124310348501305,-0.14183747182633952,0.9708599300713573,1.1126974018976967,-0.12708415720207933,1.167999975397501,1.2950841326127474,-0.011565466197335604,0.09921518292991478,-0.14183747182633952,0.10278600248748108,0.08559010317487711,0.15612348474241666,-0.14183747182633952,0.335582730036596,0.0,24,0,0,0.0,0.0,9.0,4.4,4.0,-0.40000000000000036,1.75,0,0,0,0.0,0.0,0,0,0,0,1,0,0,0,0,0,0,1,0,0,0,0,0,0,0,0,0,0,1,0,-0.006059442927006521
2017-06-25,1.2504747007428492,1.2565341436698556,-0.006059442927006521,False,False,False,False,59.6564,66.678,8.64,149.16,-0.006059442927006521,1.2504747007428492,1.2565341436698556,-0.006059442927006521,1.2504747007428492,1.2565341436698556,-0.05266836024612168,1.0716419882551833,1.124310348501305,0.10278600248748108,1.177691922331046,1.0749059198435649,-0.022710041353530597,0.0924189338264903,-0.14183747182633952,0.10278600248748108,0.07034849785361372,0.1537224007327689,-0.14183747182633952,0.335582730036596,0.0,25,0,0,0.0,0.0,9.0,4.4,4.0,-0.40000000000000036,1.75,1,0,0,0.0,0.0,0,0,0,0,1,0,0,0,0,0,0,1,0,0,0,0,0,0,0,0,0,0,0,1,-0.006059442927006521
2017-06-26,1.3129759230754166,1.487864846148386,-0.1732348627228186,False,True,False,False,59.6564,66.678,8.9,85.48,-0.006059442927006521,1.2504747007428492,1.2565341436698556,-0.006059442927006521,1.2504747007428492,1.2565341436698556,-0.006059442927006521,1.2504747007428492,1.2565341436698556,-0.14183747182633952,0.9708599300713573,1.1126974018976967,-0.033854616509725585,0.08336103709850953,-0.14183747182633952,0.10278600248748108,0.055106892532350314,0.149620379473714,-0.14183747182633952,0.335582730036596,-0.16717541979581207,26,0,0,0.0,0.0,9.0,4.4,4.0,-0.40000000000000036,1.75,1,1,1,0.0,0.0,0,0,0,0,1,0,0,0,0,0,0,1,0,0,0,0,0,0,0,0,0,0,0,0,-0.0
2017-06-27,1.47469790060725,1.215561490152526,0.25733407686749543,False,True,False,False,59.0014,66.0816,9.05,88.35,-0.1732348627228186,1.3129759230754166,1.487864846148386,-0.006059442927006521,1.2504747007428492,1.2565341436698556,-0.006059442927006521,1.2504747007428492,1.2565341436698556,-0.05266836024612168,1.0716419882551833,1.124310348501305,-0.04044757444125977,0.09320694819731416,-0.1732348627228186,0.10278600248748108,0.027924185797100345,0.1543340442957984,-0.1732348627228186,0.335582730036596,0.43056893959031406,27,0,0,0.0,0.0,9.0,4.4,4.0,-0.40000000000000036,1.75,1,0,1,0.0,1.0,0,0,0,0,1,0,0,0,0,0,0,1,0,0,0,0,0,0,1,0,0,0,0,0,0.0
2017-06-28,1.6853690292654286,1.3298614996547522,0.36128530459348657,False,True,False,False,58.8843,65.9563,9.09,55.3,0.25733407686749543,1.47469790060725,1.215561490152526,-0.1732348627228186,1.3129759230754166,1.487864846148386,-0.006059442927006521,1.2504747007428492,1.2565341436698556,-0.006059442927006521,1.2504747007428492,1.2565341436698556,-0.01836927810125772,0.13956546090453378,-0.1732348627228186,0.25733407686749543,0.022966898967080145,0.14481905442412446,-0.1732348627228186,0.335582730036596,0.10395122772599114,28,0,0,0.0,0.0,9.0,4.4,4.0,-0.40000000000000036,1.75,1,0,1,0.0,1.0,0,0,0,0,1,0,0,0,0,0,0,1,0,0,0,0,0,0,0,1,0,0,0,0,0.0
2017-06-29,1.4220301184427053,1.5405326283129308,-0.11238904312366699,False,True,False,False,59.5415,67.6868,9.15,58.8,0.36128530459348657,1.6853690292654286,1.3298614996547522,0.25733407686749543,1.47469790060725,1.215561490152526,-0.1732348627228186,1.3129759230754166,1.487864846148386,-0.006059442927006521,1.2504747007428492,1.2565341436698556,0.053505404244431724,0.18690573596882973,-0.1732348627228186,0.36128530459348657,0.05427447733612541,0.16719007227041902,-0.1732348627228186,0.36128530459348657,-0.47367434771715355,29,0,0,0.0,0.0,9.0,4.4,4.0,-0.40000000000000036,1.75,1,0,1,0.0,0.0,0,0,0,0,1,0,0,0,0,0,0,1,0,0,0,0,0,0,0,0,1,0,0,0,-0.0
2017-06-30,1.6063673560186116,1.9223740490058794,-0.3220249775303776,False,True,False,True,59.0855,67.4993,9.09,71.26,-0.11238904312366699,1.4220301184427053,1.5405326283129308,0.36128530459348657,1.6853690292654286,1.3298614996547522,0.25733407686749543,1.47469790060725,1.215561490152526,-0.006059442927006521,1.2504747007428492,1.2565341436698556,0.04497387811906811,0.19379590452482753,-0.1732348627228186,0.36128530459348657,0.022276493538963767,0.1513251633787157,-0.1732348627228186,0.36128530459348657,-0.20963593440671063,30,0,1,0.0,0.0,9.0,4.4,4.0,-0.40000000000000036,1.75,1,0,1,0.0,0.0,0,0,0,0,1,0,0,0,0,0,0,1,0,0,0,0,0,0,0,0,0,1,0,0,-0.0
2017-07-01,1.6063673560186116,1.9223740490058794,-0.3220249775303776,False,False,False,False,59.3862,67.8072,9.09,71.26,-0.3220249775303776,1.6063673560186116,1.9223740490058794,-0.11238904312366699,1.4220301184427053,1.5405326283129308,0.36128530459348657,1.6853690292654286,1.3298614996547522,-0.1732348627228186,1.3129759230754166,1.487864846148386,-0.00016405539569919192,0.23915226828693004,-0.3220249775303776,0.36128530459348657,-0.005864760796517378,0.17599819323647337,-0.3220249775303776,0.36128530459348657,0.0,1,1,0,0.0,1.0,9.0,3.9,4.0,0.10000000000000009,1.75,0,0,0,0.0,0.0,0,0,0,0,0,1,0,0,0,0,0,0,1,0,0,0,0,0,0,0,0,0,1,0,-0.3220249775303776
2017-07-02,1.6063673560186116,1.9223740490058794,-0.3220249775303776,False,False,False,False,59.3862,67.8072,9.09,71.26,-0.3220249775303776,1.6063673560186116,1.9223740490058794,-0.3220249775303776,1.6063673560186116,1.9223740490058794,-0.11238904312366699,1.4220301184427053,1.5405326283129308,0.25733407686749543,1.47469790060725,1.215561490152526,-0.045301988910466495,0.268471137762845,-0.3220249775303776,0.36128530459348657,-0.034006015131998524,0.19325042604754805,-0.3220249775303776,0.36128530459348657,0.0,2,0,0,1.0,0.0,9.0,3.9,4.0,0.10000000000000009,1.75,0,0,0,0.0,0.0,0,0,0,0,0,1,0,0,0,0,0,0,1,0,0,0,0,0,0,0,0,0,0,1,-0.3220249775303776
2017-07-03,1.24348792225781,1.487864846148386,-0.24780503555810718,False,True,True,False,59.3862,67.8072,9.03,114.1,-0.3220249775303776,1.6063673560186116,1.9223740490058794,-0.3220249775303776,1.6063673560186116,1.9223740490058794,-0.3220249775303776,1.6063673560186116,1.9223740490058794,0.36128530459348657,1.6853690292654286,1.3298614996547522,-0.0904399224252338,0.2867153392570308,-0.3220249775303776,0.36128530459348657,-0.06214726946747967,0.20496437375007995,-0.3220249775303776,0.36128530459348657,0.07421994197227044,3,0,0,0.0,0.0,9.0,3.9,4.0,0.10000000000000009,1.75,0,0,0,0.0,0.0,0,0,0,0,0,1,0,0,0,0,0,0,1,0,0,0,0,0,0,0,0,0,0,0,-0.0
2017-07-04,1.4483640095249777,1.08202057871893,0.36969794684533125,False,True,False,False,58.9695,67.2016,9.02,125.25,-0.24780503555810718,1.24348792225781,1.487864846148386,-0.3220249775303776,1.6063673560186116,1.9223740490058794,-0.3220249775303776,1.6063673560186116,1.9223740490058794,-0.11238904312366699,1.4220301184427053,1.5405326283129308,-0.10109280425884645,0.2916471909815467,-0.3220249775303776,0.36128530459348657,-0.0707701893500531,0.21037442240823864,-0.3220249775303776,0.36128530459348657,0.6175029824034384,4,0,0,0.0,0.0,9.0,3.9,4.0,0.10000000000000009,1.75,0,0,0,0.0,1.0,0,0,0,0,0,1,0,0,0,0,0,0,1,0,0,0,0,0,1,0,0,0,0,0,0.0
2017-07-05,1.0753935324043125,0.9637936025894791,0.11159992980166629,False,True,False,False,59.2295,67.2966,9.0,125.87,0.36969794684533125,1.4483640095249777,1.08202057871893,-0.24780503555810718,1.24348792225781,1.487864846148386,-0.3220249775303776,1.6063673560186116,1.9223740490058794,-0.3220249775303776,1.6063673560186116,1.9223740490058794,-0.08504082283344132,0.31668042342980113,-0.3220249775303776,0.36969794684533125,-0.05170505046734951,0.23764030395608954,-0.3220249775303776,0.36969794684533125,-0.258098017043665,5,0,0,0.0,0.0,9.0,3.9,4.0,0.10000000000000009,1.75,0,0,0,0.0,0.0,0,0,0,0,0,1,0,0,0,0,0,0,1,0,0,0,0,0,0,1,0,0,0,0,0.0
2017-07-06,1.139609511914583,1.0758762105205488,0.06373330139403421,False,True,False,False,59.5787,67.6754,9.02,129.78,0.11159992980166629,1.0753935324043125,0.9637936025894791,0.36969794684533125,1.4483640095249777,1.08202057871893,-0.24780503555810718,1.24348792225781,1.487864846148386,-0.3220249775303776,1.6063673560186116,1.9223740490058794,-0.12071016208941565,0.2684130538102136,-0.3220249775303776,0.36969794684533125,-0.033602378922491946,0.23988854014348304,-0.3220249775303776,0.36969794684533125,-0.047866628407632075,6,0,0,0.0,0.0,9.0,3.9,4.0,0.10000000000000009,1.75,0,0,0,0.0,0.0,0,0,0,0,0,1,0,0,0,0,0,0,1,0,0,0,0,0,0,0,1,0,0,0,0.0
2017-07-07,1.0312892965897447,0.923644306380434,0.1076449902093107,False,True,False,False,60.2426,68.3814,8.98,107.74,0.06373330139403421,1.139609511914583,1.0758762105205488,0.11159992980166629,1.0753935324043125,0.9637936025894791,0.36969794684533125,1.4483640095249777,1.08202057871893,-0.3220249775303776,1.6063673560186116,1.9223740490058794,-0.09554982715831549,0.2774263439060178,-0.3220249775303776,0.36969794684533125,-0.02528797451962367,0.24119056693651297,-0.3220249775303776,0.36969794684533125,0.04391168881527649,7,0,0,0.0,0.0,9.0,3.9,4.0,0.10000000000000009,1.75,0,0,0,0.0,0.0,0,0,0,0,0,1,0,0,0,0,0,0,1,0,0,0,0,0,0,0,0,1,0,0,0.0
2017-07-08,1.0312892965897447,0.923644306380434,0.1076449902093107,False,False,False,False,60.3792,68.947,8.98,107.74,0.1076449902093107,1.0312892965897447,0.923644306380434,0.06373330139403421,1.139609511914583,1.0758762105205488,0.11159992980166629,1.0753935324043125,0.9637936025894791,-0.24780503555810718,1.24348792225781,1.487864846148386,-0.034168403195502864,0.2662754348957288,-0.3220249775303776,0.36969794684533125,-0.01716622929560101,0.24378829447141787,-0.3220249775303776,0.36969794684533125,0.0,8,0,0,0.0,0.0,9.0,3.9,4.0,0.10000000000000009,1.75,0,0,0,0.0,0.0,0,0,0,0,0,1,0,0,0,0,0,0,1,0,0,0,0,0,0,0,0,0,1,0,0.1076449902093107
2017-07-09,1.0312892965897447,0.923644306380434,0.1076449902093107,False,False,False,False,60.3792,68.947,8.98,107.74,0.1076449902093107,1.0312892965897447,0.923644306380434,0.1076449902093107,1.0312892965897447,0.923644306380434,0.06373330139403421,1.139609511914583,1.0758762105205488,0.36969794684533125,1.4483640095249777,1.08202057871893,0.027213020767309748,0.2367458271651682,-0.3220249775303776,0.36969794684533125,-0.00904448407157835,0.24607011573482723,-0.3220249775303776,0.36969794684533125,0.0,9,0,0,0.0,0.0,9.0,3.9,4.0,0.10000000000000009,1.75,0,0,0,0.0,0.0,0,0,0,0,0,1,0,0,0,0,0,0,1,0,0,0,0,0,0,0,0,0,0,1,0.1076449902093107
2017-07-10,1.461530955066114,1.136590959562807,0.32447256455200363,False,True,False,False,60.3792,68.947,8.64,122.14,0.1076449902093107,1.0312892965897447,0.923644306380434,0.1076449902093107,1.0312892965897447,0.923644306380434,0.1076449902093107,1.0312892965897447,0.923644306380434,0.11159992980166629,1.0753935324043125,0.9637936025894791,0.08859444473012236,0.18000920711644344,-0.24780503555810718,0.36969794684533125,-0.0009227388475556916,0.24804474916547228,-0.3220249775303776,0.36969794684533125,0.21682757434269292,10,0,0,0.0,0.0,9.0,3.9,4.0,0.10000000000000009,1.75,0,0,0,0.0,1.0,0,0,0,0,0,1,0,0,0,0,0,0,1,0,0,0,0,0,0,0,0,0,0,0,0.0
2017-07-11,1.2685547927865586,1.0589211709299942,0.20963362185656442,False,True,False,False,60.3014,68.7737,8.48,139.38,0.32447256455200363,1.461530955066114,1.136590959562807,0.1076449902093107,1.0312892965897447,0.923644306380434,0.1076449902093107,1.0312892965897447,0.923644306380434,0.06373330139403421,1.139609511914583,1.0758762105205488,0.17034838760299537,0.12254782381165298,0.06373330139403421,0.36969794684533125,0.034627791672074464,0.25695516535114027,-0.3220249775303776,0.36969794684533125,-0.1148389426954392,11,0,0,0.0,0.0,9.0,3.9,4.0,0.10000000000000009,1.75,0,0,0,0.0,1.0,0,0,0,0,0,1,0,0,0,0,0,0,1,0,0,0,0,0,1,0,0,0,0,0,0.0
2017-07-12,1.0928215633341054,1.0364953908427528,0.05632617250451943,False,True,False,False,60.7397,69.2007,8.79,90.63,0.20963362185656442,1.2685547927865586,1.0589211709299942,0.32447256455200363,1.461530955066114,1.136590959562807,0.1076449902093107,1.0312892965897447,0.923644306380434,0.1076449902093107,1.0312892965897447,0.923644306380434,0.14748205546174292,0.08967609637552751,0.06373330139403421,0.32447256455200363,0.031220616314150823,0.2540750749629174,-0.3220249775303776,0.36969794684533125,-0.153307449352045,12,0,0,0.0,0.0,9.0,3.9,4.0,0.10000000000000009,1.75,0,0,0,0.0,0.0,0,0,0,0,0,1,0,0,0,0,0,0,1,0,0,0,0,0,0,1,0,0,0,0,0.0
2017-07-13,1.25564552645004,0.9211627984893678,0.3344827279606721,False,True,False,False,60.6227,69.4494,8.82,102.0,0.05632617250451943,1.0928215633341054,1.0364953908427528,0.20963362185656442,1.2685547927865586,1.0589211709299942,0.32447256455200363,1.461530955066114,1.136590959562807,0.1076449902093107,1.0312892965897447,0.923644306380434,0.13958580441929339,0.09560005767001852,0.05632617250451943,0.32447256455200363,0.009437821164938884,0.23603268947751782,-0.3220249775303776,0.36969794684533125,0.27815655545615264,13,0,0,0.0,0.0,9.0,3.9,4.0,0.10000000000000009,1.75,0,0,0,0.0,1.0,0,0,0,0,0,1,0,0,0,0,0,0,1,0,0,0,0,0,0,0,1,0,0,0,0.0
2017-07-14,1.0397022651053331,1.461530955066114,-0.4246252560639123,False,True,False,False,60.1836,68.8139,8.75,141.1,0.3344827279606721,1.25564552645004,0.9211627984893678,0.05632617250451943,1.0928215633341054,1.0364953908427528,0.20963362185656442,1.2685547927865586,1.0589211709299942,0.1076449902093107,1.0312892965897447,0.923644306380434,0.17826429392881307,0.11298617606783881,0.05632617250451943,0.3344827279606721,0.04135723338524882,0.24819302643560845,-0.3220249775303776,0.36969794684533125,-0.7591079840245845,14,0,0,0.0,0.0,9.0,3.9,4.0,0.10000000000000009,1.75,0,0,0,0.0,0.0,0,0,0,0,0,1,0,0,0,0,0,0,1,0,0,0,0,0,0,0,0,1,0,0,-0.0
2017-07-15,1.0397022651053331,1.461530955066114,-0.4246252560639123,False,False,False,False,59.8806,68.3597,8.75,141.1,-0.4246252560639123,1.0397022651053331,1.461530955066114,0.3344827279606721,1.25564552645004,0.9211627984893678,0.05632617250451943,1.0928215633341054,1.0364953908427528,0.32447256455200363,1.461530955066114,1.136590959562807,0.10222568731835266,0.2564536642554808,-0.4246252560639123,0.3344827279606721,0.03402864206142491,0.2609359267917483,-0.4246252560639123,0.36969794684533125,0.0,15,0,0,0.0,0.0,9.0,3.9,4.0,0.10000000000000009,1.75,0,0,0,0.0,0.0,0,0,0,0,0,1,0,0,0,0,0,0,1,0,0,0,0,0,0,0,0,0,1,0,-0.4246252560639123
2017-07-16,1.0397022651053331,1.461530955066114,-0.4246252560639123,False,False,False,False,59.8806,68.3597,8.75,141.1,-0.4246252560639123,1.0397022651053331,1.461530955066114,-0.4246252560639123,1.0397022651053331,1.461530955066114,0.3344827279606721,1.25564552645004,0.9211627984893678,0.20963362185656442,1.2685547927865586,1.0589211709299942,0.02618708070789222,0.3244688868732289,-0.4246252560639123,0.3344827279606721,0.026700050737601004,0.27287297063042587,-0.4246252560639123,0.36969794684533125,0.0,16,0,0,0.0,0.0,9.0,3.9,4.0,0.10000000000000009,1.75,0,0,0,0.0,0.0,0,0,0,0,0,1,0,0,0,0,0,0,1,0,0,0,0,0,0,0,0,0,0,1,-0.4246252560639123
2017-07-17,1.2494891197265174,1.3430284451958885,-0.09529091700605528,False,True,False,False,59.8806,68.3597,8.96,121.44,-0.4246252560639123,1.0397022651053331,1.461530955066114,-0.4246252560639123,1.0397022651053331,1.461530955066114,-0.4246252560639123,1.0397022651053331,1.461530955066114,0.05632617250451943,1.0928215633341054,1.0364953908427528,-0.049851525902568215,0.36235425469904553,-0.4246252560639123,0.3344827279606721,0.019371459413777097,0.2841057531998966,-0.4246252560639123,0.36969794684533125,0.32933433905785703,17,0,0,0.0,0.0,9.0,3.9,4.0,0.10000000000000009,1.75,0,0,0,0.0,0.0,0,0,0,0,0,1,0,0,0,0,0,0,1,0,0,0,0,0,0,0,0,0,0,0,-0.0
2017-07-18,0.9899737017201213,1.0993779057055546,-0.1094042039722662,False,True,False,False,59.0657,67.6184,8.86,100.19,-0.09529091700605528,1.2494891197265174,1.3430284451958885,-0.4246252560639123,1.0397022651053331,1.461530955066114,-0.4246252560639123,1.0397022651053331,1.461530955066114,0.3344827279606721,1.25564552645004,0.9211627984893678,-0.1098177375537195,0.3226396914985516,-0.4246252560639123,0.3344827279606721,0.030265325024637944,0.27587786313821006,-0.4246252560639123,0.36969794684533125,-0.01411328696621092,18,0,0,0.0,0.0,9.0,3.9,4.0,0.10000000000000009,1.75,0,0,0,0.0,0.0,0,0,0,0,0,1,0,0,0,0,0,0,1,0,0,0,0,0,1,0,0,0,0,0,-0.0
2017-07-19,1.2073471925957668,1.1273770570735246,0.07997013552224226,False,True,False,False,59.3705,68.4008,8.91,92.85,-0.1094042039722662,0.9899737017201213,1.0993779057055546,-0.09529091700605528,1.2494891197265174,1.3430284451958885,-0.4246252560639123,1.0397022651053331,1.461530955066114,-0.4246252560639123,1.0397022651053331,1.461530955066114,-0.155394569814981,0.2909720747453925,-0.4246252560639123,0.3344827279606721,-0.003956257176619016,0.25977937070097185,-0.4246252560639123,0.3344827279606721,0.18937433949450846,19,0,0,0.0,0.0,9.0,3.9,4.0,0.10000000000000009,1.75,0,0,0,0.0,0.0,0,0,0,0,0,1,0,0,0,0,0,0,1,0,0,0,0,0,0,1,0,0,0,0,0.0
2017-07-20,2.0935443410406496,1.042624827356216,1.0543355899605564,False,True,False,False,59.2418,68.2762,8.95,92.37,0.07997013552224226,1.2073471925957668,1.1273770570735246,-0.1094042039722662,0.9899737017201213,1.0993779057055546,-0.09529091700605528,1.2494891197265174,1.3430284451958885,-0.4246252560639123,1.0397022651053331,1.461530955066114,-0.15201686081244917,0.2939613067092467,-0.4246252560639123,0.3344827279606721,-0.006215528196577874,0.25883290206799275,-0.4246252560639123,0.3344827279606721,0.9743654544383141,20,0,0,0.0,0.0,9.0,3.9,4.0,0.10000000000000009,1.75,0,0,0,0.0,1.0,0,0,0,0,0,1,0,0,0,0,0,0,1,0,0,0,0,0,0,0,1,0,0,0,0.0
2017-07-21,1.3101674877477294,1.3430284451958885,-0.037462128160119075,False,True,False,False,59.0823,68.0037,8.96,101.45,1.0543355899605564,2.0935443410406496,1.042624827356216,0.07997013552224226,1.2073471925957668,1.1273770570735246,-0.1094042039722662,0.9899737017201213,1.0993779057055546,-0.4246252560639123,1.0397022651053331,1.461530955066114,-0.049180737669608544,0.5264752300443521,-0.4246252560639123,1.0543355899605564,0.06454177812960228,0.38437878067103226,-0.4246252560639123,1.0543355899605564,-1.0917977181206755,21,0,0,0.0,0.0,9.0,3.9,4.0,0.10000000000000009,1.75,0,0,0,0.0,0.0,0,0,0,0,0,1,0,0,0,0,0,0,1,0,0,0,0,0,0,0,0,1,0,0,-0.0
2017-07-22,1.3101674877477294,1.3430284451958885,-0.037462128160119075,False,False,False,False,58.9325,68.6623,8.96,101.45,-0.037462128160119075,1.3101674877477294,1.3430284451958885,1.0543355899605564,2.0935443410406496,1.042624827356216,0.07997013552224226,1.2073471925957668,1.1273770570735246,-0.09529091700605528,1.2494891197265174,1.3430284451958885,0.006128280602361923,0.5001370035637839,-0.4246252560639123,1.0543355899605564,0.0541769839603573,0.3850828598131462,-0.4246252560639123,1.0543355899605564,0.0,22,0,0,0.0,0.0,9.0,3.9,4.0,0.10000000000000009,1.75,0,0,0,0.0,0.0,0,0,0,0,0,1,0,0,0,0,0,0,1,0,0,0,0,0,0,0,0,0,1,0,-0.037462128160119075
2017-07-23,1.3101674877477294,1.3430284451958885,-0.037462128160119075,False,False,False,False,58.9325,68.6623,8.96,101.45,-0.037462128160119075,1.3101674877477294,1.3430284451958885,-0.037462128160119075,1.3101674877477294,1.3430284451958885,1.0543355899605564,2.0935443410406496,1.042624827356216,-0.1094042039722662,0.9899737017201213,1.0993779057055546,0.06143729887433239,0.4647149728368768,-0.4246252560639123,1.0543355899605564,0.04381218979111231,0.3854856487150009,-0.4246252560639123,1.0543355899605564,0.0,23,0,0,0.0,0.0,9.0,3.9,4.0,0.10000000000000009,1.75,0,0,0,0.0,0.0,0,0,0,0,0,1,0,0,0,0,0,0,1,0,0,0,0,0,0,0,0,0,0,1,-0.037462128160119075
2017-07-24,1.395696227360433,2.2647146330754198,-0.8761677704467513,False,True,False,False,58.9325,68.6623,8.94,108.23,-0.037462128160119075,1.3101674877477294,1.3430284451958885,-0.037462128160119075,1.3101674877477294,1.3430284451958885,-0.037462128160119075,1.3101674877477294,1.3430284451958885,0.07997013552224226,1.2073471925957668,1.1273770570735246,0.11674631714630286,0.4179056338281525,-0.1094042039722662,1.0543355899605564,0.03344739562186733,0.3855880915695024,-0.4246252560639123,1.0543355899605564,-0.8387056422866322,24,0,0,0.0,0.0,9.0,3.9,4.0,0.10000000000000009,1.75,0,0,0,1.0,0.0,0,0,0,0,0,1,0,0,0,0,0,0,1,0,0,0,0,0,0,0,0,0,0,0,-0.0
2017-07-25,1.4220301184427053,1.395696227360433,0.031147350824490976,False,True,False,False,59.6572,69.4708,8.93,63.33,-0.8761677704467513,1.395696227360433,2.2647146330754198,-0.037462128160119075,1.3101674877477294,1.3430284451958885,-0.037462128160119075,1.3101674877477294,1.3430284451958885,1.0543355899605564,2.0935443410406496,1.042624827356216,0.005192480940489138,0.5629800915337341,-0.8761677704467513,1.0543355899605564,-0.052312628306615164,0.44484685785066913,-0.8761677704467513,1.0543355899605564,0.9073151212712423,25,0,0,0.0,0.0,9.0,3.9,4.0,0.10000000000000009,1.75,1,1,1,0.0,0.0,0,0,0,0,0,1,0,0,0,0,0,0,1,0,0,0,0,0,1,0,0,0,0,0,0.0
2017-07-26,0.9712781957533455,1.5273656827717947,-0.5618687674371708,False,True,False,False,59.8185,69.7005,9.05,60.79,0.031147350824490976,1.4220301184427053,1.395696227360433,-0.8761677704467513,1.395696227360433,2.2647146330754198,-0.037462128160119075,1.3101674877477294,1.3430284451958885,-0.037462128160119075,1.3101674877477294,1.3430284451958885,0.025271274482883018,0.5607136301486505,-0.8761677704467513,1.0543355899605564,-0.06506164766604898,0.4392850533653174,-0.8761677704467513,1.0543355899605564,-0.5930161182616618,26,0,0,0.0,0.0,9.0,3.9,4.0,0.10000000000000009,1.75,1,0,1,0.0,0.0,0,0,0,0,0,1,0,0,0,0,0,0,1,0,0,0,0,0,0,1,0,0,0,0,-0.0
2017-07-27,1.3298614996547522,1.1371480143836674,0.19512377664295977,False,True,False,False,59.9102,69.6816,9.13,70.45,-0.5618687674371708,0.9712781957533455,1.5273656827717947,0.031147350824490976,1.4220301184427053,1.395696227360433,-0.8761677704467513,1.395696227360433,2.2647146330754198,-0.037462128160119075,1.3101674877477294,1.3430284451958885,-0.06641999736846171,0.6012887670520332,-0.8761677704467513,1.0543355899605564,-0.10921842909045543,0.45686325743815653,-0.8761677704467513,1.0543355899605564,0.7569925440801306,27,0,0,0.0,0.0,9.0,3.9,4.0,0.10000000000000009,1.75,1,0,1,0.0,0.0,0,0,0,0,0,1,0,0,0,0,0,0,1,0,0,0,0,0,0,0,1,0,0,0,0.0
2017-07-28,1.098768273664781,1.3430284451958885,-0.24622969315986046,False,True,False,False,59.4102,69.6406,9.17,81.65,0.19512377664295977,1.3298614996547522,1.1371480143836674,-0.5618687674371708,0.9712781957533455,1.5273656827717947,0.031147350824490976,1.4220301184427053,1.395696227360433,-0.037462128160119075,1.3101674877477294,1.3430284451958885,-0.18916454212811834,0.3821294685955844,-0.8761677704467513,0.19512377664295977,-0.11917263989886347,0.4478820862170481,-0.8761677704467513,1.0543355899605564,-0.4413534698028202,28,0,0,0.0,0.0,9.0,3.9,4.0,0.10000000000000009,1.75,1,0,1,0.0,0.0,0,0,0,0,0,1,0,0,0,0,0,0,1,0,0,0,0,0,0,0,0,1,0,0,-0.0
2017-07-29,1.098768273664781,1.3430284451958885,-0.24622969315986046,False,False,False,False,59.5436,69.6779,9.17,81.65,-0.24622969315986046,1.098768273664781,1.3430284451958885,0.19512377664295977,1.3298614996547522,1.1371480143836674,-0.5618687674371708,0.9712781957533455,1.5273656827717947,-0.8761677704467513,1.395696227360433,2.2647146330754198,-0.21898847998522428,0.37642044816673814,-0.8761677704467513,0.19512377664295977,-0.10643009969143118,0.44100825933587173,-0.8761677704467513,1.0543355899605564,0.0,29,0,0,0.0,0.0,9.0,3.9,4.0,0.10000000000000009,1.75,1,0,0,0.0,0.0,0,0,0,0,0,1,0,0,0,0,0,0,1,0,0,0,0,0,0,0,0,0,1,0,-0.24622969315986046
2017-07-30,1.098768273664781,1.3430284451958885,-0.24622969315986046,False,False,False,False,59.5436,69.6779,9.17,81.65,-0.24622969315986046,1.098768273664781,1.3430284451958885,-0.24622969315986046,1.098768273664781,1.3430284451958885,0.19512377664295977,1.3298614996547522,1.1371480143836674,0.031147350824490976,1.4220301184427053,1.395696227360433,-0.24881241784233019,0.3678129323427537,-0.8761677704467513,0.19512377664295977,-0.0936875594839989,0.43362251029010684,-0.8761677704467513,1.0543355899605564,0.0,30,0,0,0.0,0.0,9.0,3.9,4.0,0.10000000000000009,1.75,1,0,0,0.0,0.0,0,0,0,0,0,1,0,0,0,0,0,0,1,0,0,0,0,0,0,0,0,0,0,1,-0.24622969315986046
2017-07-31,1.5536995738540669,1.5800334649363392,-0.03414020270743388,False,True,False,True,59.5436,69.6779,9.24,89.8,-0.24622969315986046,1.098768273664781,1.3430284451958885,-0.24622969315986046,1.098768273664781,1.3430284451958885,-0.24622969315986046,1.098768273664781,1.3430284451958885,-0.5618687674371708,0.9712781957533455,1.5273656827717947,-0.2786363556994361,0.3560967971924558,-0.8761677704467513,0.19512377664295977,-0.08094501927656662,0.42569819477847237,-0.8761677704467513,1.0543355899605564,0.2120894904524266,31,0,1,0.0,0.0,9.0,3.9,4.0,0.10000000000000009,1.75,1,0,1,0.0,0.0,0,0,0,0,0,1,0,0,0,0,0,0,1,0,0,0,0,0,0,0,0,0,0,0,-0.0
2017-08-01,1.0936340528430444,1.2475609061634978,-0.15392685332045344,False,True,True,False,60.0633,70.4603,8.9,94.22,-0.03414020270743388,1.5536995738540669,1.5800334649363392,-0.24622969315986046,1.098768273664781,1.3430284451958885,-0.24622969315986046,1.098768273664781,1.3430284451958885,0.19512377664295977,1.3298614996547522,1.1371480143836674,-0.15834670316524788,0.24572238654449732,-0.5618687674371708,0.19512377664295977,-0.07657711111237939,0.4258533672212345,-0.8761677704467513,1.0543355899605564,-0.11978665061301957,1,1,0,0.0,1.0,9.0,3.3,4.0,0.7000000000000002,1.75,0,0,0,0.0,0.0,0,0,0,0,0,0,1,0,0,0,0,0,1,0,0,0,0,0,1,0,0,0,0,0,-0.0
2017-08-02,1.3166945541136161,1.1018748625976622,0.21609908599622257,False,True,False,False,59.8454,70.7313,8.7,68.85,-0.15392685332045344,1.0936340528430444,1.2475609061634978,-0.03414020270743388,1.5536995738540669,1.5800334649363392,-0.24622969315986046,1.098768273664781,1.3430284451958885,-0.24622969315986046,1.098768273664781,1.3430284451958885,-0.1847858751859542,0.23147904057385021,-0.5618687674371708,0.19512377664295977,-0.07975730035153561,0.4262833969773643,-0.8761677704467513,1.0543355899605564,0.37002593931667604,2,0,0,1.0,0.0,9.0,3.3,4.0,0.7000000000000002,1.75,0,0,0,0.0,1.0,0,0,0,0,0,0,1,0,0,0,0,0,1,0,0,0,0,0,0,1,0,0,0,0,0.0
2017-08-03,1.240488166905819,0.9218293348692023,0.3186588320366168,False,True,False,False,60.5819,71.6866,8.64,95.5,0.21609908599622257,1.3166945541136161,1.1018748625976622,-0.15392685332045344,1.0936340528430444,1.2475609061634978,-0.03414020270743388,1.5536995738540669,1.5800334649363392,-0.24622969315986046,1.098768273664781,1.3430284451958885,-0.07364761040975518,0.20556853056064703,-0.24622969315986046,0.21609908599622257,-0.07003380388910845,0.4317248453502326,-0.8761677704467513,1.0543355899605564,0.10255974604039425,3,0,0,0.0,0.0,9.0,3.3,4.0,0.7000000000000002,1.75,0,0,0,0.0,1.0,0,0,0,0,0,0,1,0,0,0,0,0,1,0,0,0,0,0,0,0,1,0,0,0,0.0
2017-08-04,1.1833116460923485,0.9987325573497277,0.1845790887426209,False,True,False,False,60.7503,71.9527,8.34,102.3,0.3186588320366168,1.240488166905819,0.9218293348692023,0.21609908599622257,1.3166945541136161,1.1018748625976622,-0.15392685332045344,1.0936340528430444,1.2475609061634978,-0.24622969315986046,1.098768273664781,1.3430284451958885,-0.05599974535351845,0.23559735455524125,-0.24622969315986046,0.3186588320366168,-0.12258214374081841,0.3127101491926919,-0.8761677704467513,0.3186588320366168,-0.1340797432939959,4,0,0,0.0,0.0,9.0,3.3,4.0,0.7000000000000002,1.75,0,0,0,0.0,0.0,0,0,0,0,0,0,1,0,0,0,0,0,1,0,0,0,0,0,0,0,0,1,0,0,0.0
2017-08-05,1.1833116460923485,0.9987325573497277,0.1845790887426209,False,False,False,False,60.3281,71.6879,8.34,102.3,0.1845790887426209,1.1833116460923485,0.9987325573497277,0.3186588320366168,1.240488166905819,0.9218293348692023,0.21609908599622257,1.3166945541136161,1.1018748625976622,-0.03414020270743388,1.5536995738540669,1.5800334649363392,0.0055443663468360315,0.23388518530050964,-0.24622969315986046,0.3186588320366168,-0.10672205681919412,0.32282649531354357,-0.8761677704467513,0.3186588320366168,0.0,5,0,0,0.0,0.0,9.0,3.3,4.0,0.7000000000000002,1.75,0,0,0,0.0,0.0,0,0,0,0,0,0,1,0,0,0,0,0,1,0,0,0,0,0,0,0,0,0,1,0,0.1845790887426209
2017-08-06,1.1833116460923485,0.9987325573497277,0.1845790887426209,False,False,False,False,60.3281,71.6879,8.34,102.3,0.1845790887426209,1.1833116460923485,0.9987325573497277,0.1845790887426209,1.1833116460923485,0.9987325573497277,0.3186588320366168,1.240488166905819,0.9218293348692023,-0.15392685332045344,1.0936340528430444,1.2475609061634978,0.06708847804719051,0.21227466107470155,-0.24622969315986046,0.3186588320366168,-0.09086196989756982,0.3318199379275354,-0.8761677704467513,0.3186588320366168,0.0,6,0,0,0.0,0.0,9.0,3.3,4.0,0.7000000000000002,1.75,0,0,0,0.0,0.0,0,0,0,0,0,0,1,0,0,0,0,0,1,0,0,0,0,0,0,0,0,0,0,1,0.1845790887426209
2017-08-07,1.4088631729015693,1.2439663963263385,0.16740887059610787,False,True,False,False,60.3281,71.6879,8.24,69.75,0.1845790887426209,1.1833116460923485,0.9987325573497277,0.1845790887426209,1.1833116460923485,0.9987325573497277,0.1845790887426209,1.1833116460923485,0.9987325573497277,0.21609908599622257,1.3166945541136161,1.1018748625976622,0.12863258974754502,0.1630364038103304,-0.15392685332045344,0.3186588320366168,-0.07500188297594555,0.3397796533012827,-0.8761677704467513,0.3186588320366168,-0.01717021814651304,7,0,0,0.0,0.0,9.0,3.3,4.0,0.7000000000000002,1.75,0,0,0,0.0,0.0,0,0,0,0,0,0,1,0,0,0,0,0,1,0,0,0,0,0,0,0,0,0,0,0,0.0
2017-08-08,1.1354983416811129,1.0773112376782674,0.05818710398967851,False,True,False,False,60.0605,70.8414,8.22,155.02,0.16740887059610787,1.4088631729015693,1.2439663963263385,0.1845790887426209,1.1833116460923485,0.9987325573497277,0.1845790887426209,1.1833116460923485,0.9987325573497277,0.3186588320366168,1.240488166905819,0.9218293348692023,0.15742531450519381,0.14645288480400878,-0.15392685332045344,0.3186588320366168,-0.000460694330027041,0.2541894383362467,-0.5618687674371708,0.3186588320366168,-0.10922176660642936,8,0,0,0.0,0.0,9.0,3.3,4.0,0.7000000000000002,1.75,0,0,0,0.0,0.0,0,0,0,0,0,0,1,0,0,0,0,0,1,0,0,0,0,0,1,0,0,0,0,0,0.0
2017-08-09,1.0539532752276721,1.1521298305245646,-0.09817655529689266,False,True,False,False,59.9886,70.8405,8.63,151.94,0.05818710398967851,1.1354983416811129,1.0773112376782674,0.16740887059610787,1.4088631729015693,1.2439663963263385,0.1845790887426209,1.1833116460923485,0.9987325573497277,0.1845790887426209,1.1833116460923485,0.9987325573497277,0.18772730840664126,0.07656289242649446,0.05818710398967851,0.3186588320366168,0.0014707166103434968,0.25455055235517576,-0.5618687674371708,0.3186588320366168,-0.15636365928657117,9,0,0,0.0,0.0,9.0,3.3,4.0,0.7000000000000002,1.75,0,0,0,0.0,0.0,0,0,0,0,0,0,1,0,0,0,0,0,1,0,0,0,0,0,0,1,0,0,0,0,-0.0
2017-08-10,1.1893375918358884,1.2751699510873895,-0.08583235925150103,False,True,False,False,59.9611,70.4183,8.44,180.0,-0.09817655529689266,1.0539532752276721,1.1521298305245646,0.05818710398967851,1.1354983416811129,1.0773112376782674,0.16740887059610787,1.4088631729015693,1.2439663963263385,0.1845790887426209,1.1833116460923485,0.9987325573497277,0.14283078822191048,0.13038241051128313,-0.09817655529689266,0.3186588320366168,0.03459158890607765,0.1999169254629064,-0.24622969315986046,0.3186588320366168,0.012344196045391637,10,0,0,0.0,0.0,9.0,3.3,4.0,0.7000000000000002,1.75,0,0,0,0.0,0.0,0,0,0,0,0,0,1,0,0,0,0,0,1,0,0,0,0,0,0,0,1,0,0,0,-0.0
2017-08-11,1.202165294185224,1.085407259802299,0.11675803438292502,False,True,False,False,59.9298,70.2677,8.35,142.05,-0.08583235925150103,1.1893375918358884,1.2751699510873895,-0.09817655529689266,1.0539532752276721,1.1521298305245646,0.05818710398967851,1.1354983416811129,1.0773112376782674,0.1845790887426209,1.1833116460923485,0.9987325573497277,0.08504633232360793,0.12909651973161873,-0.09817655529689266,0.1845790887426209,0.014523293485044738,0.19663733415367335,-0.24622969315986046,0.3186588320366168,0.20259039363442605,11,0,0,0.0,0.0,9.0,3.3,4.0,0.7000000000000002,1.75,0,0,0,0.0,0.0,0,0,0,0,0,0,1,0,0,0,0,0,1,0,0,0,0,0,0,0,0,1,0,0,0.0
2017-08-12,1.202165294185224,1.085407259802299,0.11675803438292502,False,False,False,False,60.1873,70.7502,8.35,142.05,0.11675803438292502,1.202165294185224,1.085407259802299,-0.08583235925150103,1.1893375918358884,1.2751699510873895,-0.09817655529689266,1.0539532752276721,1.1521298305245646,0.16740887059610787,1.4088631729015693,1.2439663963263385,0.0753576102722228,0.12277162507620039,-0.09817655529689266,0.1845790887426209,0.040450988309529416,0.18307407549893784,-0.24622969315986046,0.3186588320366168,0.0,12,0,0,0.0,0.0,9.0,3.3,4.0,0.7000000000000002,1.75,0,0,0,0.0,0.0,0,0,0,0,0,0,1,0,0,0,0,0,1,0,0,0,0,0,0,0,0,0,1,0,0.11675803438292502
2017-08-13,1.202165294185224,1.085407259802299,0.11675803438292502,False,False,False,False,60.1873,70.7502,8.35,142.05,0.11675803438292502,1.202165294185224,1.085407259802299,0.11675803438292502,1.202165294185224,1.085407259802299,-0.08583235925150103,1.1893375918358884,1.2751699510873895,0.05818710398967851,1.1354983416811129,1.0773112376782674,0.06566888822083768,0.11515554405199814,-0.09817655529689266,0.1845790887426209,0.0663786831340141,0.16406730318922624,-0.24622969315986046,0.3186588320366168,0.0,13,0,0,0.0,0.0,9.0,3.3,4.0,0.7000000000000002,1.75,0,0,0,0.0,0.0,0,0,0,0,0,0,1,0,0,0,0,0,1,0,0,0,0,0,0,0,0,0,0,1,0.11675803438292502
2017-08-14,1.26349225276368,1.298052622776045,-0.03456037002553182,False,True,False,False,60.1873,70.7502,8.25,84.5,0.11675803438292502,1.202165294185224,1.085407259802299,0.11675803438292502,1.202165294185224,1.085407259802299,0.11675803438292502,1.202165294185224,1.085407259802299,-0.09817655529689266,1.0539532752276721,1.1521298305245646,0.055980166169452554,0.10597024871631626,-0.09817655529689266,0.16740887059610787,0.09230637795849879,0.1373758703377252,-0.15392685332045344,0.3186588320366168,-0.15131840440845684,14,0,0,0.0,0.0,9.0,3.3,4.0,0.7000000000000002,1.75,0,0,0,0.0,0.0,0,0,0,0,0,0,1,0,0,0,0,0,1,0,0,0,0,0,0,0,0,0,0,0,-0.0
2017-08-15,1.2846304712171732,1.2750992225615336,0.009531248654322906,False,True,False,False,59.799,70.6645,8.33,99.29,-0.03456037002553182,1.26349225276368,1.298052622776045,0.11675803438292502,1.202165294185224,1.085407259802299,0.11675803438292502,1.202165294185224,1.085407259802299,-0.08583235925150103,1.1893375918358884,1.2751699510873895,0.027127417509218314,0.09775140788884273,-0.09817655529689266,0.11675803438292502,0.09227636600720605,0.13740566222111852,-0.15392685332045344,0.3186588320366168,0.04409161867985473,15,0,0,0.0,0.0,9.0,3.3,4.0,0.7000000000000002,1.75,0,0,0,0.0,0.0,0,0,0,0,0,0,1,0,0,0,0,0,1,0,0,0,0,0,1,0,0,0,0,0,0.0
2017-08-16,1.014395064626589,1.194341740286873,-0.17994667566028408,False,True,False,False,59.9266,70.3718,8.5,74.5,0.009531248654322906,1.2846304712171732,1.2750992225615336,-0.03456037002553182,1.26349225276368,1.298052622776045,0.11675803438292502,1.202165294185224,1.085407259802299,0.11675803438292502,1.202165294185224,1.085407259802299,0.02017658103273894,0.09690093618876244,-0.09817655529689266,0.11675803438292502,0.10395194471969008,0.12081975431900217,-0.09817655529689266,0.3186588320366168,-0.18947792431460697,16,0,0,0.0,0.0,9.0,3.3,4.0,0.7000000000000002,1.75,0,0,0,0.0,0.0,0,0,0,0,0,0,1,0,0,0,0,0,1,0,0,0,0,0,0,1,0,0,0,0,-0.0
2017-08-17,1.1250701083171017,0.9431859992693566,0.1818841090477451,False,True,False,False,59.6521,69.9958,8.51,79.45,-0.17994667566028408,1.014395064626589,1.194341740286873,0.009531248654322906,1.2846304712171732,1.2750992225615336,-0.03456037002553182,1.26349225276368,1.298052622776045,0.11675803438292502,1.202165294185224,1.085407259802299,0.008495135266540166,0.11649421185162834,-0.17994667566028408,0.11675803438292502,0.07566296174422531,0.13772438558062838,-0.17994667566028408,0.3186588320366168,0.3618307847080292,17,0,0,0.0,0.0,9.0,3.3,4.0,0.7000000000000002,1.75,0,0,0,0.0,0.0,0,0,0,0,0,0,1,0,0,0,0,0,1,0,0,0,0,0,0,0,1,0,0,0,0.0
2017-08-18,1.0496874276971535,0.9341117231128447,0.11557570458430894,False,True,False,False,59.249,69.6531,8.52,89.7,0.1818841090477451,1.1250701083171017,0.9431859992693566,-0.17994667566028408,1.014395064626589,1.194341740286873,0.009531248654322906,1.2846304712171732,1.2750992225615336,0.11675803438292502,1.202165294185224,1.085407259802299,0.046740345023575325,0.12406489960965544,-0.17994667566028408,0.1818841090477451,0.06589333867359162,0.12325201969087204,-0.17994667566028408,0.1845790887426209,-0.06630840446343617,18,0,0,0.0,0.0,9.0,3.3,4.0,0.7000000000000002,1.75,0,0,0,0.0,0.0,0,0,0,0,0,0,1,0,0,0,0,0,1,0,0,0,0,0,0,0,0,1,0,0,0.0
2017-08-19,1.0496874276971535,0.9341117231128447,0.11557570458430894,False,False,False,False,59.3612,69.7197,8.52,89.7,0.11557570458430894,1.0496874276971535,0.9341117231128447,0.1818841090477451,1.1250701083171017,0.9431859992693566,-0.17994667566028408,1.014395064626589,1.194341740286873,-0.03456037002553182,1.26349225276368,1.298052622776045,0.046571440766630175,0.12395444465139892,-0.17994667566028408,0.1818841090477451,0.06096452551942649,0.11946216333021203,-0.17994667566028408,0.1845790887426209,0.0,19,0,0,0.0,0.0,9.0,3.3,4.0,0.7000000000000002,1.75,0,0,0,0.0,0.0,0,0,0,0,0,0,1,0,0,0,0,0,1,0,0,0,0,0,0,0,0,0,1,0,0.11557570458430894
2017-08-20,1.0496874276971535,0.9341117231128447,0.11557570458430894,False,False,False,False,59.3612,69.7197,8.52,89.7,0.11557570458430894,1.0496874276971535,0.9341117231128447,0.11557570458430894,1.0496874276971535,0.9341117231128447,0.1818841090477451,1.1250701083171017,0.9431859992693566,0.009531248654322906,1.2846304712171732,1.2750992225615336,0.04640253650968502,0.12384362242632513,-0.17994667566028408,0.1818841090477451,0.05603571236526134,0.11532143236937605,-0.17994667566028408,0.1845790887426209,0.0,20,0,0,0.0,0.0,9.0,3.3,4.0,0.7000000000000002,1.75,0,0,0,0.0,0.0,0,0,0,0,0,0,1,0,0,0,0,0,1,0,0,0,0,0,0,0,0,0,0,1,0.11557570458430894
2017-08-21,1.2817487882504426,1.2030608858702583,0.07868790238018425,False,True,False,False,59.3612,69.7197,8.56,158.78,0.11557570458430894,1.0496874276971535,0.9341117231128447,0.11557570458430894,1.0496874276971535,0.9341117231128447,0.11557570458430894,1.0496874276971535,0.9341117231128447,-0.17994667566028408,1.014395064626589,1.194341740286873,0.04623363225273986,0.12373243194759521,-0.17994667566028408,0.1818841090477451,0.051106899211096214,0.11079049258149393,-0.17994667566028408,0.1818841090477451,-0.03688780220412469,21,0,0,0.0,0.0,9.0,3.3,4.0,0.7000000000000002,1.75,0,0,0,0.0,0.0,0,0,0,0,0,0,1,0,0,0,0,0,1,0,0,0,0,0,0,0,0,0,0,0,0.0
2017-08-22,1.0077900547885348,1.084271148010242,-0.07648109322170714,False,True,False,False,59.1409,69.4314,8.57,149.4,0.07868790238018425,1.2817487882504426,1.2030608858702583,0.11557570458430894,1.0496874276971535,0.9341117231128447,0.11557570458430894,1.0496874276971535,0.9341117231128447,0.1818841090477451,1.1250701083171017,0.9431859992693566,0.06241195688212787,0.11870954035281829,-0.17994667566028408,0.1818841090477451,0.04476968719567309,0.10606284487032495,-0.17994667566028408,0.1818841090477451,-0.1551689956018914,22,0,0,0.0,0.0,9.0,3.3,4.0,0.7000000000000002,1.75,0,0,0,0.0,0.0,0,0,0,0,0,0,1,0,0,0,0,0,1,0,0,0,0,0,1,0,0,0,0,0,-0.0
2017-08-23,1.011272774348155,0.9426394117225254,0.06863336262562962,False,True,False,False,59.0396,69.59,8.4,178.05,-0.07648109322170714,1.0077900547885348,1.084271148010242,0.07868790238018425,1.2817487882504426,1.2030608858702583,0.11557570458430894,1.0496874276971535,0.9341117231128447,0.11557570458430894,1.0496874276971535,0.9341117231128447,0.050124479471266435,0.12909283815745393,-0.17994667566028408,0.1818841090477451,0.03515053025200269,0.11075530268949038,-0.17994667566028408,0.1818841090477451,0.14511445584733676,23,0,0,0.0,0.0,9.0,3.3,4.0,0.7000000000000002,1.75,0,0,0,0.0,0.0,0,0,0,0,0,0,1,0,0,0,0,0,1,0,0,0,0,0,0,1,0,0,0,0,0.0
2017-08-24,1.1902787917925675,1.19688634626135,-0.006607554462199014,False,True,False,False,59.1312,69.5619,8.37,142.65,0.06863336262562962,1.011272774348155,0.9426394117225254,-0.07648109322170714,1.0077900547885348,1.084271148010242,0.07868790238018425,1.2817487882504426,1.2030608858702583,0.11557570458430894,1.0496874276971535,0.9341117231128447,0.08563591351211126,0.08017914720577757,-0.07648109322170714,0.1818841090477451,0.047065524389325715,0.10408023202859196,-0.17994667566028408,0.1818841090477451,-0.07524091708782864,24,0,0,0.0,0.0,9.0,3.3,4.0,0.7000000000000002,1.75,0,0,0,0.0,0.0,0,0,0,0,0,0,1,0,0,0,0,0,1,0,0,0,0,0,0,0,1,0,0,0,-0.0
2017-08-25,1.068536373755274,1.2990810354317128,-0.23054466167643886,False,True,False,False,59.1397,69.7434,8.53,97.6,-0.006607554462199014,1.1902787917925675,1.19688634626135,0.06863336262562962,1.011272774348155,0.9426394117225254,-0.07648109322170714,1.0077900547885348,1.084271148010242,0.11557570458430894,1.0496874276971535,0.9341117231128447,0.058708533010690664,0.07387120478154138,-0.07648109322170714,0.11557570458430894,0.052724439017132994,0.09829142563712334,-0.17994667566028408,0.1818841090477451,-0.22393710721423984,25,0,0,0.0,0.0,9.0,3.3,4.0,0.7000000000000002,1.75,1,1,1,0.0,0.0,0,0,0,0,0,0,1,0,0,0,0,0,1,0,0,0,0,0,0,0,0,1,0,0,-0.0
2017-08-26,1.068536373755274,1.2990810354317128,-0.23054466167643886,False,False,False,False,59.1476,69.6995,8.53,97.6,-0.23054466167643886,1.068536373755274,1.2990810354317128,-0.006607554462199014,1.1902787917925675,1.19688634626135,0.06863336262562962,1.011272774348155,0.9426394117225254,0.07868790238018425,1.2817487882504426,1.2030608858702583,0.009262766402012405,0.12653133864814317,-0.23054466167643886,0.11557570458430894,0.027917103584321288,0.12188300954147235,-0.23054466167643886,0.1818841090477451,0.0,26,0,0,0.0,0.0,9.0,3.3,4.0,0.7000000000000002,1.75,1,0,0,0.0,0.0,0,0,0,0,0,0,1,0,0,0,0,0,1,0,0,0,0,0,0,0,0,0,1,0,-0.23054466167643886
2017-08-27,1.068536373755274,1.2990810354317128,-0.23054466167643886,False,False,False,False,59.1476,69.6995,8.53,97.6,-0.23054466167643886,1.068536373755274,1.2990810354317128,-0.23054466167643886,1.068536373755274,1.2990810354317128,-0.006607554462199014,1.1902787917925675,1.19688634626135,-0.07648109322170714,1.0077900547885348,1.084271148010242,-0.040183000206665855,0.14442532836992053,-0.23054466167643886,0.11557570458430894,0.0031097681515095837,0.13683656810848588,-0.23054466167643886,0.1818841090477451,0.0,27,0,0,0.0,0.0,9.0,3.3,4.0,0.7000000000000002,1.75,1,0,0,0.0,0.0,0,0,0,0,0,0,1,0,0,0,0,0,1,0,0,0,0,0,0,0,0,0,0,1,-0.23054466167643886
2017-08-28,1.3561953907370246,1.382529281819297,-0.025162831267353254,False,True,False,False,59.1476,69.6995,8.58,89.68,-0.23054466167643886,1.068536373755274,1.2990810354317128,-0.23054466167643886,1.068536373755274,1.2990810354317128,-0.23054466167643886,1.068536373755274,1.2990810354317128,0.06863336262562962,1.011272774348155,0.9426394117225254,-0.08962876681534411,0.1414299909491663,-0.23054466167643886,0.07868790238018425,-0.02169756728130212,0.14583394469136154,-0.23054466167643886,0.1818841090477451,0.20538183040908561,28,0,0,0.0,0.0,9.0,3.3,4.0,0.7000000000000002,1.75,1,0,1,0.0,0.0,0,0,0,0,0,0,1,0,0,0,0,0,1,0,0,0,0,0,0,0,0,0,0,0,-0.0
2017-08-29,1.0321816401473172,1.0889680414287652,-0.056786401281448025,False,True,False,False,58.5469,69.8465,8.55,76.72,-0.025162831267353254,1.3561953907370246,1.382529281819297,-0.23054466167643886,1.068536373755274,1.2990810354317128,-0.23054466167643886,1.068536373755274,1.2990810354317128,-0.006607554462199014,1.1902787917925675,1.19688634626135,-0.10446458590784946,0.12536566453065046,-0.23054466167643886,0.06863336262562962,-0.0210263145128608,0.14579180644680864,-0.23054466167643886,0.1818841090477451,-0.03162357001409477,29,0,0,0.0,0.0,9.0,3.3,4.0,0.7000000000000002,1.75,1,0,1,0.0,0.0,0,0,0,0,0,0,1,0,0,0,0,0,1,0,0,0,0,0,1,0,0,0,0,0,-0.0
2017-08-30,1.1309453594486127,1.2312289004575663,-0.10028354100895343,False,True,False,False,58.532,70.4316,8.56,84.68,-0.056786401281448025,1.0321816401473172,1.0889680414287652,-0.025162831267353254,1.3561953907370246,1.382529281819297,-0.23054466167643886,1.068536373755274,1.2990810354317128,-0.23054466167643886,1.068536373755274,1.2990810354317128,-0.10165105848781245,0.12631575576692738,-0.23054466167643886,0.06863336262562962,-0.025763289508273005,0.14579995115562877,-0.23054466167643886,0.1818841090477451,-0.0434971397275054,30,0,0,0.0,0.0,9.0,3.3,4.0,0.7000000000000002,1.75,1,0,1,0.0,0.0,0,0,0,0,0,0,1,0,0,0,0,0,1,0,0,0,0,0,0,1,0,0,0,0,-0.0
2017-08-31,1.382529281819297,1.145165522064105,0.23510325172421187,False,True,False,True,58.7306,70.2007,8.71,136.57,-0.10028354100895343,1.1309453594486127,1.2312289004575663,-0.056786401281448025,1.0321816401473172,1.0889680414287652,-0.025162831267353254,1.3561953907370246,1.382529281819297,-0.23054466167643886,1.068536373755274,1.2990810354317128,-0.12578204472132432,0.10219505490622793,-0.23054466167643886,-0.006607554462199014,-0.020073065604606533,0.14078805267443656,-0.23054466167643886,0.1818841090477451,0.3353867927331653,31,0,1,0.0,0.0,9.0,3.3,4.0,0.7000000000000002,1.75,1,0,1,0.0,1.0,0,0,0,0,0,0,1,0,0,0,0,0,1,0,0,0,0,0,0,0,1,0,0,0,0.0
2017-09-01,0.9435791571267305,1.2091107597459265,-0.26553160261919617,False,True,True,False,58.5454,69.6222,8.78,105.67,0.23510325172421187,1.382529281819297,1.145165522064105,-0.10028354100895343,1.1309453594486127,1.2312289004575663,-0.056786401281448025,1.0321816401473172,1.0889680414287652,-0.23054466167643886,1.068536373755274,1.2990810354317128,-0.09125192955183706,0.16849941224944742,-0.23054466167643886,0.23510325172421187,-0.016271698270573193,0.14723151107840615,-0.23054466167643886,0.23510325172421187,-0.500634854343408,1,1,0,0.0,1.0,8.5,3.0,4.0,1.0,1.75,0,0,0,0.0,0.0,0,0,0,0,0,0,0,1,0,0,0,0,1,0,0,0,0,0,0,0,0,1,0,0,-0.0
2017-09-02,0.9435791571267305,1.2091107597459265,-0.26553160261919617,False,False,False,False,58.0557,68.9992,8.78,105.67,-0.26553160261919617,0.9435791571267305,1.2091107597459265,0.23510325172421187,1.382529281819297,1.145165522064105,-0.10028354100895343,1.1309453594486127,1.2312289004575663,-0.025162831267353254,1.3561953907370246,1.382529281819297,-0.09625006397223095,0.1737567175480297,-0.26553160261919617,0.23510325172421187,-0.04349364878510927,0.15595236208694924,-0.26553160261919617,0.23510325172421187,0.0,2,0,0,1.0,0.0,8.5,3.0,4.0,1.0,1.75,0,0,0,0.0,0.0,0,0,0,0,0,0,0,1,0,0,0,0,1,0,0,0,0,0,0,0,0,0,1,0,-0.26553160261919617
2017-09-03,0.9435791571267305,1.2091107597459265,-0.26553160261919617,False,False,False,False,58.0557,68.9992,8.78,105.67,-0.26553160261919617,0.9435791571267305,1.2091107597459265,-0.26553160261919617,0.9435791571267305,1.2091107597459265,0.23510325172421187,1.382529281819297,1.145165522064105,-0.056786401281448025,1.0321816401473172,1.0889680414287652,-0.10124819839262485,0.17869653619043344,-0.26553160261919617,0.23510325172421187,-0.07071559929964534,0.15927675952701065,-0.26553160261919617,0.23510325172421187,0.0,3,0,0,0.0,0.0,8.5,3.0,4.0,1.0,1.75,0,0,0,0.0,0.0,0,0,0,0,0,0,0,1,0,0,0,0,1,0,0,0,0,0,0,0,0,0,0,1,-0.26553160261919617
2017-09-04,0.9775955160870007,1.0250542105066354,-0.04745869440646779,False,True,False,False,58.0557,68.9992,8.94,60.05,-0.26553160261919617,0.9435791571267305,1.2091107597459265,-0.26553160261919617,0.9435791571267305,1.2091107597459265,-0.26553160261919617,0.9435791571267305,1.2091107597459265,-0.10028354100895343,1.1309453594486127,1.2312289004575663,-0.10624633281301876,0.18334453192988484,-0.26553160261919617,0.23510325172421187,-0.09793754981418144,0.1575466867604952,-0.26553160261919617,0.23510325172421187,0.21807290821272837,4,0,0,0.0,0.0,8.5,3.0,4.0,1.0,1.75,0,0,0,0.0,0.0,0,0,0,0,0,0,0,1,0,0,0,0,1,0,0,0,0,0,0,0,0,0,0,0,-0.0
2017-09-05,1.3298614996547522,1.2286873827506652,0.10597465983322898,False,True,False,False,57.7817,68.7256,8.58,183.2,-0.04745869440646779,0.9775955160870007,1.0250542105066354,-0.26553160261919617,0.9435791571267305,1.2091107597459265,-0.26553160261919617,0.9435791571267305,1.2091107597459265,0.23510325172421187,1.382529281819297,1.145165522064105,-0.10943145611860654,0.1818890419389168,-0.26553160261919617,0.23510325172421187,-0.10694802101322799,0.15009929657574364,-0.26553160261919617,0.23510325172421187,0.15343335423969678,5,0,0,0.0,0.0,8.5,3.0,4.0,1.0,1.75,0,0,0,0.0,0.0,0,0,0,0,0,0,0,1,0,0,0,0,1,0,0,0,0,0,1,0,0,0,0,0,0.0
2017-09-06,1.073680547010302,0.9164898215765601,0.1571907254337419,False,True,False,False,57.8503,68.7782,8.49,98.33,0.10597465983322898,1.3298614996547522,1.2286873827506652,-0.04745869440646779,0.9775955160870007,1.0250542105066354,-0.26553160261919617,0.9435791571267305,1.2091107597459265,-0.26553160261919617,0.9435791571267305,1.2091107597459265,-0.08617987595936698,0.19930946732660057,-0.26553160261919617,0.23510325172421187,-0.0939154672235897,0.1605081725062383,-0.26553160261919617,0.23510325172421187,0.05121606560051292,6,0,0,0.0,0.0,8.5,3.0,4.0,1.0,1.75,0,0,0,0.0,0.0,0,0,0,0,0,0,0,1,0,0,0,0,1,0,0,0,0,0,0,1,0,0,0,0,0.0
2017-09-07,1.312621747224344,1.067942947209231,0.24467880002827985,False,True,False,False,57.3387,68.4165,8.46,135.97,0.1571907254337419,1.073680547010302,0.9164898215765601,0.10597465983322898,1.3298614996547522,1.2286873827506652,-0.04745869440646779,0.9775955160870007,1.0250542105066354,-0.26553160261919617,0.9435791571267305,1.2091107597459265,-0.049397837896124785,0.21905307217738032,-0.26553160261919617,0.23510325172421187,-0.08758994130872454,0.16893088726752595,-0.26553160261919617,0.23510325172421187,0.08748807459453795,7,0,0,0.0,0.0,8.5,3.0,4.0,1.0,1.75,0,0,0,0.0,1.0,0,0,0,0,0,0,0,1,0,0,0,0,1,0,0,0,0,0,0,0,1,0,0,0,0.0
2017-09-08,1.1990238685560055,1.0793915586797391,0.11963230987626627,False,True,False,False,57.1411,68.2436,8.42,209.78,0.24467880002827985,1.312621747224344,1.067942947209231,0.1571907254337419,1.073680547010302,0.9164898215765601,0.10597465983322898,1.3298614996547522,1.2286873827506652,-0.26553160261919617,0.9435791571267305,1.2091107597459265,-0.04802990242411507,0.22114572526868076,-0.26553160261919617,0.24467880002827985,-0.06964091598797606,0.19020705420464723,-0.26553160261919617,0.24467880002827985,-0.12504649015201358,8,0,0,0.0,0.0,8.5,3.0,4.0,1.0,1.75,0,0,0,0.0,0.0,0,0,0,0,0,0,0,1,0,0,0,0,1,0,0,0,0,0,0,0,0,1,0,0,0.0
2017-09-09,1.1990238685560055,1.0793915586797391,0.11963230987626627,False,False,False,False,56.9966,68.6923,8.42,209.78,0.11963230987626627,1.1990238685560055,1.0793915586797391,0.24467880002827985,1.312621747224344,1.067942947209231,0.1571907254337419,1.073680547010302,0.9164898215765601,-0.04745869440646779,0.9775955160870007,1.0250542105066354,0.006993513646665284,0.20536276214732985,-0.26553160261919617,0.24467880002827985,-0.04462827516278283,0.19044459984619438,-0.26553160261919617,0.24467880002827985,0.0,9,0,0,0.0,0.0,8.5,3.0,4.0,1.0,1.75,0,0,0,0.0,0.0,0,0,0,0,0,0,0,1,0,0,0,0,1,0,0,0,0,0,0,0,0,0,1,0,0.11963230987626627
2017-09-10,1.1990238685560055,1.0793915586797391,0.11963230987626627,False,False,False,False,56.9966,68.6923,8.42,209.78,0.11963230987626627,1.1990238685560055,1.0793915586797391,0.11963230987626627,1.1990238685560055,1.0793915586797391,0.24467880002827985,1.312621747224344,1.067942947209231,0.10597465983322898,1.3298614996547522,1.2286873827506652,0.062016929717445636,0.16845756620403912,-0.26553160261919617,0.24467880002827985,-0.01961563433758961,0.18711507753783624,-0.26553160261919617,0.24467880002827985,0.0,10,0,0,0.0,0.0,8.5,3.0,4.0,1.0,1.75,0,0,0,0.0,0.0,0,0,0,0,0,0,0,1,0,0,0,0,1,0,0,0,0,0,0,0,0,0,0,1,0.11963230987626627
2017-09-11,1.5010317916895224,1.225194566592867,0.28197085968003316,False,True,False,False,56.9966,68.6923,8.44,155.59,0.11963230987626627,1.1990238685560055,1.0793915586797391,0.11963230987626627,1.1990238685560055,1.0793915586797391,0.11963230987626627,1.1990238685560055,1.0793915586797391,0.1571907254337419,1.073680547010302,0.9164898215765601,0.11704034578822597,0.08670463890953695,-0.04745869440646779,0.24467880002827985,0.005397006487603616,0.18002067482222628,-0.26553160261919617,0.24467880002827985,0.16233854980376689,11,0,0,0.0,0.0,8.5,3.0,4.0,1.0,1.75,0,0,0,0.0,1.0,0,0,0,0,0,0,0,1,0,0,0,0,1,0,0,0,0,0,0,0,0,0,0,0,0.0
2017-09-12,1.134351243192192,1.3430284451958885,-0.211711240065958,False,True,False,False,57.1694,68.649,8.19,122.35,0.28197085968003316,1.5010317916895224,1.225194566592867,0.11963230987626627,1.1990238685560055,1.0793915586797391,0.11963230987626627,1.1990238685560055,1.0793915586797391,0.24467880002827985,1.312621747224344,1.067942947209231,0.1641017106577261,0.07040940064434771,0.10597465983322898,0.28197085968003316,0.027335127269559785,0.1941684479443901,-0.26553160261919617,0.28197085968003316,-0.4936820997459912,12,0,0,0.0,0.0,8.5,3.0,4.0,1.0,1.75,0,0,0,0.0,0.0,0,0,0,0,0,0,0,1,0,0,0,0,1,0,0,0,0,0,1,0,0,0,0,0,-0.0
2017-09-13,1.05428219970809,1.0969598511157554,-0.04267765140766556,False,True,False,False,57.2656,68.5469,8.24,168.65,-0.211711240065958,1.134351243192192,1.3430284451958885,0.28197085968003316,1.5010317916895224,1.225194566592867,0.11963230987626627,1.1990238685560055,1.0793915586797391,0.11963230987626627,1.1990238685560055,1.0793915586797391,0.11871801067212798,0.15978306153343602,-0.211711240065958,0.28197085968003316,0.016269067356380503,0.2035209962567184,-0.26553160261919617,0.28197085968003316,0.16903358865829246,13,0,0,0.0,0.0,8.5,3.0,4.0,1.0,1.75,0,0,0,0.0,0.0,0,0,0,0,0,0,0,1,0,0,0,0,1,0,0,0,0,0,0,1,0,0,0,0,-0.0
2017-09-14,1.3561953907370246,1.2408953126677884,0.11232069140265166,False,True,False,False,57.6679,69.0977,8.61,109.17,-0.04267765140766556,1.05428219970809,1.0969598511157554,-0.211711240065958,1.134351243192192,1.3430284451958885,0.28197085968003316,1.5010317916895224,1.225194566592867,0.11963230987626627,1.1990238685560055,1.0793915586797391,0.09016538540906978,0.16933468024848744,-0.211711240065958,0.28197085968003316,0.020383773756472497,0.2015561614307178,-0.26553160261919617,0.28197085968003316,0.1549983428103172,14,0,0,0.0,0.0,8.5,3.0,4.0,1.0,1.75,0,0,0,0.0,0.0,0,0,0,0,0,0,0,1,0,0,0,0,1,0,0,0,0,0,0,0,1,0,0,0,0.0
2017-09-15,1.2435471335642323,1.073871651333704,0.16967548223052825,False,True,False,False,57.7706,68.695,8.69,138.83,0.11232069140265166,1.3561953907370246,1.2408953126677884,-0.04267765140766556,1.05428219970809,1.0969598511157554,-0.211711240065958,1.134351243192192,1.3430284451958885,0.11963230987626627,1.1990238685560055,1.0793915586797391,0.07125708417683717,0.15607647639704514,-0.211711240065958,0.28197085968003316,0.011613590876361055,0.19402510500486708,-0.26553160261919617,0.28197085968003316,0.05735479082787659,15,0,0,0.0,0.0,8.5,3.0,4.0,1.0,1.75,0,0,0,0.0,0.0,0,0,0,0,0,0,0,1,0,0,0,0,1,0,0,0,0,0,0,0,0,1,0,0,0.0
2017-09-16,1.2435471335642323,1.073871651333704,0.16967548223052825,False,False,False,False,57.5336,68.5801,8.69,138.83,0.16967548223052825,1.2435471335642323,1.073871651333704,0.11232069140265166,1.3561953907370246,1.2408953126677884,-0.04267765140766556,1.05428219970809,1.0969598511157554,0.28197085968003316,1.5010317916895224,1.225194566592867,0.0784061087988746,0.15976412699652098,-0.211711240065958,0.28197085968003316,0.04269981122276994,0.18060577504242087,-0.26553160261919617,0.28197085968003316,0.0,16,0,0,0.0,0.0,8.5,3.0,4.0,1.0,1.75,0,0,0,0.0,0.0,0,0,0,0,0,0,0,1,0,0,0,0,1,0,0,0,0,0,0,0,0,0,1,0,0.16967548223052825
2017-09-17,1.2435471335642323,1.073871651333704,0.16967548223052825,False,False,False,False,57.5336,68.5801,8.69,138.83,0.16967548223052825,1.2435471335642323,1.073871651333704,0.16967548223052825,1.2435471335642323,1.073871651333704,0.11232069140265166,1.3561953907370246,1.2408953126677884,-0.211711240065958,1.134351243192192,1.3430284451958885,0.08555513342091202,0.1630031679905693,-0.211711240065958,0.28197085968003316,0.07378603156917883,0.15971779702762579,-0.26553160261919617,0.28197085968003316,0.0,17,0,0,0.0,0.0,8.5,3.0,4.0,1.0,1.75,0,0,0,0.0,0.0,0,0,0,0,0,0,0,1,0,0,0,0,1,0,0,0,0,0,0,0,0,0,0,1,0.16967548223052825
2017-09-18,1.1833666512970193,1.2158452660193677,-0.03247861473551532,False,True,False,False,57.5336,68.5801,7.96,191.0,0.16967548223052825,1.2435471335642323,1.073871651333704,0.16967548223052825,1.2435471335642323,1.073871651333704,0.16967548223052825,1.2435471335642323,1.073871651333704,-0.04267765140766556,1.05428219970809,1.0969598511157554,0.09270415804294944,0.16581989019572171,-0.211711240065958,0.28197085968003316,0.1048722519155877,0.1277486888316381,-0.211711240065958,0.28197085968003316,-0.20215409696604358,18,0,0,0.0,0.0,8.5,3.0,4.0,1.0,1.75,0,0,0,0.0,0.0,0,0,0,0,0,0,0,1,0,0,0,0,1,0,0,0,0,0,0,0,0,0,0,0,-0.0
2017-09-19,1.2158676743173065,1.0493640109763895,0.16650366335408395,False,True,False,False,57.6242,68.7514,8.04,168.16,-0.03247861473551532,1.1833666512970193,1.2158452660193677,0.16967548223052825,1.2435471335642323,1.073871651333704,0.16967548223052825,1.2435471335642323,1.073871651333704,0.11232069140265166,1.3561953907370246,1.2408953126677884,0.04778280455501395,0.14759220968868628,-0.211711240065958,0.16967548223052825,0.10594225760637004,0.12643057446330436,-0.211711240065958,0.28197085968003316,0.19898227808959928,19,0,0,0.0,0.0,8.5,3.0,4.0,1.0,1.75,0,0,0,0.0,0.0,0,0,0,0,0,0,0,1,0,0,0,0,1,0,0,0,0,0,1,0,0,0,0,0,0.0
2017-09-20,1.1751199530868515,1.0831039049899955,0.09201604808368893,False,True,False,False,58.0993,69.6785,8.0,155.2,0.16650366335408395,1.2158676743173065,1.0493640109763895,-0.03247861473551532,1.1833666512970193,1.2158452660193677,0.16967548223052825,1.2435471335642323,1.073871651333704,0.16967548223052825,1.2435471335642323,1.073871651333704,0.10181350504359137,0.09748763094017612,-0.04267765140766556,0.16967548223052825,0.11026575785785966,0.12746250058587819,-0.211711240065958,0.28197085968003316,-0.07448761527039502,20,0,0,0.0,0.0,8.5,3.0,4.0,1.0,1.75,0,0,0,0.0,0.0,0,0,0,0,0,0,0,1,0,0,0,0,1,0,0,0,0,0,0,1,0,0,0,0,0.0
2017-09-21,1.64586819264202,1.3430284451958885,0.29786835356288516,False,True,False,False,58.129,69.7664,8.02,167.55,0.09201604808368893,1.1751199530868515,1.0831039049899955,0.16650366335408395,1.2158676743173065,1.0493640109763895,-0.03247861473551532,1.1833666512970193,1.2158452660193677,0.16967548223052825,1.2435471335642323,1.073871651333704,0.12105546211378486,0.07488831084242412,-0.03247861473551532,0.16967548223052825,0.10561042376142733,0.12680531630144304,-0.211711240065958,0.28197085968003316,0.20585230547919622,21,0,0,0.0,0.0,8.5,3.0,4.0,1.0,1.75,0,0,0,0.0,1.0,0,0,0,0,0,0,0,1,0,0,0,0,1,0,0,0,0,0,0,0,1,0,0,0,0.0
2017-09-22,1.278011638482685,1.6195343015597479,-0.34324105570109775,False,True,False,False,58.2242,69.2635,7.99,185.33,0.29786835356288516,1.64586819264202,1.3430284451958885,0.09201604808368893,1.1751199530868515,1.0831039049899955,0.16650366335408395,1.2158676743173065,1.0493640109763895,0.16967548223052825,1.2435471335642323,1.073871651333704,0.14756227099381825,0.0999314603025378,-0.03247861473551532,0.29786835356288516,0.10940967758532771,0.13198358430251342,-0.211711240065958,0.29786835356288516,-0.6411094092639829,22,0,0,0.0,0.0,8.5,3.0,4.0,1.0,1.75,0,0,0,0.0,0.0,0,0,0,0,0,0,0,1,0,0,0,0,1,0,0,0,0,0,0,0,0,1,0,0,-0.0
2017-09-23,1.278011638482685,1.6195343015597479,-0.34324105570109775,False,False,False,False,57.6527,69.0737,7.99,185.33,-0.34324105570109775,1.278011638482685,1.6195343015597479,0.29786835356288516,1.64586819264202,1.3430284451958885,0.09201604808368893,1.1751199530868515,1.0831039049899955,-0.03247861473551532,1.1833666512970193,1.2158452660193677,0.07428847986072881,0.20925795590756482,-0.34324105570109775,0.29786835356288516,0.0763472943298017,0.1788725701015824,-0.34324105570109775,0.29786835356288516,0.0,23,0,0,0.0,0.0,8.5,3.0,4.0,1.0,1.75,0,0,0,0.0,0.0,0,0,0,0,0,0,0,1,0,0,0,0,1,0,0,0,0,0,0,0,0,0,1,0,-0.34324105570109775
2017-09-24,1.278011638482685,1.6195343015597479,-0.34324105570109775,False,False,False,False,57.6527,69.0737,7.99,185.33,-0.34324105570109775,1.278011638482685,1.6195343015597479,-0.34324105570109775,1.278011638482685,1.6195343015597479,0.29786835356288516,1.64586819264202,1.3430284451958885,0.16650366335408395,1.2158676743173065,1.0493640109763895,0.001014688727639371,0.25507588617244326,-0.34324105570109775,0.29786835356288516,0.0432849110742757,0.21027770038890375,-0.34324105570109775,0.29786835356288516,0.0,24,0,0,0.0,0.0,8.5,3.0,4.0,1.0,1.75,0,0,0,0.0,0.0,0,0,0,0,0,0,0,1,0,0,0,0,1,0,0,0,0,0,0,0,0,0,0,1,-0.34324105570109775
2017-09-25,1.8433723757590625,1.8565393213001986,-0.00924371429999333,False,True,False,False,57.6527,69.0737,8.05,131.21,-0.34324105570109775,1.278011638482685,1.6195343015597479,-0.34324105570109775,1.278011638482685,1.6195343015597479,-0.34324105570109775,1.278011638482685,1.6195343015597479,0.09201604808368893,1.1751199530868515,1.0831039049899955,-0.07225910240545005,0.27168132719480803,-0.34324105570109775,0.29786835356288516,0.010222527818749697,0.23255883419822793,-0.34324105570109775,0.29786835356288516,0.33399734140110443,25,0,0,0.0,0.0,8.5,3.0,4.0,1.0,1.75,1,1,1,0.0,0.0,0,0,0,0,0,0,0,1,0,0,0,0,1,0,0,0,0,0,0,0,0,0,0,0,-0.0
2017-09-26,1.3126450447387827,1.3166945541136161,-0.007340099125881707,False,True,False,False,57.566,68.5553,7.98,114.26,-0.00924371429999333,1.8433723757590625,1.8565393213001986,-0.34324105570109775,1.278011638482685,1.6195343015597479,-0.34324105570109775,1.278011638482685,1.6195343015597479,0.29786835356288516,1.64586819264202,1.3430284451958885,-0.06893983091466119,0.2723893629452181,-0.34324105570109775,0.29786835356288516,-0.010578513179823624,0.21901197019400911,-0.34324105570109775,0.29786835356288516,0.0019036151741116236,26,0,0,0.0,0.0,8.5,3.0,4.0,1.0,1.75,1,0,1,0.0,0.0,0,0,0,0,0,0,0,1,0,0,0,0,1,0,0,0,0,0,1,0,0,0,0,0,-0.0
2017-09-27,1.2292207697104094,1.229443118142225,-0.000222348431157171,False,True,False,False,57.5186,68.0215,8.21,107.82,-0.007340099125881707,1.3126450447387827,1.3166945541136161,-0.00924371429999333,1.8433723757590625,1.8565393213001986,-0.34324105570109775,1.278011638482685,1.6195343015597479,-0.34324105570109775,1.278011638482685,1.6195343015597479,-0.09377465412608486,0.25469566778464087,-0.34324105570109775,0.29786835356288516,0.004019425458753254,0.2112479178365103,-0.34324105570109775,0.29786835356288516,0.007117750694724536,27,0,0,0.0,0.0,8.5,3.0,4.0,1.0,1.75,1,0,1,0.0,0.0,0,0,0,0,0,0,0,1,0,0,0,0,1,0,0,0,0,0,0,1,0,0,0,0,-0.0
2017-09-28,1.9882087767115604,1.47469790060725,0.504844397249734,False,True,False,False,58.0102,68.1678,8.47,145.48,-0.000222348431157171,1.2292207697104094,1.229443118142225,-0.007340099125881707,1.3126450447387827,1.3166945541136161,-0.00924371429999333,1.8433723757590625,1.8565393213001986,-0.34324105570109775,1.278011638482685,1.6195343015597479,-0.10695156791392,0.24570908632093663,-0.34324105570109775,0.29786835356288516,0.007051947099932425,0.2108303191789365,-0.34324105570109775,0.29786835356288516,0.5050667456808912,28,0,0,0.0,0.0,8.5,3.0,4.0,1.0,1.75,1,0,1,0.0,1.0,0,0,0,0,0,0,0,1,0,0,0,0,1,0,0,0,0,0,0,0,1,0,0,0,0.0
2017-09-29,1.7380368114299731,1.5932004104774755,0.1336820068551482,False,True,False,True,58.4255,68.6441,8.49,96.6,0.504844397249734,1.9882087767115604,1.47469790060725,-0.000222348431157171,1.2292207697104094,1.229443118142225,-0.007340099125881707,1.3126450447387827,1.3166945541136161,-0.34324105570109775,1.278011638482685,1.6195343015597479,-0.07738356167294161,0.30728189984078985,-0.34324105570109775,0.504844397249734,0.035089354660438304,0.24861972399743285,-0.34324105570109775,0.504844397249734,-0.37116239039458576,29,0,0,0.0,0.0,8.5,3.0,4.0,1.0,1.75,1,0,1,0.0,0.0,0,0,0,0,0,0,0,1,0,0,0,0,1,0,0,0,0,0,0,0,0,1,0,0,0.0
2017-09-30,1.7380368114299731,1.5932004104774755,0.1336820068551482,False,False,False,False,58.0169,68.4483,8.49,96.6,0.1336820068551482,1.7380368114299731,1.5932004104774755,0.504844397249734,1.9882087767115604,1.47469790060725,-0.000222348431157171,1.2292207697104094,1.229443118142225,-0.00924371429999333,1.8433723757590625,1.8565393213001986,-0.009251695593477906,0.2909489659365986,-0.34324105570109775,0.504844397249734,0.032518392133625444,0.24730353827189006,-0.34324105570109775,0.504844397249734,0.0,30,0,1,0.0,0.0,8.5,3.0,4.0,1.0,1.75,1,0,0,0.0,0.0,0,0,0,0,0,0,0,1,0,0,0,0,1,0,0,0,0,0,0,0,0,0,1,0,0.1336820068551482
2017-10-01,1.7380368114299731,1.5932004104774755,0.1336820068551482,False,False,False,False,58.0169,68.4483,8.49,96.6,0.1336820068551482,1.7380368114299731,1.5932004104774755,0.1336820068551482,1.7380368114299731,1.5932004104774755,0.504844397249734,1.9882087767115604,1.47469790060725,-0.007340099125881707,1.3126450447387827,1.3166945541136161,0.0588801704859858,0.2530794661365415,-0.34324105570109775,0.504844397249734,0.02994742960681258,0.24595136984099822,-0.34324105570109775,0.504844397249734,0.0,1,1,0,0.0,1.0,8.25,2.7,4.0,1.2999999999999998,1.75,0,0,0,0.0,0.0,0,0,0,0,0,0,0,0,1,0,0,0,0,1,0,0,0,0,0,0,0,0,0,1,0.1336820068551482
2017-10-02,1.2018504752165593,1.4483640095249777,-0.251222993324913,False,True,True,False,58.0169,68.4483,8.25,99.35,0.1336820068551482,1.7380368114299731,1.5932004104774755,0.1336820068551482,1.7380368114299731,1.5932004104774755,0.1336820068551482,1.7380368114299731,1.5932004104774755,-0.000222348431157171,1.2292207697104094,1.229443118142225,0.12701203656544952,0.18059876015883317,-0.00924371429999333,0.504844397249734,0.02737646707999972,0.24456262186843186,-0.34324105570109775,0.504844397249734,-0.3849050001800612,2,0,0,1.0,0.0,8.25,2.7,4.0,1.2999999999999998,1.75,0,0,0,0.0,0.0,0,0,0,0,0,0,0,0,1,0,0,0,0,1,0,0,0,0,0,0,0,0,0,0,-0.0
2017-10-03,1.058064780164898,1.1811877429488118,-0.12312296278391388,False,True,False,False,57.8134,67.9076,8.22,126.74,-0.251222993324913,1.2018504752165593,1.4483640095249777,0.1336820068551482,1.7380368114299731,1.5932004104774755,0.1336820068551482,1.7380368114299731,1.5932004104774755,0.504844397249734,1.9882087767115604,1.47469790060725,0.09244356813331812,0.22797175561514246,-0.251222993324913,0.504844397249734,0.01175186860932846,0.2554270366438693,-0.34324105570109775,0.504844397249734,0.1281000305409991,3,0,0,0.0,0.0,8.25,2.7,4.0,1.2999999999999998,1.75,0,0,0,0.0,0.0,0,0,0,0,0,0,0,0,1,0,0,0,0,1,0,0,0,0,1,0,0,0,0,0,-0.0
2017-10-04,1.3017481770568147,1.13450970220717,0.16723847484964457,False,True,False,False,57.9375,67.9839,7.99,118.68,-0.12312296278391388,1.058064780164898,1.1811877429488118,-0.251222993324913,1.2018504752165593,1.4483640095249777,0.1336820068551482,1.7380368114299731,1.5932004104774755,0.1336820068551482,1.7380368114299731,1.5932004104774755,0.07590315903931352,0.24028586489794382,-0.251222993324913,0.504844397249734,-0.008935747543385672,0.25365179665926874,-0.34324105570109775,0.504844397249734,0.2903614376335585,4,0,0,0.0,0.0,8.25,2.7,4.0,1.2999999999999998,1.75,0,0,0,0.0,0.0,0,0,0,0,0,0,0,0,1,0,0,0,0,1,0,0,0,0,0,1,0,0,0,0,0.0
2017-10-05,1.461530955066114,1.2182759514756871,0.23757126677466794,False,True,False,False,57.7832,67.9357,7.95,106.9,0.16723847484964457,1.3017481770568147,1.13450970220717,-0.12312296278391388,1.058064780164898,1.1811877429488118,-0.251222993324913,1.2018504752165593,1.4483640095249777,0.1336820068551482,1.7380368114299731,1.5932004104774755,0.09982613379371377,0.23977929685350094,-0.251222993324913,0.504844397249734,-0.003562717060103126,0.2567327195193766,-0.34324105570109775,0.504844397249734,0.07033279192502337,5,0,0,0.0,0.0,8.25,2.7,4.0,1.2999999999999998,1.75,0,0,0,0.0,1.0,0,0,0,0,0,0,0,0,1,0,0,0,0,1,0,0,0,0,0,0,1,0,0,0,0.0
2017-10-06,1.0375726307327429,1.1829741368161055,-0.14540150608336277,False,True,False,False,57.5811,67.7787,8.3,95.75,0.23757126677466794,1.461530955066114,1.2182759514756871,0.16723847484964457,1.3017481770568147,1.13450970220717,-0.12312296278391388,1.058064780164898,1.1811877429488118,0.1336820068551482,1.7380368114299731,1.5932004104774755,0.061644258011561495,0.17780776401152104,-0.251222993324913,0.23757126677466794,-0.007869651830690069,0.251744249454916,-0.34324105570109775,0.504844397249734,-0.3829727728580307,6,0,0,0.0,0.0,8.25,2.7,4.0,1.2999999999999998,1.75,0,0,0,0.0,0.0,0,0,0,0,0,0,0,0,1,0,0,0,0,1,0,0,0,0,0,0,0,1,0,0,-0.0
2017-10-07,1.0375726307327429,1.1829741368161055,-0.14540150608336277,False,False,False,False,57.7612,67.5344,8.3,95.75,-0.14540150608336277,1.0375726307327429,1.1829741368161055,0.23757126677466794,1.461530955066114,1.2182759514756871,0.16723847484964457,1.3017481770568147,1.13450970220717,-0.251222993324913,1.2018504752165593,1.4483640095249777,0.021775184734631355,0.18984437301823978,-0.251222993324913,0.23757126677466794,0.006261744570576715,0.2365655635316676,-0.34324105570109775,0.504844397249734,0.0,7,0,0,0.0,0.0,8.25,2.7,4.0,1.2999999999999998,1.75,0,0,0,0.0,0.0,0,0,0,0,0,0,0,0,1,0,0,0,0,1,0,0,0,0,0,0,0,0,1,0,-0.14540150608336277
2017-10-08,1.0375726307327429,1.1829741368161055,-0.14540150608336277,False,False,False,False,57.7612,67.5344,8.3,95.75,-0.14540150608336277,1.0375726307327429,1.1829741368161055,-0.14540150608336277,1.0375726307327429,1.1829741368161055,0.23757126677466794,1.461530955066114,1.2182759514756871,-0.12312296278391388,1.058064780164898,1.1811877429488118,-0.018093888542298785,0.19172177058094067,-0.251222993324913,0.23757126677466794,0.0203931409718435,0.21936556092152565,-0.34324105570109775,0.504844397249734,0.0,8,0,0,0.0,0.0,8.25,2.7,4.0,1.2999999999999998,1.75,0,0,0,0.0,0.0,0,0,0,0,0,0,0,0,1,0,0,0,0,1,0,0,0,0,0,0,0,0,0,1,-0.14540150608336277
2017-10-09,1.2352172496468667,1.2632304276039186,-0.028013177957051716,False,True,False,False,57.7612,67.5344,8.37,108.58,-0.14540150608336277,1.0375726307327429,1.1829741368161055,-0.14540150608336277,1.0375726307327429,1.1829741368161055,-0.14540150608336277,1.0375726307327429,1.1829741368161055,0.16723847484964457,1.3017481770568147,1.13450970220717,-0.05796296181922892,0.1837516122018623,-0.251222993324913,0.23757126677466794,0.03452453737311029,0.19962243747058928,-0.251222993324913,0.504844397249734,0.11738832812631106,9,0,0,0.0,0.0,8.25,2.7,4.0,1.2999999999999998,1.75,0,0,0,0.0,0.0,0,0,0,0,0,0,0,0,1,0,0,0,0,1,0,0,0,0,0,0,0,0,0,0,-0.0
2017-10-10,1.5536995738540669,1.2393729180204693,0.31359538287564953,False,True,False,False,58.3151,68.3861,8.26,154.0,-0.028013177957051716,1.2352172496468667,1.2632304276039186,-0.14540150608336277,1.0375726307327429,1.1829741368161055,-0.14540150608336277,1.0375726307327429,1.1829741368161055,0.23757126677466794,1.461530955066114,1.2182759514756871,-0.026075845338105887,0.16279740083620794,-0.14540150608336277,0.23757126677466794,0.03318386139760611,0.2000016673502209,-0.251222993324913,0.504844397249734,0.34160856083270125,10,0,0,0.0,0.0,8.25,2.7,4.0,1.2999999999999998,1.75,0,0,0,0.0,1.0,0,0,0,0,0,0,0,0,1,0,0,0,0,1,0,0,0,0,1,0,0,0,0,0,0.0
2017-10-11,1.1669189220177418,1.1408407808138907,0.026078141203851143,False,True,False,False,58.0713,68.3557,7.92,168.65,0.31359538287564953,1.5536995738540669,1.2393729180204693,-0.028013177957051716,1.2352172496468667,1.2632304276039186,-0.14540150608336277,1.0375726307327429,1.1829741368161055,-0.14540150608336277,1.0375726307327429,1.1829741368161055,0.03631248975611746,0.19905201669205574,-0.14540150608336277,0.31359538287564953,0.05610782439771549,0.21297164620664452,-0.251222993324913,0.504844397249734,-0.2875172416717984,11,0,0,0.0,0.0,8.25,2.7,4.0,1.2999999999999998,1.75,0,0,0,0.0,0.0,0,0,0,0,0,0,0,0,1,0,0,0,0,1,0,0,0,0,0,1,0,0,0,0,0.0
2017-10-12,1.5010317916895224,1.310159781200339,0.18699308780785764,False,True,False,False,57.921,68.5032,8.18,107.48,0.026078141203851143,1.1669189220177418,1.1408407808138907,0.31359538287564953,1.5536995738540669,1.2393729180204693,-0.028013177957051716,1.2352172496468667,1.2632304276039186,-0.14540150608336277,1.0375726307327429,1.1829741368161055,0.016146727806718397,0.19054603762504335,-0.14540150608336277,0.31359538287564953,0.05798643080021608,0.21255212435417814,-0.251222993324913,0.504844397249734,0.16091494660400651,12,0,0,0.0,0.0,8.25,2.7,4.0,1.2999999999999998,1.75,0,0,0,0.0,0.0,0,0,0,0,0,0,0,0,1,0,0,0,0,1,0,0,0,0,0,0,1,0,0,0,0.0
2017-10-13,1.2699353452226751,1.2716787801394365,-0.001743434914127866,False,True,False,False,57.6869,68.4455,8.16,120.13,0.18699308780785764,1.5010317916895224,1.310159781200339,0.026078141203851143,1.1669189220177418,1.1408407808138907,0.31359538287564953,1.5536995738540669,1.2393729180204693,-0.14540150608336277,1.0375726307327429,1.1829741368161055,0.008921273668602639,0.18149424081018037,-0.14540150608336277,0.31359538287564953,0.03528276584008205,0.17476656037155186,-0.251222993324913,0.31359538287564953,-0.18873652272198552,13,0,0,0.0,0.0,8.25,2.7,4.0,1.2999999999999998,1.75,0,0,0,0.0,0.0,0,0,0,0,0,0,0,0,1,0,0,0,0,1,0,0,0,0,0,0,0,1,0,0,-0.0
2017-10-14,1.2699353452226751,1.2716787801394365,-0.001743434914127866,False,False,False,False,57.6196,68.1409,8.16,120.13,-0.001743434914127866,1.2699353452226751,1.2716787801394365,0.18699308780785764,1.5010317916895224,1.310159781200339,0.026078141203851143,1.1669189220177418,1.1408407808138907,-0.028013177957051716,1.2352172496468667,1.2632304276039186,0.029443855264207626,0.16881495680918673,-0.14540150608336277,0.31359538287564953,0.02560951999941948,0.17263614102231095,-0.251222993324913,0.31359538287564953,0.0,14,0,0,0.0,0.0,8.25,2.7,4.0,1.2999999999999998,1.75,0,0,0,0.0,0.0,0,0,0,0,0,0,0,0,1,0,0,0,0,1,0,0,0,0,0,0,0,0,1,0,-0.001743434914127866
2017-10-15,1.2699353452226751,1.2716787801394365,-0.001743434914127866,False,False,False,False,57.6196,68.1409,8.16,120.13,-0.001743434914127866,1.2699353452226751,1.2716787801394365,-0.001743434914127866,1.2699353452226751,1.2716787801394365,0.18699308780785764,1.5010317916895224,1.310159781200339,0.31359538287564953,1.5536995738540669,1.2393729180204693,0.04996643685981261,0.15190153063272754,-0.14540150608336277,0.31359538287564953,0.0159362741587569,0.16988697635780914,-0.251222993324913,0.31359538287564953,0.0,15,0,0,0.0,0.0,8.25,2.7,4.0,1.2999999999999998,1.75,0,0,0,0.0,0.0,0,0,0,0,0,0,0,0,1,0,0,0,0,1,0,0,0,0,0,0,0,0,0,1,-0.001743434914127866
2017-10-16,1.47469790060725,1.259481885518373,0.22082996564490387,False,True,False,False,57.6196,68.1409,8.2,159.64,-0.001743434914127866,1.2699353452226751,1.2716787801394365,-0.001743434914127866,1.2699353452226751,1.2716787801394365,-0.001743434914127866,1.2699353452226751,1.2716787801394365,0.026078141203851143,1.1669189220177418,1.1408407808138907,0.07048901845541759,0.12910040877354884,-0.028013177957051716,0.31359538287564953,0.0062630283180943255,0.16648841782800983,-0.251222993324913,0.31359538287564953,0.22257340055903174,16,0,0,0.0,0.0,8.25,2.7,4.0,1.2999999999999998,1.75,0,0,0,0.0,1.0,0,0,0,0,0,0,0,0,1,0,0,0,0,1,0,0,0,0,0,0,0,0,0,0,0.0
2017-10-17,1.23244618217646,1.3298614996547522,-0.09678237886422132,False,True,False,False,57.0861,67.2988,7.95,104.75,0.22082996564490387,1.47469790060725,1.259481885518373,-0.001743434914127866,1.2699353452226751,1.2716787801394365,-0.001743434914127866,1.2699353452226751,1.2716787801394365,0.18699308780785764,1.5010317916895224,1.310159781200339,0.10603803896998268,0.1316909772661747,-0.001743434914127866,0.31359538287564953,0.03998109681593839,0.15790998355160138,-0.14540150608336277,0.31359538287564953,-0.3176123445091252,17,0,0,0.0,0.0,8.25,2.7,4.0,1.2999999999999998,1.75,0,0,0,0.0,0.0,0,0,0,0,0,0,0,0,1,0,0,0,0,1,0,0,0,0,1,0,0,0,0,0,-0.0
2017-10-18,1.110691913822345,1.1686997447528729,-0.05800783093052802,False,True,False,False,57.3392,67.4596,7.87,111.8,-0.09678237886422132,1.23244618217646,1.3298614996547522,0.22082996564490387,1.47469790060725,1.259481885518373,-0.001743434914127866,1.2699353452226751,1.2716787801394365,-0.001743434914127866,1.2699353452226751,1.2716787801394365,0.04741264443571542,0.11405597576855066,-0.09678237886422132,0.22082996564490387,0.041862567095916424,0.15596204488095433,-0.14540150608336277,0.31359538287564953,0.0387745479336933,18,0,0,0.0,0.0,8.25,2.7,4.0,1.2999999999999998,1.75,0,0,0,0.0,0.0,0,0,0,0,0,0,0,0,1,0,0,0,0,1,0,0,0,0,0,1,0,0,0,0,-0.0
2017-10-19,1.4088631729015693,1.2827648118637118,0.1326465459598661,False,True,False,False,57.2721,67.3577,7.85,187.08,-0.05800783093052802,1.110691913822345,1.1686997447528729,-0.09678237886422132,1.23244618217646,1.3298614996547522,0.22082996564490387,1.47469790060725,1.259481885518373,-0.001743434914127866,1.2699353452226751,1.2716787801394365,0.035400362702232686,0.12089998956594915,-0.09678237886422132,0.22082996564490387,0.025773545254475526,0.1536341954594951,-0.14540150608336277,0.31359538287564953,0.19065437689039413,19,0,0,0.0,0.0,8.25,2.7,4.0,1.2999999999999998,1.75,0,0,0,0.0,0.0,0,0,0,0,0,0,0,0,1,0,0,0,0,1,0,0,0,0,0,0,1,0,0,0,0.0
2017-10-20,1.2345654904115106,1.0614078694679978,0.1731576209435128,False,True,False,False,57.5706,67.9333,7.73,207.42,0.1326465459598661,1.4088631729015693,1.2827648118637118,-0.05800783093052802,1.110691913822345,1.1686997447528729,-0.09678237886422132,1.23244618217646,1.3298614996547522,-0.001743434914127866,1.2699353452226751,1.2716787801394365,0.027636571009662467,0.11087182951903515,-0.09678237886422132,0.22082996564490387,0.018278922339132538,0.14481347430134645,-0.14540150608336277,0.31359538287564953,0.0405110749836467,20,0,0,0.0,0.0,8.25,2.7,4.0,1.2999999999999998,1.75,0,0,0,0.0,0.0,0,0,0,0,0,0,0,0,1,0,0,0,0,1,0,0,0,0,0,0,0,1,0,0,0.0
2017-10-21,1.2345654904115106,1.0614078694679978,0.1731576209435128,False,False,False,False,57.5118,67.8927,7.73,207.42,0.1731576209435128,1.2345654904115106,1.0614078694679978,0.1326465459598661,1.4088631729015693,1.2827648118637118,-0.05800783093052802,1.110691913822345,1.1686997447528729,0.22082996564490387,1.47469790060725,1.259481885518373,0.05262243613218257,0.12226917880896422,-0.09678237886422132,0.22082996564490387,0.041033145698195085,0.14211853490155127,-0.14540150608336277,0.31359538287564953,0.0,21,0,0,0.0,0.0,8.25,2.7,4.0,1.2999999999999998,1.75,0,0,0,0.0,0.0,0,0,0,0,0,0,0,0,1,0,0,0,0,1,0,0,0,0,0,0,0,0,1,0,0.1731576209435128
2017-10-22,1.2345654904115106,1.0614078694679978,0.1731576209435128,False,False,False,False,57.5118,67.8927,7.73,207.42,0.1731576209435128,1.2345654904115106,1.0614078694679978,0.1731576209435128,1.2345654904115106,1.0614078694679978,0.1326465459598661,1.4088631729015693,1.2827648118637118,-0.09678237886422132,1.23244618217646,1.3298614996547522,0.07760830125470267,0.12708366087683007,-0.09678237886422132,0.22082996564490387,0.06378736905725761,0.1353116759865696,-0.14540150608336277,0.31359538287564953,0.0,22,0,0,0.0,0.0,8.25,2.7,4.0,1.2999999999999998,1.75,0,0,0,0.0,0.0,0,0,0,0,0,0,0,0,1,0,0,0,0,1,0,0,0,0,0,0,0,0,0,1,0.1731576209435128
2017-10-23,1.47469790060725,1.47469790060725,0.0014250466090483139,False,True,False,False,57.5118,67.8927,7.98,135.8,0.1731576209435128,1.2345654904115106,1.0614078694679978,0.1731576209435128,1.2345654904115106,1.0614078694679978,0.1731576209435128,1.2345654904115106,1.0614078694679978,-0.05800783093052802,1.110691913822345,1.1686997447528729,0.10259416637722275,0.12607171334845116,-0.09678237886422132,0.22082996564490387,0.08654159241632017,0.12371603544577228,-0.09678237886422132,0.31359538287564953,-0.17173257433446448,23,0,0,0.0,0.0,8.25,2.7,4.0,1.2999999999999998,1.75,0,0,0,0.0,0.0,0,0,0,0,0,0,0,0,1,0,0,0,0,1,0,0,0,0,0,0,0,0,0,0,0.0
2017-10-24,1.300420638285355,1.2551322859044944,0.04528835238086056,False,True,False,False,57.4706,67.5567,7.78,141.2,0.0014250466090483139,1.47469790060725,1.47469790060725,0.1731576209435128,1.2345654904115106,1.0614078694679978,0.1731576209435128,1.2345654904115106,1.0614078694679978,0.1326465459598661,1.4088631729015693,1.2827648118637118,0.07125060651495768,0.1188437467097087,-0.09678237886422132,0.1731576209435128,0.08864432274247017,0.12185542406120739,-0.09678237886422132,0.31359538287564953,0.04386330577181225,24,0,0,0.0,0.0,8.25,2.7,4.0,1.2999999999999998,1.75,0,0,0,0.0,0.0,0,0,0,0,0,0,0,0,1,0,0,0,0,1,0,0,0,0,1,0,0,0,0,0,0.0
2017-10-25,1.7512037569711094,1.632701247100884,0.10682263645928138,False,True,False,False,57.5852,67.6856,7.86,139.57,0.04528835238086056,1.300420638285355,1.2551322859044944,0.0014250466090483139,1.47469790060725,1.47469790060725,0.1731576209435128,1.2345654904115106,1.0614078694679978,0.1731576209435128,1.2345654904115106,1.0614078694679978,0.09154642526425509,0.09513019976621696,-0.05800783093052802,0.1731576209435128,0.06947953484998524,0.10346623017726686,-0.09678237886422132,0.22082996564490387,0.06153428407842081,25,0,0,0.0,0.0,8.25,2.7,4.0,1.2999999999999998,1.75,1,1,1,0.0,0.0,0,0,0,0,0,0,0,0,1,0,0,0,0,1,0,0,0,0,0,1,0,0,0,0,0.0
2017-10-26,1.2595723197739273,1.3561953907370246,-0.09009036918402001,False,True,False,False,57.614,67.7713,7.99,120.07,0.10682263645928138,1.7512037569711094,1.632701247100884,0.04528835238086056,1.300420638285355,1.2551322859044944,0.0014250466090483139,1.47469790060725,1.47469790060725,0.1731576209435128,1.2345654904115106,1.0614078694679978,0.11509363489137071,0.06865871996003005,0.0014250466090483139,0.1731576209435128,0.07524699879680168,0.10311066703540617,-0.09678237886422132,0.22082996564490387,-0.1969130056433014,26,0,0,0.0,0.0,8.25,2.7,4.0,1.2999999999999998,1.75,1,0,1,0.0,0.0,0,0,0,0,0,0,0,0,1,0,0,0,0,1,0,0,0,0,0,0,1,0,0,0,-0.0
2017-10-27,1.382529281819297,1.3298614996547522,0.04219937892507324,False,True,False,False,57.7643,68.289,7.82,116.65,-0.09009036918402001,1.2595723197739273,1.3561953907370246,0.10682263645928138,1.7512037569711094,1.632701247100884,0.04528835238086056,1.300420638285355,1.2551322859044944,0.1731576209435128,1.2345654904115106,1.0614078694679978,0.08327407558510126,0.10246064229710684,-0.09009036918402001,0.1731576209435128,0.05545532329738185,0.10654678875023774,-0.09678237886422132,0.22082996564490387,0.13228974810909325,27,0,0,0.0,0.0,8.25,2.7,4.0,1.2999999999999998,1.75,1,0,1,0.0,0.0,0,0,0,0,0,0,0,0,1,0,0,0,0,1,0,0,0,0,0,0,0,1,0,0,0.0
2017-10-28,1.382529281819297,1.3298614996547522,0.04219937892507324,False,False,False,False,58.0833,67.5276,7.82,116.65,0.04219937892507324,1.382529281819297,1.3298614996547522,-0.09009036918402001,1.2595723197739273,1.3561953907370246,0.10682263645928138,1.7512037569711094,1.632701247100884,0.0014250466090483139,1.47469790060725,1.47469790060725,0.06456575529675276,0.09499751712812443,-0.09009036918402001,0.1731576209435128,0.05859409571446765,0.10537293921229586,-0.09678237886422132,0.22082996564490387,0.0,28,0,0,0.0,0.0,8.25,2.7,4.0,1.2999999999999998,1.75,1,0,0,0.0,0.0,0,0,0,0,0,0,0,0,1,0,0,0,0,1,0,0,0,0,0,0,0,0,1,0,0.04219937892507324
2017-10-29,1.382529281819297,1.3298614996547522,0.04219937892507324,False,False,False,False,58.0833,67.5276,7.82,116.65,0.04219937892507324,1.382529281819297,1.3298614996547522,0.04219937892507324,1.382529281819297,1.3298614996547522,-0.09009036918402001,1.2595723197739273,1.3561953907370246,0.04528835238086056,1.300420638285355,1.2551322859044944,0.04585743500840426,0.08206219423332262,-0.09009036918402001,0.1731576209435128,0.06173286813155344,0.10408398043493412,-0.09678237886422132,0.22082996564490387,0.0,29,0,0,0.0,0.0,8.25,2.7,4.0,1.2999999999999998,1.75,1,0,0,0.0,0.0,0,0,0,0,0,0,0,0,1,0,0,0,0,1,0,0,0,0,0,0,0,0,0,1,0.04219937892507324
2017-10-30,1.5141987372306585,1.7907045935945178,-0.28061305906746437,False,True,False,False,58.0833,67.5276,8.11,134.26,0.04219937892507324,1.382529281819297,1.3298614996547522,0.04219937892507324,1.382529281819297,1.3298614996547522,0.04219937892507324,1.382529281819297,1.3298614996547522,0.10682263645928138,1.7512037569711094,1.632701247100884,0.027149114720055743,0.06022631987406749,-0.09009036918402001,0.10682263645928138,0.06487164054863924,0.10267557736780657,-0.09678237886422132,0.22082996564490387,-0.3228124379925376,30,0,0,0.0,0.0,8.25,2.7,4.0,1.2999999999999998,1.75,1,0,1,0.0,0.0,0,0,0,0,0,0,0,0,1,0,0,0,0,1,0,0,0,0,0,0,0,0,0,0,-0.0
2017-10-31,2.040876558876105,1.47469790060725,0.5564525790968929,False,True,False,True,57.8716,67.2179,8.02,90.14,-0.28061305906746437,1.5141987372306585,1.7907045935945178,0.04219937892507324,1.382529281819297,1.3298614996547522,0.04219937892507324,1.382529281819297,1.3298614996547522,-0.09009036918402001,1.2595723197739273,1.3561953907370246,-0.013142043233731785,0.13194408140249012,-0.28061305906746437,0.10682263645928138,0.029054281640612932,0.12834025633673035,-0.28061305906746437,0.1731576209435128,0.8370656381643573,31,0,1,0.0,0.0,8.25,2.7,4.0,1.2999999999999998,1.75,1,0,1,0.0,1.0,0,0,0,0,0,0,0,0,1,0,0,0,0,1,0,0,0,0,1,0,0,0,0,0,0.0
2017-11-01,1.1782223062660198,1.7512037569711094,-0.566744136195449,False,True,True,False,58.1179,67.6434,8.1,127.7,0.5564525790968929,2.040876558876105,1.47469790060725,-0.28061305906746437,1.5141987372306585,1.7907045935945178,0.04219937892507324,1.382529281819297,1.3298614996547522,0.04219937892507324,1.382529281819297,1.3298614996547522,0.05988141772570142,0.25434634700401265,-0.28061305906746437,0.5564525790968929,0.07571392149497824,0.18521510764711818,-0.28061305906746437,0.5564525790968929,-1.1231967152923419,1,1,0,0.0,1.0,8.25,2.5,4.0,1.5,1.75,0,0,0,0.0,0.0,0,0,0,0,0,0,0,0,0,1,0,0,0,1,0,0,0,0,0,1,0,0,0,0,-0.0
2017-11-02,1.461530955066114,1.0987631184764282,0.3654260888016775,False,True,False,False,58.1557,67.7107,8.23,211.62,-0.566744136195449,1.1782223062660198,1.7512037569711094,0.5564525790968929,2.040876558876105,1.47469790060725,-0.28061305906746437,1.5141987372306585,1.7907045935945178,0.04219937892507324,1.382529281819297,1.3298614996547522,-0.036342406939260066,0.3449143181488305,-0.566744136195449,0.5564525790968929,0.03937561397605531,0.25150997867073355,-0.566744136195449,0.5564525790968929,0.9321702249971265,2,0,0,1.0,0.0,8.25,2.5,4.0,1.5,1.75,0,0,0,0.0,1.0,0,0,0,0,0,0,0,0,0,1,0,0,0,1,0,0,0,0,0,0,1,0,0,0,0.0
2017-11-03,1.1702996695092713,1.632701247100884,-0.4678372935654837,False,True,False,False,58.0869,67.677,7.98,105.9,0.3654260888016775,1.461530955066114,1.0987631184764282,-0.566744136195449,1.1782223062660198,1.7512037569711094,0.5564525790968929,2.040876558876105,1.47469790060725,0.04219937892507324,1.382529281819297,1.3298614996547522,0.028731372772982426,0.3747626413848827,-0.566744136195449,0.5564525790968929,0.05600272417904183,0.2654580216113333,-0.566744136195449,0.5564525790968929,-0.8332633823671611,3,0,0,0.0,0.0,8.25,2.5,4.0,1.5,1.75,0,0,0,0.0,0.0,0,0,0,0,0,0,0,0,0,1,0,0,0,1,0,0,0,0,0,0,0,1,0,0,-0.0
2017-11-04,1.1702996695092713,1.632701247100884,-0.4678372935654837,True,False,False,False,58.4296,68.0822,7.98,105.9,-0.4678372935654837,1.1702996695092713,1.632701247100884,0.3654260888016775,1.461530955066114,1.0987631184764282,-0.566744136195449,1.1782223062660198,1.7512037569711094,-0.28061305906746437,1.5141987372306585,1.7907045935945178,-0.044131009011382845,0.418712071060584,-0.566744136195449,0.5564525790968929,0.010217373142684933,0.2970908192239198,-0.566744136195449,0.5564525790968929,0.0,4,0,0,0.0,0.0,8.25,2.5,4.0,1.5,1.75,0,0,0,0.0,0.0,0,0,0,0,0,0,0,0,0,1,0,0,0,1,0,0,0,0,0,0,0,0,1,0,-0.4678372935654837
2017-11-05,1.1702996695092713,1.632701247100884,-0.4678372935654837,False,False,False,False,58.4296,68.0822,7.98,105.9,-0.4678372935654837,1.1702996695092713,1.632701247100884,-0.4678372935654837,1.1702996695092713,1.632701247100884,0.3654260888016775,1.461530955066114,1.0987631184764282,0.5564525790968929,2.040876558876105,1.47469790060725,-0.11699339079574814,0.44475281217874435,-0.566744136195449,0.5564525790968929,-0.035567977893671957,0.31865787973305576,-0.566744136195449,0.5564525790968929,0.0,5,0,0,0.0,0.0,8.25,2.5,4.0,1.5,1.75,0,0,0,0.0,0.0,0,0,0,0,0,0,0,0,0,1,0,0,0,1,0,0,0,0,0,0,0,0,0,1,-0.4678372935654837
2017-11-06,1.1702996695092713,1.632701247100884,-0.4678372935654837,True,False,False,False,58.4296,68.0822,7.98,105.9,-0.4678372935654837,1.1702996695092713,1.632701247100884,-0.4678372935654837,1.1702996695092713,1.632701247100884,-0.4678372935654837,1.1702996695092713,1.632701247100884,-0.566744136195449,1.1782223062660198,1.7512037569711094,-0.18985577258011338,0.455963632151675,-0.566744136195449,0.5564525790968929,-0.08135332893002886,0.33212592428818866,-0.566744136195449,0.5564525790968929,0.0,6,0,0,0.0,0.0,8.25,2.5,4.0,1.5,1.75,0,0,0,0.0,0.0,0,0,0,0,0,0,0,0,0,1,0,0,0,1,0,0,0,0,0,0,0,0,0,0,-0.4678372935654837
2017-11-07,1.461530955066114,1.8565393213001986,-0.3913195867944722,False,True,False,False,58.4296,68.0822,7.74,90.9,-0.4678372935654837,1.1702996695092713,1.632701247100884,-0.4678372935654837,1.1702996695092713,1.632701247100884,-0.4678372935654837,1.1702996695092713,1.632701247100884,0.3654260888016775,1.461530955066114,1.0987631184764282,-0.21660209179411619,0.4675193908434885,-0.566744136195449,0.5564525790968929,-0.114872067513924,0.346497607756373,-0.566744136195449,0.5564525790968929,0.0765177067710115,7,0,0,0.0,0.0,8.25,2.5,4.0,1.5,1.75,0,0,0,0.0,0.0,0,0,0,0,0,0,0,0,0,1,0,0,0,1,0,0,0,0,1,0,0,0,0,0,-0.0
2017-11-08,1.202351947422686,1.3693623362781608,-0.1719451002999579,False,True,False,False,58.4557,67.7677,7.76,174.25,-0.3913195867944722,1.461530955066114,1.8565393213001986,-0.4678372935654837,1.1702996695092713,1.632701247100884,-0.4678372935654837,1.1702996695092713,1.632701247100884,-0.4678372935654837,1.1702996695092713,1.632701247100884,-0.3519981154928827,0.3204253374102236,-0.566744136195449,0.3654260888016775,-0.14605834888359062,0.35059766455930474,-0.566744136195449,0.5564525790968929,0.2193744864945143,8,0,0,0.0,0.0,8.25,2.5,4.0,1.5,1.75,0,0,0,0.0,0.0,0,0,0,0,0,0,0,0,0,1,0,0,0,1,0,0,0,0,0,1,0,0,0,0,-0.0
2017-11-09,1.30691952171283,1.4220301184427053,-0.1109021992819767,False,True,False,False,59.248,68.704,7.74,131.53,-0.1719451002999579,1.202351947422686,1.3693623362781608,-0.3913195867944722,1.461530955066114,1.8565393213001986,-0.4678372935654837,1.1702996695092713,1.632701247100884,-0.4678372935654837,1.1702996695092713,1.632701247100884,-0.29559825322209815,0.31093166579117937,-0.4678372935654837,0.3654260888016775,-0.16597033008067916,0.342963768477294,-0.566744136195449,0.5564525790968929,0.06104290101798121,9,0,0,0.0,0.0,8.25,2.5,4.0,1.5,1.75,0,0,0,0.0,0.0,0,0,0,0,0,0,0,0,0,1,0,0,0,1,0,0,0,0,0,0,1,0,0,0,-0.0
2017-11-10,1.30691952171283,1.4220301184427053,-0.1109021992819767,False,True,False,False,59.2527,68.7865,7.83,129.51,-0.1109021992819767,1.30691952171283,1.4220301184427053,-0.1719451002999579,1.202351947422686,1.3693623362781608,-0.3913195867944722,1.461530955066114,1.8565393213001986,-0.4678372935654837,1.1702996695092713,1.632701247100884,-0.363645151519763,0.15535861405557977,-0.4678372935654837,-0.1109021992819767,-0.16745688937339032,0.3426545352538555,-0.566744136195449,0.5564525790968929,0.0,10,0,0,0.0,0.0,8.25,2.5,4.0,1.5,1.75,0,0,0,0.0,0.0,0,0,0,0,0,0,0,0,0,1,0,0,0,1,0,0,0,0,0,0,0,1,0,0,-0.0
2017-11-11,1.30691952171283,1.4220301184427053,-0.1109021992819767,False,False,False,False,59.2808,68.9791,7.83,129.51,-0.1109021992819767,1.30691952171283,1.4220301184427053,-0.1109021992819767,1.30691952171283,1.4220301184427053,-0.1719451002999579,1.202351947422686,1.3693623362781608,-0.4678372935654837,1.1702996695092713,1.632701247100884,-0.3126544237649763,0.17303198692278468,-0.4678372935654837,-0.1109021992819767,-0.1783927163881796,0.3378581958626109,-0.566744136195449,0.5564525790968929,0.0,11,0,0,0.0,0.0,8.25,2.5,4.0,1.5,1.75,0,0,0,0.0,0.0,0,0,0,0,0,0,0,0,0,1,0,0,0,1,0,0,0,0,0,0,0,0,1,0,-0.1109021992819767
2017-11-12,1.30691952171283,1.4220301184427053,-0.1109021992819767,False,False,False,False,59.2808,68.9791,7.83,129.51,-0.1109021992819767,1.30691952171283,1.4220301184427053,-0.1109021992819767,1.30691952171283,1.4220301184427053,-0.1109021992819767,1.30691952171283,1.4220301184427053,-0.3913195867944722,1.461530955066114,1.8565393213001986,-0.26166369601018963,0.17227026623702765,-0.4678372935654837,-0.1109021992819767,-0.18932854340296887,0.3326057832490875,-0.566744136195449,0.5564525790968929,0.0,12,0,0,0.0,0.0,8.25,2.5,4.0,1.5,1.75,0,0,0,0.0,0.0,0,0,0,0,0,0,0,0,0,1,0,0,0,1,0,0,0,0,0,0,0,0,0,1,-0.1109021992819767
2017-11-13,1.382529281819297,1.4483640095249777,-0.0741552405235675,False,True,False,False,59.2808,68.9791,7.86,142.9,-0.1109021992819767,1.30691952171283,1.4220301184427053,-0.1109021992819767,1.30691952171283,1.4220301184427053,-0.1109021992819767,1.30691952171283,1.4220301184427053,-0.1719451002999579,1.202351947422686,1.3693623362781608,-0.2106729682554029,0.15279799525536836,-0.4678372935654837,-0.1109021992819767,-0.20026437041775821,0.3268753128451849,-0.566744136195449,0.5564525790968929,0.03674695875840919,13,0,0,0.0,0.0,8.25,2.5,4.0,1.5,1.75,0,0,0,0.0,0.0,0,0,0,0,0,0,0,0,0,1,0,0,0,1,0,0,0,0,0,0,0,0,0,0,-0.0
2017-11-14,1.4220301184427053,1.2625262885343298,0.16556841855670124,False,True,False,False,59.1823,68.9178,7.92,122.3,-0.0741552405235675,1.382529281819297,1.4483640095249777,-0.1109021992819767,1.30691952171283,1.4220301184427053,-0.1109021992819767,1.30691952171283,1.4220301184427053,-0.1109021992819767,1.30691952171283,1.4220301184427053,-0.15443267496370058,0.10835602565191828,-0.3913195867944722,-0.0741552405235675,-0.1855173833789084,0.32762784727375965,-0.566744136195449,0.5564525790968929,0.23972365908026874,14,0,0,0.0,0.0,8.25,2.5,4.0,1.5,1.75,0,0,0,0.0,0.0,0,0,0,0,0,0,0,0,0,1,0,0,0,1,0,0,0,0,1,0,0,0,0,0,0.0
2017-11-15,1.3430284451958885,1.1961981172465679,0.1428381314443677,False,True,False,False,59.6207,69.6787,7.98,115.0,0.16556841855670124,1.4220301184427053,1.2625262885343298,-0.0741552405235675,1.382529281819297,1.4483640095249777,-0.1109021992819767,1.30691952171283,1.4220301184427053,-0.1109021992819767,1.30691952171283,1.4220301184427053,-0.07487724562781868,0.10986961687252507,-0.1719451002999579,0.16556841855670124,-0.21343768056035067,0.2713567471909543,-0.566744136195449,0.3654260888016775,-0.022730287112333547,15,0,0,0.0,0.0,8.25,2.5,4.0,1.5,1.75,0,0,0,0.0,0.0,0,0,0,0,0,0,0,0,0,1,0,0,0,1,0,0,0,0,0,1,0,0,0,0,0.0
2017-11-16,1.1645376013494633,1.382529281819297,-0.21920108452371284,False,True,False,False,60.249,71.1721,7.99,177.25,0.1428381314443677,1.3430284451958885,1.1961981172465679,0.16556841855670124,1.4220301184427053,1.2625262885343298,-0.0741552405235675,1.382529281819297,1.4483640095249777,-0.1109021992819767,1.30691952171283,1.4220301184427053,-0.029908212521486444,0.12665590899736745,-0.1109021992819767,0.16556841855670124,-0.1627532328717923,0.26651461390151954,-0.4678372935654837,0.3654260888016775,-0.36203921596808053,16,0,0,0.0,0.0,8.25,2.5,4.0,1.5,1.75,0,0,0,0.0,0.0,0,0,0,0,0,0,0,0,0,1,0,0,0,1,0,0,0,0,0,0,1,0,0,0,-0.0
2017-11-17,1.1925519723502835,1.1650565732425646,0.02749539909455192,False,True,False,False,59.9898,70.704,7.99,152.05,-0.21920108452371284,1.1645376013494633,1.382529281819297,0.1428381314443677,1.3430284451958885,1.1961981172465679,0.16556841855670124,1.4220301184427053,1.2625262885343298,-0.1109021992819767,1.30691952171283,1.4220301184427053,-0.04537948184173446,0.1436700850226726,-0.21920108452371284,0.16556841855670124,-0.20451231668074876,0.21894677637143667,-0.4678372935654837,0.16556841855670124,0.24669648361826477,17,0,0,0.0,0.0,8.25,2.5,4.0,1.5,1.75,0,0,0,0.0,0.0,0,0,0,0,0,0,0,0,0,1,0,0,0,1,0,0,0,0,0,0,0,1,0,0,0.0
2017-11-18,1.1925519723502835,1.1650565732425646,0.02749539909455192,False,False,False,False,59.6325,70.3604,7.99,152.05,0.02749539909455192,1.1925519723502835,1.1650565732425646,-0.21920108452371284,1.1645376013494633,1.382529281819297,0.1428381314443677,1.3430284451958885,1.1961981172465679,-0.0741552405235675,1.382529281819297,1.4483640095249777,-0.02560839635937323,0.14266967150566146,-0.21920108452371284,0.16556841855670124,-0.1691314100621748,0.21306412874794395,-0.4678372935654837,0.16556841855670124,0.0,18,0,0,0.0,0.0,8.25,2.5,4.0,1.5,1.75,0,0,0,0.0,0.0,0,0,0,0,0,0,0,0,0,1,0,0,0,1,0,0,0,0,0,0,0,0,1,0,0.02749539909455192
2017-11-19,1.1925519723502835,1.1650565732425646,0.02749539909455192,False,False,False,False,59.6325,70.3604,7.99,152.05,0.02749539909455192,1.1925519723502835,1.1650565732425646,0.02749539909455192,1.1925519723502835,1.1650565732425646,-0.21920108452371284,1.1645376013494633,1.382529281819297,0.16556841855670124,1.4220301184427053,1.2625262885343298,-0.005837310877012001,0.1384055156245327,-0.21920108452371284,0.16556841855670124,-0.13375050344360082,0.20039648698826604,-0.4678372935654837,0.16556841855670124,0.0,19,0,0,0.0,0.0,8.25,2.5,4.0,1.5,1.75,0,0,0,0.0,0.0,0,0,0,0,0,0,0,0,0,1,0,0,0,1,0,0,0,0,0,0,0,0,0,1,0.02749539909455192
2017-11-20,1.3121131344124801,1.461530955066114,-0.1516569091321166,False,True,False,False,59.6325,70.3604,8.0,132.05,0.02749539909455192,1.1925519723502835,1.1650565732425646,0.02749539909455192,1.1925519723502835,1.1650565732425646,0.02749539909455192,1.1925519723502835,1.1650565732425646,0.1428381314443677,1.3430284451958885,1.1961981172465679,0.013933774605349229,0.1305582172584332,-0.21920108452371284,0.16556841855670124,-0.09836959682502686,0.17951316942719672,-0.4678372935654837,0.16556841855670124,-0.17915230822666853,20,0,0,0.0,0.0,8.25,2.5,4.0,1.5,1.75,0,0,0,0.0,0.0,0,0,0,0,0,0,0,0,0,1,0,0,0,1,0,0,0,0,0,0,0,0,0,0,-0.0
2017-11-21,1.1779313981939519,1.1156920524249014,0.062239345769050464,False,True,False,False,59.2746,69.6654,7.98,112.72,-0.1516569091321166,1.3121131344124801,1.461530955066114,0.02749539909455192,1.1925519723502835,1.1650565732425646,0.02749539909455192,1.1925519723502835,1.1650565732425646,-0.21920108452371284,1.1645376013494633,1.382529281819297,0.002862107661270787,0.14205352034474905,-0.21920108452371284,0.16556841855670124,-0.07578528365121492,0.14626560557585286,-0.3913195867944722,0.16556841855670124,0.21389625490116707,21,0,0,0.0,0.0,8.25,2.5,4.0,1.5,1.75,0,0,0,0.0,0.0,0,0,0,0,0,0,0,0,0,1,0,0,0,1,0,0,0,0,1,0,0,0,0,0,0.0
2017-11-22,1.1121138422524672,1.1470196596423698,-0.03490581737673568,False,True,False,False,59.4604,69.8184,7.96,121.3,0.062239345769050464,1.1779313981939519,1.1156920524249014,-0.1516569091321166,1.3121131344124801,1.461530955066114,0.02749539909455192,1.1925519723502835,1.1650565732425646,0.02749539909455192,1.1925519723502835,1.1650565732425646,-0.011899188451250752,0.1268872581031897,-0.21920108452371284,0.1428381314443677,-0.043388217039534736,0.11861770486088752,-0.21920108452371284,0.16556841855670124,-0.09714516314578614,22,0,0,0.0,0.0,8.25,2.5,4.0,1.5,1.75,0,0,0,0.0,0.0,0,0,0,0,0,0,0,0,0,1,0,0,0,1,0,0,0,0,0,1,0,0,0,0,-0.0
2017-11-23,1.2414188994567996,1.1187529661717206,0.12266593328507897,False,True,False,False,59.0061,69.403,7.95,113.8,-0.03490581737673568,1.1121138422524672,1.1470196596423698,0.062239345769050464,1.1779313981939519,1.1156920524249014,-0.1516569091321166,1.3121131344124801,1.461530955066114,0.02749539909455192,1.1925519723502835,1.1650565732425646,-0.037291181139979805,0.10698492991287575,-0.21920108452371284,0.062239345769050464,-0.03359969683073315,0.11269965048889623,-0.21920108452371284,0.16556841855670124,0.15757175066181464,23,0,0,0.0,0.0,8.25,2.5,4.0,1.5,1.75,0,0,0,0.0,0.0,0,0,0,0,0,0,0,0,0,1,0,0,0,1,0,0,0,0,0,0,1,0,0,0,0.0
2017-11-24,1.25448257507719,1.2155121676303804,0.03897040744680975,False,True,False,False,58.4622,69.1783,7.97,110.55,0.12266593328507897,1.2414188994567996,1.1187529661717206,-0.03490581737673568,1.1121138422524672,1.1470196596423698,0.062239345769050464,1.1779313981939519,1.1156920524249014,0.02749539909455192,1.1925519723502835,1.1650565732425646,0.011546964261276169,0.08609448855109746,-0.1516569091321166,0.12266593328507897,-0.01691625879022917,0.11755924747400298,-0.21920108452371284,0.16556841855670124,-0.08369552583826922,24,0,0,0.0,0.0,8.25,2.5,4.0,1.5,1.75,0,0,0,0.0,0.0,0,0,0,0,0,0,0,0,0,1,0,0,0,1,0,0,0,0,0,0,0,1,0,0,0.0
2017-11-25,1.25448257507719,1.2155121676303804,0.03897040744680975,False,False,False,False,58.5318,69.3309,7.97,110.55,0.03897040744680975,1.25448257507719,1.2155121676303804,0.12266593328507897,1.2414188994567996,1.1187529661717206,-0.03490581737673568,1.1121138422524672,1.1470196596423698,-0.1516569091321166,1.3121131344124801,1.461530955066114,0.013186251168741572,0.08655677095102991,-0.1516569091321166,0.12266593328507897,-0.0062110725953158545,0.1151413328709626,-0.21920108452371284,0.16556841855670124,0.0,25,0,0,0.0,0.0,8.25,2.5,4.0,1.5,1.75,1,0,0,0.0,0.0,0,0,0,0,0,0,0,0,0,1,0,0,0,1,0,0,0,0,0,0,0,0,1,0,0.03897040744680975
2017-11-26,1.25448257507719,1.2155121676303804,0.03897040744680975,False,False,False,False,58.5318,69.3309,7.97,110.55,0.03897040744680975,1.25448257507719,1.2155121676303804,0.03897040744680975,1.25448257507719,1.2155121676303804,0.12266593328507897,1.2414188994567996,1.1187529661717206,0.062239345769050464,1.1779313981939519,1.1156920524249014,0.014825538076206976,0.0869805608114715,-0.1516569091321166,0.12266593328507897,0.004494113599597464,0.11157080019509152,-0.21920108452371284,0.16556841855670124,0.0,26,0,0,0.0,0.0,8.25,2.5,4.0,1.5,1.75,1,0,0,0.0,0.0,0,0,0,0,0,0,0,0,0,1,0,0,0,1,0,0,0,0,0,0,0,0,0,1,0.03897040744680975
2017-11-27,1.3561953907370246,1.8038715391356541,-0.45237123482504754,False,True,False,False,58.5318,69.3309,8.03,80.62,0.03897040744680975,1.25448257507719,1.2155121676303804,0.03897040744680975,1.25448257507719,1.2155121676303804,0.03897040744680975,1.25448257507719,1.2155121676303804,-0.03490581737673568,1.1121138422524672,1.1470196596423698,0.01646482498367238,0.08736641828358396,-0.1516569091321166,0.12266593328507897,0.015199299794510781,0.10673203562786356,-0.21920108452371284,0.16556841855670124,-0.4913416422718573,27,0,0,0.0,0.0,8.25,2.5,4.0,1.5,1.75,1,1,1,0.0,0.0,0,0,0,0,0,0,0,0,0,1,0,0,0,1,0,0,0,0,0,0,0,0,0,0,-0.0
2017-11-28,1.4220301184427053,1.3693623362781608,0.05103751647319523,False,True,False,False,58.2773,69.4957,8.2,123.03,-0.45237123482504754,1.3561953907370246,1.8038715391356541,0.03897040744680975,1.25448257507719,1.2155121676303804,0.03897040744680975,1.25448257507719,1.2155121676303804,0.12266593328507897,1.2414188994567996,1.1187529661717206,-0.02649436440103204,0.1933999466084648,-0.45237123482504754,0.12266593328507897,-0.01181612836988065,0.1637335453916531,-0.45237123482504754,0.16556841855670124,0.5034087512982428,28,0,0,0.0,0.0,8.25,2.5,4.0,1.5,1.75,1,0,1,0.0,0.0,0,0,0,0,0,0,0,0,0,1,0,0,0,1,0,0,0,0,1,0,0,0,0,0,0.0
2017-11-29,1.6195343015597479,1.1142528535048255,0.5052844762417257,False,True,False,False,58.4125,69.4934,8.28,110.83,0.05103751647319523,1.4220301184427053,1.3693623362781608,-0.45237123482504754,1.3561953907370246,1.8038715391356541,0.03897040744680975,1.25448257507719,1.2155121676303804,0.03897040744680975,1.25448257507719,1.2155121676303804,-0.02809462572901136,0.19258800216440647,-0.45237123482504754,0.12266593328507897,-0.01999690709013108,0.15690788864315902,-0.45237123482504754,0.1428381314443677,0.45424695976853047,29,0,0,0.0,0.0,8.25,2.5,4.0,1.5,1.75,1,0,1,0.0,1.0,0,0,0,0,0,0,0,0,0,1,0,0,0,1,0,0,0,0,0,1,0,0,0,0,0.0
2017-11-30,1.711702920347701,1.3430284451958885,0.3664667353667915,False,True,False,True,58.3311,69.204,8.24,107.07,0.5052844762417257,1.6195343015597479,1.1142528535048255,0.05103751647319523,1.4220301184427053,1.3693623362781608,-0.45237123482504754,1.3561953907370246,1.8038715391356541,0.03897040744680975,1.25448257507719,1.2155121676303804,0.04907541621648311,0.27847836478992605,-0.45237123482504754,0.5052844762417257,0.005892117538251632,0.20756519111121788,-0.45237123482504754,0.5052844762417257,-0.1388177408749342,30,0,1,0.0,0.0,8.25,2.5,4.0,1.5,1.75,1,0,1,0.0,1.0,0,0,0,0,0,0,0,0,0,1,0,0,0,1,0,0,0,0,0,0,1,0,0,0,0.0
2017-12-01,1.199286884744993,1.1019257718289142,0.09736111291607871,False,True,True,False,58.5814,69.5185,8.21,138.12,0.3664667353667915,1.711702920347701,1.3430284451958885,0.5052844762417257,1.6195343015597479,1.1142528535048255,0.05103751647319523,1.4220301184427053,1.3693623362781608,0.03897040744680975,1.25448257507719,1.2155121676303804,0.08390410222815634,0.3033511775761107,-0.45237123482504754,0.5052844762417257,0.04772553324471623,0.21749087183776847,-0.45237123482504754,0.5052844762417257,-0.2691056224507128,1,1,0,0.0,1.0,7.75,2.5,4.0,1.5,2.0,0,0,0,0.0,0.0,0,0,0,0,0,0,0,0,0,0,1,0,0,1,0,0,0,0,0,0,0,1,0,0,0.0
2017-12-02,1.199286884744993,1.1019257718289142,0.09736111291607871,False,False,False,False,58.5182,69.7478,8.21,138.12,0.09736111291607871,1.199286884744993,1.1019257718289142,0.3664667353667915,1.711702920347701,1.3430284451958885,0.5052844762417257,1.6195343015597479,1.1142528535048255,-0.45237123482504754,1.3561953907370246,1.8038715391356541,0.09224563158090904,0.3027118013466577,-0.45237123482504754,0.5052844762417257,0.052715941374825284,0.2177923155635789,-0.45237123482504754,0.5052844762417257,0.0,2,0,0,1.0,0.0,7.75,2.5,4.0,1.5,2.0,0,0,0,0.0,0.0,0,0,0,0,0,0,0,0,0,0,1,0,0,1,0,0,0,0,0,0,0,0,1,0,0.09736111291607871
2017-12-03,1.199286884744993,1.1019257718289142,0.09736111291607871,False,False,False,False,58.5182,69.7478,8.21,138.12,0.09736111291607871,1.199286884744993,1.1019257718289142,0.09736111291607871,1.199286884744993,1.1019257718289142,0.3664667353667915,1.711702920347701,1.3430284451958885,0.05103751647319523,1.4220301184427053,1.3693623362781608,0.10058716093366174,0.3018022141807396,-0.45237123482504754,0.5052844762417257,0.05770634950493435,0.21797033363843485,-0.45237123482504754,0.5052844762417257,0.0,3,0,0,0.0,0.0,7.75,2.5,4.0,1.5,2.0,0,0,0,0.0,0.0,0,0,0,0,0,0,0,0,0,0,1,0,0,1,0,0,0,0,0,0,0,0,0,1,0.09736111291607871
2017-12-04,1.5273656827717947,1.4088631729015693,0.11223947731387947,False,True,False,False,58.5182,69.7478,7.83,108.66,0.09736111291607871,1.199286884744993,1.1019257718289142,0.09736111291607871,1.199286884744993,1.1019257718289142,0.09736111291607871,1.199286884744993,1.1019257718289142,0.5052844762417257,1.6195343015597479,1.1142528535048255,0.10892869028641446,0.30061996335304997,-0.45237123482504754,0.5052844762417257,0.06269675763504338,0.21802522839448618,-0.45237123482504754,0.5052844762417257,0.014878364397800756,4,0,0,0.0,0.0,7.75,2.5,4.0,1.5,2.0,0,0,0,0.0,0.0,0,0,0,0,0,0,0,0,0,0,1,0,0,1,0,0,0,0,0,0,0,0,0,0,0.0
2017-12-05,1.3298614996547522,1.1492444264341877,0.18564406522920665,False,True,False,False,58.9911,69.9104,8.07,92.6,0.11223947731387947,1.5273656827717947,1.4088631729015693,0.09736111291607871,1.199286884744993,1.1019257718289142,0.09736111291607871,1.199286884744993,1.1019257718289142,0.3664667353667915,1.711702920347701,1.3430284451958885,0.18958736344911833,0.17399558360504816,0.05103751647319523,0.5052844762417257,0.08154649952404312,0.2093005955118112,-0.45237123482504754,0.5052844762417257,0.07340458791532718,5,0,0,0.0,0.0,7.75,2.5,4.0,1.5,2.0,0,0,0,0.0,0.0,0,0,0,0,0,0,0,0,0,0,1,0,0,1,0,0,0,0,1,0,0,0,0,0,0.0
2017-12-06,1.395696227360433,1.0977810030528306,0.2963299485418014,False,True,False,False,58.6924,69.6327,8.07,128.1,0.18564406522920665,1.3298614996547522,1.1492444264341877,0.11223947731387947,1.5273656827717947,1.4088631729015693,0.09736111291607871,1.199286884744993,1.1019257718289142,0.09736111291607871,1.199286884744993,1.1019257718289142,0.2088168704142628,0.1632369701902266,0.09736111291607871,0.5052844762417257,0.09036112234262571,0.21101647431208417,-0.45237123482504754,0.5052844762417257,0.11068588331259474,6,0,0,0.0,0.0,7.75,2.5,4.0,1.5,2.0,0,0,0,0.0,1.0,0,0,0,0,0,0,0,0,0,0,1,0,0,1,0,0,0,0,0,1,0,0,0,0,0.0
2017-12-07,1.3561953907370246,1.1433432038449374,0.21704495890187414,False,True,False,False,58.9281,69.706,8.11,123.65,0.2963299485418014,1.395696227360433,1.0977810030528306,0.18564406522920665,1.3298614996547522,1.1492444264341877,0.11223947731387947,1.5273656827717947,1.4088631729015693,0.09736111291607871,1.199286884744993,1.1019257718289142,0.1789662235999879,0.1106088606705209,0.09736111291607871,0.3664667353667915,0.1140208199082355,0.21443266734823038,-0.45237123482504754,0.5052844762417257,-0.07928498963992725,7,0,0,0.0,0.0,7.75,2.5,4.0,1.5,2.0,0,0,0,0.0,1.0,0,0,0,0,0,0,0,0,0,0,1,0,0,1,0,0,0,0,0,0,1,0,0,0,0.0
2017-12-08,1.4220301184427053,1.1019388590486001,0.32634042225869264,False,True,False,False,59.2948,69.9323,8.09,107.02,0.21704495890187414,1.3561953907370246,1.1433432038449374,0.2963299485418014,1.395696227360433,1.0977810030528306,0.18564406522920665,1.3298614996547522,1.1492444264341877,0.09736111291607871,1.199286884744993,1.1019257718289142,0.15762025553357115,0.07800632031392792,0.09736111291607871,0.2963299485418014,0.12076217888086371,0.2162016130086259,-0.45237123482504754,0.5052844762417257,0.1092954633568185,8,0,0,0.0,0.0,7.75,2.5,4.0,1.5,2.0,0,0,0,0.0,1.0,0,0,0,0,0,0,0,0,0,0,1,0,0,1,0,0,0,0,0,0,0,1,0,0,0.0
2017-12-09,1.4220301184427053,1.1019388590486001,0.32634042225869264,False,False,False,False,59.2811,69.6434,8.09,107.02,0.32634042225869264,1.4220301184427053,1.1019388590486001,0.21704495890187414,1.3561953907370246,1.1433432038449374,0.2963299485418014,1.395696227360433,1.0977810030528306,0.11223947731387947,1.5273656827717947,1.4088631729015693,0.19033158543965886,0.09474089992773085,0.09736111291607871,0.32634042225869264,0.14128860851028394,0.22141757052217717,-0.45237123482504754,0.5052844762417257,0.0,9,0,0,0.0,0.0,7.75,2.5,4.0,1.5,2.0,0,0,0,0.0,1.0,0,0,0,0,0,0,0,0,0,0,1,0,0,1,0,0,0,0,0,0,0,0,1,0,0.32634042225869264
2017-12-10,1.4220301184427053,1.1019388590486001,0.32634042225869264,False,False,False,False,59.2811,69.6434,8.09,107.02,0.32634042225869264,1.4220301184427053,1.1019388590486001,0.32634042225869264,1.4220301184427053,1.1019388590486001,0.21704495890187414,1.3561953907370246,1.1433432038449374,0.18564406522920665,1.3298614996547522,1.1492444264341877,0.22304291534574655,0.09679850714820994,0.09736111291607871,0.32634042225869264,0.16181503813970413,0.22450134590710683,-0.45237123482504754,0.5052844762417257,0.0,10,0,0,0.0,0.0,7.75,2.5,4.0,1.5,2.0,0,0,0,0.0,1.0,0,0,0,0,0,0,0,0,0,0,1,0,0,1,0,0,0,0,0,0,0,0,0,1,0.32634042225869264
2017-12-11,1.5273656827717947,1.5141987372306585,0.022118682768453624,False,True,False,False,59.2811,69.6434,7.98,105.25,0.32634042225869264,1.4220301184427053,1.1019388590486001,0.32634042225869264,1.4220301184427053,1.1019388590486001,0.32634042225869264,1.4220301184427053,1.1019388590486001,0.2963299485418014,1.395696227360433,1.0977810030528306,0.25575424525183427,0.08524860473894183,0.11223947731387947,0.32634042225869264,0.18234146776912433,0.22554041500806235,-0.45237123482504754,0.5052844762417257,-0.304221739490239,11,0,0,0.0,0.0,7.75,2.5,4.0,1.5,2.0,0,0,0,0.0,0.0,0,0,0,0,0,0,0,0,0,0,1,0,0,1,0,0,0,0,0,0,0,0,0,0,0.0
2017-12-12,1.5273656827717947,1.4351970639838416,0.0962161441279314,False,True,False,False,59.2348,69.8023,7.99,144.36,0.022118682768453624,1.5273656827717947,1.5141987372306585,0.32634042225869264,1.4220301184427053,1.1019388590486001,0.32634042225869264,1.4220301184427053,1.1019388590486001,0.21704495890187414,1.3561953907370246,1.1433432038449374,0.2428798460310591,0.11286628077300692,0.022118682768453624,0.32634042225869264,0.2162336047400887,0.14358590919367617,0.022118682768453624,0.5052844762417257,0.07409746135947778,12,0,0,0.0,0.0,7.75,2.5,4.0,1.5,2.0,0,0,0,0.0,0.0,0,0,0,0,0,0,0,0,0,0,1,0,0,1,0,0,0,0,1,0,0,0,0,0,0.0
2017-12-13,1.199346930506589,1.2296666999481634,-0.030319769441574277,False,True,False,False,58.837,69.2982,7.97,123.64,0.0962161441279314,1.5273656827717947,1.4351970639838416,0.022118682768453624,1.5273656827717947,1.5141987372306585,0.32634042225869264,1.4220301184427053,1.1019388590486001,0.32634042225869264,1.4220301184427053,1.1019388590486001,0.23010442873087694,0.1248496508170011,0.022118682768453624,0.32634042225869264,0.21946064957256986,0.14005178244625907,0.022118682768453624,0.5052844762417257,-0.1265359135695057,13,0,0,0.0,0.0,7.75,2.5,4.0,1.5,2.0,0,0,0,0.0,0.0,0,0,0,0,0,0,0,0,0,0,1,0,0,1,0,0,0,0,0,1,0,0,0,0,-0.0
2017-12-14,1.47469790060725,1.1603322128777944,0.3122291488344617,False,True,False,False,59.1446,69.4653,7.85,91.68,-0.030319769441574277,1.199346930506589,1.2296666999481634,0.0962161441279314,1.5273656827717947,1.4351970639838416,0.022118682768453624,1.5273656827717947,1.5141987372306585,0.32634042225869264,1.4220301184427053,1.1019388590486001,0.18344018330468043,0.15368620235506153,-0.030319769441574277,0.32634042225869264,0.18120320345233412,0.12865955978800112,-0.030319769441574277,0.3664667353667915,0.34254891827603595,14,0,0,0.0,0.0,7.75,2.5,4.0,1.5,2.0,0,0,0,0.0,1.0,0,0,0,0,0,0,0,0,0,0,1,0,0,1,0,0,0,0,0,0,1,0,0,0,0.0
2017-12-15,2.3305493607811005,1.3561953907370246,0.9761226429407082,False,True,False,False,58.7082,69.4048,7.9,128.57,0.3122291488344617,1.47469790060725,1.1603322128777944,-0.030319769441574277,1.199346930506589,1.2296666999481634,0.0962161441279314,1.5273656827717947,1.4351970639838416,0.32634042225869264,1.4220301184427053,1.1019388590486001,0.19703792472362153,0.16118298062726943,-0.030319769441574277,0.32634042225869264,0.1773290901285963,0.12335931562596313,-0.030319769441574277,0.32634042225869264,0.6638934941062464,15,0,0,0.0,0.0,7.75,2.5,4.0,1.5,2.0,0,0,0,0.0,1.0,0,0,0,0,0,0,0,0,0,0,1,0,0,1,0,0,0,0,0,0,0,1,0,0,0.0
2017-12-16,2.3305493607811005,1.3561953907370246,0.9761226429407082,False,False,False,False,58.8987,69.4298,7.9,128.57,0.9761226429407082,2.3305493607811005,1.3561953907370246,0.3122291488344617,1.47469790060725,1.1603322128777944,-0.030319769441574277,1.199346930506589,1.2296666999481634,0.022118682768453624,1.5273656827717947,1.5141987372306585,0.2898639562496238,0.33808699000204817,-0.030319769441574277,0.9761226429407082,0.24009777084464126,0.24405947107893022,-0.030319769441574277,0.9761226429407082,0.0,16,0,0,0.0,0.0,7.75,2.5,4.0,1.5,2.0,0,0,0,0.0,1.0,0,0,0,0,0,0,0,0,0,0,1,0,0,1,0,0,0,0,0,0,0,0,1,0,0.9761226429407082
2017-12-17,2.3305493607811005,1.3561953907370246,0.9761226429407082,False,False,False,False,58.8987,69.4298,7.9,128.57,0.9761226429407082,2.3305493607811005,1.3561953907370246,0.9761226429407082,2.3305493607811005,1.3561953907370246,0.3122291488344617,1.47469790060725,1.1603322128777944,0.0962161441279314,1.5273656827717947,1.4351970639838416,0.3826899877756259,0.4272237166552334,-0.030319769441574277,0.9761226429407082,0.3028664515606862,0.3089119226509781,-0.030319769441574277,0.9761226429407082,0.0,17,0,0,0.0,0.0,7.75,2.5,4.0,1.5,2.0,0,0,0,0.0,1.0,0,0,0,0,0,0,0,0,0,0,1,0,0,1,0,0,0,0,0,0,0,0,0,1,0.9761226429407082
2017-12-18,1.64586819264202,2.5807213260626876,-0.9338122580140399,False,True,False,False,58.8987,69.4298,7.54,151.0,0.9761226429407082,2.3305493607811005,1.3561953907370246,0.9761226429407082,2.3305493607811005,1.3561953907370246,0.9761226429407082,2.3305493607811005,1.3561953907370246,-0.030319769441574277,1.199346930506589,1.2296666999481634,0.4755160193016282,0.4802414257809181,-0.030319769441574277,0.9761226429407082,0.36563513227673117,0.35043140890835695,-0.030319769441574277,0.9761226429407082,-1.909934900954748,18,0,0,0.0,0.0,7.75,2.5,4.0,1.5,2.0,0,0,0,1.0,0.0,0,0,0,0,0,0,0,0,0,0,1,0,0,1,0,0,0,0,0,0,0,0,0,0,-0.0
2017-12-19,1.882873212382471,1.4483640095249777,0.4338393998769726,False,True,False,False,58.694,69.0946,7.48,142.83,-0.9338122580140399,1.64586819264202,2.5807213260626876,0.9761226429407082,2.3305493607811005,1.3561953907370246,0.9761226429407082,2.3305493607811005,1.3561953907370246,0.3122291488344617,1.47469790060725,1.1603322128777944,0.33895445633270055,0.7110889052853016,-0.9338122580140399,0.9761226429407082,0.2909171511818798,0.49167089750848775,-0.9338122580140399,0.9761226429407082,1.3676516578910125,19,0,0,0.0,0.0,7.75,2.5,4.0,1.5,2.0,0,0,0,0.0,1.0,0,0,0,0,0,0,0,0,0,0,1,0,0,1,0,0,0,0,1,0,0,0,0,0,0.0
2017-12-20,2.3173824152399645,1.6063673560186116,0.7036327368835713,False,True,False,False,58.6117,69.1735,7.5,126.54,0.4338393998769726,1.882873212382471,1.4483640095249777,-0.9338122580140399,1.64586819264202,2.5807213260626876,0.9761226429407082,2.3305493607811005,1.3561953907370246,0.9761226429407082,2.3305493607811005,1.3561953907370246,0.387186350011135,0.7032877128937365,-0.9338122580140399,0.9761226429407082,0.30864538937100594,0.4920575177037758,-0.9338122580140399,0.9761226429407082,0.2697933370065987,20,0,0,0.0,0.0,7.75,2.5,4.0,1.5,2.0,0,0,0,0.0,1.0,0,0,0,0,0,0,0,0,0,0,1,0,0,1,0,0,0,0,0,1,0,0,0,0,0.0
2017-12-21,1.9882087767115604,1.7643707025122455,0.22802001572487982,False,True,False,False,58.717,69.5033,7.5,150.92,0.7036327368835713,2.3173824152399645,1.6063673560186116,0.4338393998769726,1.882873212382471,1.4483640095249777,-0.9338122580140399,1.64586819264202,2.5807213260626876,0.9761226429407082,2.3305493607811005,1.3561953907370246,0.49203670805758437,0.6851463852772263,-0.9338122580140399,0.9761226429407082,0.33773844568113237,0.5031884079875907,-0.9338122580140399,0.9761226429407082,-0.47561272115869146,21,0,0,0.0,0.0,7.75,2.5,4.0,1.5,2.0,0,0,0,0.0,1.0,0,0,0,0,0,0,0,0,0,0,1,0,0,1,0,0,0,0,0,0,1,0,0,0,0.0
2017-12-22,1.632701247100884,1.7512037569711094,-0.126948524759399,False,True,False,False,58.5596,69.522,7.54,164.62,0.22802001572487982,1.9882087767115604,1.7643707025122455,0.7036327368835713,2.3173824152399645,1.6063673560186116,0.4338393998769726,1.882873212382471,1.4483640095249777,0.9761226429407082,2.3305493607811005,1.3561953907370246,0.4800068318990727,0.6895547410690102,-0.9338122580140399,0.9761226429407082,0.33852237831134707,0.5029944236994838,-0.9338122580140399,0.9761226429407082,-0.35496854048427884,22,0,0,0.0,0.0,7.75,2.5,4.0,1.5,2.0,0,0,0,0.0,0.0,0,0,0,0,0,0,0,0,0,0,1,0,0,1,0,0,0,0,0,0,0,1,0,0,-0.0
2017-12-23,1.632701247100884,1.7512037569711094,-0.126948524759399,False,False,False,False,58.3152,69.1268,7.54,164.62,-0.126948524759399,1.632701247100884,1.7512037569711094,0.22802001572487982,1.9882087767115604,1.7643707025122455,0.7036327368835713,2.3173824152399645,1.6063673560186116,-0.9338122580140399,1.64586819264202,2.5807213260626876,0.3224252365133431,0.6832952800175079,-0.9338122580140399,0.9761226429407082,0.3061445963814834,0.5181982353397901,-0.9338122580140399,0.9761226429407082,0.0,23,0,0,0.0,0.0,7.75,2.5,4.0,1.5,2.0,0,0,0,0.0,0.0,0,0,0,0,0,0,0,0,0,0,1,0,0,1,0,0,0,0,0,0,0,0,1,0,-0.126948524759399
2017-12-24,1.632701247100884,1.7512037569711094,-0.126948524759399,False,False,False,False,58.3152,69.1268,7.54,164.62,-0.126948524759399,1.632701247100884,1.7512037569711094,-0.126948524759399,1.632701247100884,1.7512037569711094,0.22802001572487982,1.9882087767115604,1.7643707025122455,0.4338393998769726,1.882873212382471,1.4483640095249777,0.16484364112761346,0.6327384138127427,-0.9338122580140399,0.9761226429407082,0.2737668144516197,0.5308460325772771,-0.9338122580140399,0.9761226429407082,0.0,24,0,0,0.0,0.0,7.75,2.5,4.0,1.5,2.0,0,0,0,0.0,0.0,0,0,0,0,0,0,0,0,0,0,1,0,0,1,0,0,0,0,0,0,0,0,0,1,-0.126948524759399
2017-12-25,2.8308932913442746,3.765746424764942,-0.9359826802000116,False,True,False,False,58.3152,69.1268,7.84,108.57,-0.126948524759399,1.632701247100884,1.7512037569711094,-0.126948524759399,1.632701247100884,1.7512037569711094,-0.126948524759399,1.632701247100884,1.7512037569711094,0.7036327368835713,2.3173824152399645,1.6063673560186116,0.007262045741883887,0.5252448217649862,-0.9338122580140399,0.7036327368835713,0.241389032521756,0.541117074073684,-0.9338122580140399,0.9761226429407082,-0.8090341554406126,25,0,0,0.0,0.0,7.75,2.5,4.0,1.5,2.0,1,1,1,1.0,0.0,0,0,0,0,0,0,0,0,0,0,1,0,0,1,0,0,0,0,0,0,0,0,0,0,-0.0
2017-12-26,2.3832171429456452,2.8308932913442746,-0.4553665429095125,False,True,False,False,58.1989,69.0937,7.58,97.67,-0.9359826802000116,2.8308932913442746,3.765746424764942,-0.126948524759399,1.632701247100884,1.7512037569711094,-0.126948524759399,1.632701247100884,1.7512037569711094,0.22802001572487982,1.9882087767115604,1.7643707025122455,0.006951985429602213,0.5258931817412033,-0.9359826802000116,0.7036327368835713,0.17295322088115134,0.6250572996091318,-0.9359826802000116,0.9761226429407082,0.4806161372904991,26,0,0,0.0,0.0,7.75,2.5,4.0,1.5,2.0,1,0,1,0.0,0.0,0,0,0,0,0,0,0,0,0,0,1,0,0,1,0,0,0,0,1,0,0,0,0,0,-0.0
2017-12-27,2.712390781474049,2.475385761733598,0.23635732863042389,False,True,False,False,57.7343,68.5422,7.41,86.1,-0.4553665429095125,2.3832171429456452,2.8308932913442746,-0.9359826802000116,2.8308932913442746,3.765746424764942,-0.126948524759399,1.632701247100884,1.7512037569711094,-0.126948524759399,1.632701247100884,1.7512037569711094,-0.1200774349684671,0.5128242182783355,-0.9359826802000116,0.7036327368835713,0.1335544575213339,0.6472558424249459,-0.9359826802000116,0.9761226429407082,0.6917238715399364,27,0,0,0.0,0.0,7.75,2.5,4.0,1.5,2.0,1,0,1,0.0,1.0,0,0,0,0,0,0,0,0,0,0,1,0,0,1,0,0,0,0,0,1,0,0,0,0,0.0
2017-12-28,3.265402494201768,2.725557727015185,0.5413793462487997,False,True,False,False,57.4544,68.2328,7.19,81.49,0.23635732863042389,2.712390781474049,2.475385761733598,-0.4553665429095125,2.3832171429456452,2.8308932913442746,-0.9359826802000116,2.8308932913442746,3.765746424764942,-0.126948524759399,1.632701247100884,1.7512037569711094,-0.18683106471891672,0.4072851247410461,-0.9359826802000116,0.23635732863042389,0.15260282166933378,0.6459849687322167,-0.9359826802000116,0.9761226429407082,0.3050220176183758,28,0,0,0.0,0.0,7.75,2.5,4.0,1.5,2.0,1,0,1,0.0,1.0,0,0,0,0,0,0,0,0,0,0,1,0,0,1,0,0,0,0,0,0,1,0,0,0,0.0
2017-12-29,2.0145426677938327,1.8302054302179263,0.17613350998218452,False,True,False,True,57.6291,68.7861,7.19,81.49,0.5413793462487997,3.265402494201768,2.725557727015185,0.23635732863042389,2.712390781474049,2.475385761733598,-0.4553665429095125,2.3832171429456452,2.8308932913442746,-0.126948524759399,1.632701247100884,1.7512037569711094,-0.14206544607264246,0.4724842671840825,-0.9359826802000116,0.5413793462487997,0.1689706929132151,0.6532034350666066,-0.9359826802000116,0.9761226429407082,-0.36524583626661516,29,0,0,0.0,0.0,7.75,2.5,4.0,1.5,2.0,1,0,1,0.0,0.0,0,0,0,0,0,0,0,0,0,0,1,0,0,1,0,0,0,0,0,0,0,1,0,0,0.0
2017-12-30,0.005620279175982872,0.0026386787376776735,0.0029816004369885045,False,False,False,False,57.6002,68.8668,7.19,81.49,0.17613350998218452,2.0145426677938327,1.8302054302179263,0.5413793462487997,3.265402494201768,2.725557727015185,0.23635732863042389,2.712390781474049,2.475385761733598,-0.9359826802000116,2.8308932913442746,3.765746424764942,-0.09876801253813053,0.4877409962416082,-0.9359826802000116,0.5413793462487997,0.11182861198760626,0.6107760165003613,-0.9359826802000116,0.9761226429407082,-0.17315190954519602,30,0,0,0.0,0.0,7.75,2.5,4.0,1.5,2.0,1,0,0,0.0,0.0,0,0,0,0,0,0,0,0,0,0,1,0,0,1,0,0,0,0,0,0,0,0,1,0,0.0029816004369885045
2017-12-31,0.005620279175982872,0.0026386787376776735,0.0029816004369885045,False,False,False,False,57.6002,68.8668,7.19,81.49,0.0029816004369885045,0.005620279175982872,0.0026386787376776735,0.17613350998218452,2.0145426677938327,1.8302054302179263,0.5413793462487997,3.265402494201768,2.725557727015185,-0.4553665429095125,2.3832171429456452,2.8308932913442746,-0.08020656608150374,0.4889606030309151,-0.9359826802000116,0.5413793462487997,0.042318537523054846,0.557936848092357,-0.9359826802000116,0.9761226429407082,0.0,31,0,1,0.0,0.0,7.75,2.5,4.0,1.5,2.0,1,0,0,0.0,0.0,0,0,0,0,0,0,0,0,0,0,1,0,0,1,0,0,0,0,0,0,0,0,0,1,0.0029816004369885045
2018-01-01,0.005620279175982872,0.0026386787376776735,0.0029816004369885045,True,False,False,False,57.6002,68.8668,7.19,81.49,0.0029816004369885045,0.005620279175982872,0.0026386787376776735,0.0029816004369885045,0.005620279175982872,0.0026386787376776735,0.17613350998218452,2.0145426677938327,1.8302054302179263,0.23635732863042389,2.712390781474049,2.475385761733598,-0.061645119624876954,0.4893564817158455,-0.9359826802000116,0.5413793462487997,-0.027191536941496564,0.48901235039976587,-0.9359826802000116,0.7036327368835713,0.0,1,1,0,0.0,1.0,7.75,2.2,4.0,1.7999999999999998,2.0,0,0,0,0.0,0.0,0,0,0,0,0,0,0,0,0,0,0,0,0,0,1,0,0,0,0,0,0,0,0,0,0.0029816004369885045
2018-01-02,0.005620279175982872,0.0026386787376776735,0.0029816004369885045,True,False,False,False,57.6002,68.8668,7.19,81.49,0.0029816004369885045,0.005620279175982872,0.0026386787376776735,0.0029816004369885045,0.005620279175982872,0.0026386787376776735,0.0029816004369885045,0.005620279175982872,0.0026386787376776735,0.5413793462487997,3.265402494201768,2.725557727015185,0.07249263475183734,0.3029242150144562,-0.4553665429095125,0.5413793462487997,0.03972231009071975,0.4137069596820356,-0.9359826802000116,0.7036327368835713,0.0,2,0,0,1.0,0.0,7.75,2.2,4.0,1.7999999999999998,2.0,0,0,0,0.0,0.0,0,0,0,0,0,0,0,0,0,0,0,0,0,0,1,0,0,0,1,0,0,0,0,0,0.0029816004369885045
2018-01-03,0.0065850720264568115,0.007369691178954827,-0.0007846191530246928,True,False,False,False,57.6002,68.8668,7.19,81.49,0.0029816004369885045,0.005620279175982872,0.0026386787376776735,0.0029816004369885045,0.005620279175982872,0.0026386787376776735,0.0029816004369885045,0.005620279175982872,0.0026386787376776735,0.17613350998218452,2.0145426677938327,1.8302054302179263,0.13797094094419465,0.20279837796450687,0.0029816004369885045,0.5413793462487997,0.008946752987863741,0.3978554570188673,-0.9359826802000116,0.7036327368835713,-0.0037662195900131975,3,0,0,0.0,0.0,7.75,2.2,4.0,1.7999999999999998,2.0,0,0,0,0.0,0.0,0,0,0,0,0,0,0,0,0,0,0,0,0,0,1,0,0,0,0,1,0,0,0,0,-0.0007846191530246928
2018-01-04,0.0065850720264568115,0.007369691178954827,-0.0007846191530246928,True,False,False,False,57.6002,68.8668,7.19,81.49,-0.0007846191530246928,0.0065850720264568115,0.007369691178954827,0.0029816004369885045,0.005620279175982872,0.0026386787376776735,0.0029816004369885045,0.005620279175982872,0.0026386787376776735,0.0029816004369885045,0.005620279175982872,0.0026386787376776735,0.10409351983227341,0.2034299876197365,-0.0007846191530246928,0.5413793462487997,-0.04136877244332169,0.3441622487261096,-0.9359826802000116,0.5413793462487997,0.0,4,0,0,0.0,0.0,7.75,2.2,4.0,1.7999999999999998,2.0,0,0,0,0.0,0.0,0,0,0,0,0,0,0,0,0,0,0,0,0,0,1,0,0,0,0,0,1,0,0,0,-0.0007846191530246928
2018-01-05,0.0007414149773483007,6.567672435918717e-07,0.0007407582101047088,True,False,False,False,57.6002,68.8668,7.19,81.49,-0.0007846191530246928,0.0065850720264568115,0.007369691178954827,-0.0007846191530246928,0.0065850720264568115,0.007369691178954827,0.0029816004369885045,0.005620279175982872,0.0026386787376776735,0.0029816004369885045,0.005620279175982872,0.0026386787376776735,0.026641524774869925,0.06594367351690851,-0.0007846191530246928,0.17613350998218452,-0.0577119606488863,0.33571472000038804,-0.9359826802000116,0.5413793462487997,0.0015253773631294016,5,0,0,0.0,0.0,7.75,2.2,4.0,1.7999999999999998,2.0,0,0,0,0.0,0.0,0,0,0,0,0,0,0,0,0,0,0,0,0,0,1,0,0,0,0,0,0,1,0,0,0.0007407582101047088
2018-01-06,0.01109286991687414,0.11794359768052627,-0.10685072775575197,True,False,False,False,57.6002,68.8668,7.19,81.49,0.0007407582101047088,0.0007414149773483007,6.567672435918717e-07,-0.0007846191530246928,0.0065850720264568115,0.007369691178954827,-0.0007846191530246928,0.0065850720264568115,0.007369691178954827,0.0029816004369885045,0.005620279175982872,0.0026386787376776735,0.0015854173788585248,0.0018140610042595812,-0.0007846191530246928,0.0029816004369885045,-0.04859129757963604,0.33542341319234875,-0.9359826802000116,0.5413793462487997,-0.10759148596585667,6,0,0,0.0,0.0,7.75,2.2,4.0,1.7999999999999998,2.0,0,0,0,0.0,0.0,0,0,0,0,0,0,0,0,0,0,0,0,0,0,1,0,0,0,0,0,0,0,1,0,-0.10685072775575197
2018-01-07,0.01109286991687414,0.11794359768052627,-0.10685072775575197,True,False,False,False,57.6002,68.8668,7.19,81.49,-0.10685072775575197,0.01109286991687414,0.11794359768052627,0.0007407582101047088,0.0007414149773483007,6.567672435918717e-07,-0.0007846191530246928,0.0065850720264568115,0.007369691178954827,0.0029816004369885045,0.005620279175982872,0.0026386787376776735,-0.014104915220104399,0.04093264261569044,-0.10685072775575197,0.0029816004369885045,-0.0471557406508041,0.3351051171647796,-0.9359826802000116,0.5413793462487997,0.0,7,0,0,0.0,0.0,7.75,2.2,4.0,1.7999999999999998,2.0,0,0,0,0.0,0.0,0,0,0,0,0,0,0,0,0,0,0,0,0,0,1,0,0,0,0,0,0,0,0,1,-0.10685072775575197
2018-01-08,0.01109286991687414,0.11794359768052627,-0.10685072775575197,True,False,False,False,57.6002,68.8668,7.19,81.49,-0.10685072775575197,0.01109286991687414,0.11794359768052627,-0.10685072775575197,0.01109286991687414,0.11794359768052627,0.0007407582101047088,0.0007414149773483007,6.567672435918717e-07,-0.0007846191530246928,0.0065850720264568115,0.007369691178954827,-0.02979524781906732,0.05266152668244926,-0.10685072775575197,0.0029816004369885045,-0.045720183721972174,0.33477988930825126,-0.9359826802000116,0.5413793462487997,0.0,8,0,0,0.0,0.0,7.75,2.2,4.0,1.7999999999999998,2.0,0,0,0,0.0,0.0,0,0,0,0,0,0,0,0,0,0,0,0,0,0,1,0,0,0,0,0,0,0,0,0,-0.10685072775575197
2018-01-09,1.64586819264202,2.212046850910875,-0.5670238532328253,False,True,True,False,57.6002,68.8668,6.88,89.7,-0.10685072775575197,0.01109286991687414,0.11794359768052627,-0.10685072775575197,0.01109286991687414,0.11794359768052627,-0.10685072775575197,0.01109286991687414,0.11794359768052627,-0.0007846191530246928,0.0065850720264568115,0.007369691178954827,-0.04548558041803025,0.05741564508384984,-0.10685072775575197,0.0029816004369885045,0.013503527166903517,0.21822250914119937,-0.4553665429095125,0.5413793462487997,-0.46017312547707334,9,0,0,0.0,0.0,7.75,2.2,4.0,1.7999999999999998,2.0,0,0,0,0.0,0.0,0,0,0,0,0,0,0,0,0,0,0,0,0,0,1,0,0,0,1,0,0,0,0,0,-0.0
2018-01-10,1.3561953907370246,1.5536995738540669,-0.19715752815942825,False,True,False,False,57.0463,68.2103,7.16,151.12,-0.5670238532328253,1.64586819264202,2.212046850910875,-0.10685072775575197,0.01109286991687414,0.11794359768052627,-0.10685072775575197,0.01109286991687414,0.11794359768052627,0.0007407582101047088,0.0007414149773483007,6.567672435918717e-07,-0.12691493094228937,0.20125326759473816,-0.5670238532328253,0.0007407582101047088,0.005528005000952597,0.2378357864114335,-0.5670238532328253,0.5413793462487997,0.3698663250733971,10,0,0,0.0,0.0,7.75,2.2,4.0,1.7999999999999998,2.0,0,0,0,0.0,0.0,0,0,0,0,0,0,0,0,0,0,0,0,0,0,1,0,0,0,0,1,0,0,0,0,-0.0
2018-01-11,1.5800334649363392,1.3430284451958885,0.23383580074323843,False,True,False,False,56.8734,67.8841,7.04,157.41,-0.19715752815942825,1.3561953907370246,1.5536995738540669,-0.5670238532328253,1.64586819264202,2.212046850910875,-0.10685072775575197,0.01109286991687414,0.11794359768052627,-0.10685072775575197,0.01109286991687414,0.11794359768052627,-0.1549682036574899,0.19430797309377792,-0.5670238532328253,0.0007407582101047088,-0.02543734191260827,0.23365515478451332,-0.5670238532328253,0.5413793462487997,0.4309933289026667,11,0,0,0.0,0.0,7.75,2.2,4.0,1.7999999999999998,2.0,0,0,0,0.0,1.0,0,0,0,0,0,0,0,0,0,0,0,0,0,0,1,0,0,0,0,0,1,0,0,0,0.0
2018-01-12,1.711702920347701,1.3028258129690256,0.4041623867585738,False,True,False,False,56.9957,68.0586,7.0,162.7,0.23383580074323843,1.5800334649363392,1.3430284451958885,-0.19715752815942825,1.3561953907370246,1.5536995738540669,-0.5670238532328253,1.64586819264202,2.212046850910875,-0.10685072775575197,0.01109286991687414,0.11794359768052627,-0.12145100081516656,0.24016164221542394,-0.5670238532328253,0.23383580074323843,-0.047404738020148364,0.18582808044944035,-0.5670238532328253,0.23383580074323843,0.17032658601533537,12,0,0,0.0,0.0,7.75,2.2,4.0,1.7999999999999998,2.0,0,0,0,0.0,1.0,0,0,0,0,0,0,0,0,0,0,0,0,0,0,1,0,0,0,0,0,0,1,0,0,0.0
2018-01-13,1.711702920347701,1.3028258129690256,0.4041623867585738,False,False,False,False,56.6019,68.2562,7.0,162.7,0.4041623867585738,1.711702920347701,1.3028258129690256,0.23383580074323843,1.5800334649363392,1.3430284451958885,-0.19715752815942825,1.3561953907370246,1.5536995738540669,-0.10685072775575197,0.01109286991687414,0.11794359768052627,-0.0638193395939567,0.31202415369831404,-0.5670238532328253,0.4041623867585738,-0.031116961107549128,0.21468159207250537,-0.5670238532328253,0.4041623867585738,0.0,13,0,0,0.0,0.0,7.75,2.2,4.0,1.7999999999999998,2.0,0,0,0,0.0,1.0,0,0,0,0,0,0,0,0,0,0,0,0,0,0,1,0,0,0,0,0,0,0,1,0,0.4041623867585738
2018-01-14,1.711702920347701,1.3028258129690256,0.4041623867585738,False,False,False,False,56.6019,68.2562,7.0,162.7,0.4041623867585738,1.711702920347701,1.3028258129690256,0.4041623867585738,1.711702920347701,1.3028258129690256,0.23383580074323843,1.5800334649363392,1.3430284451958885,-0.5670238532328253,1.64586819264202,2.212046850910875,0.009182533908089834,0.3568390664421887,-0.5670238532328253,0.4041623867585738,-0.0024611906560073177,0.24431311434449204,-0.5670238532328253,0.4041623867585738,0.0,14,0,0,0.0,0.0,7.75,2.2,4.0,1.7999999999999998,2.0,0,0,0,0.0,1.0,0,0,0,0,0,0,0,0,0,0,0,0,0,0,1,0,0,0,0,0,0,0,0,1,0.4041623867585738
2018-01-15,1.3561953907370246,3.752579479223806,-2.3832171429456452,False,True,False,False,56.6019,68.2562,7.0,141.18,0.4041623867585738,1.711702920347701,1.3028258129690256,0.4041623867585738,1.711702920347701,1.3028258129690256,0.4041623867585738,1.711702920347701,1.3028258129690256,-0.19715752815942825,1.3561953907370246,1.5536995738540669,0.08218440741013637,0.38062342887202294,-0.5670238532328253,0.4041623867585738,0.02619457979553449,0.26743405184791497,-0.5670238532328253,0.4041623867585738,-2.787379529704219,15,0,0,0.0,0.0,7.75,2.2,4.0,1.7999999999999998,2.0,0,0,0,1.0,0.0,0,0,0,0,0,0,0,0,0,0,0,0,0,0,1,0,0,0,0,0,0,0,0,0,-0.0
2018-01-16,1.0214962116482746,1.3693623362781608,-0.34461986750651463,False,True,False,False,56.3569,68.8174,7.02,172.04,-2.3832171429456452,1.3561953907370246,3.752579479223806,0.4041623867585738,1.711702920347701,1.3028258129690256,0.4041623867585738,1.711702920347701,1.3028258129690256,0.23383580074323843,1.5800334649363392,1.3430284451958885,-0.24301079475984835,1.0141870515513596,-2.3832171429456452,0.4041623867585738,-0.14424818758893937,0.6976768222003069,-2.3832171429456452,0.4041623867585738,2.0385972754391304,16,0,0,0.0,0.0,7.75,2.2,4.0,1.7999999999999998,2.0,0,0,0,0.0,0.0,0,0,0,0,0,0,0,0,0,0,0,0,0,0,1,0,0,0,1,0,0,0,0,0,-0.0
2018-01-17,1.0544710214493138,1.461530955066114,-0.4074156694744133,False,True,False,False,56.3878,69.0243,6.98,159.98,-0.34461986750651463,1.0214962116482746,1.3693623362781608,-2.3832171429456452,1.3561953907370246,3.752579479223806,0.4041623867585738,1.711702920347701,1.3028258129690256,0.4041623867585738,1.711702920347701,1.3028258129690256,-0.21123879679894683,1.005793714422352,-2.3832171429456452,0.4041623867585738,-0.16907686387061815,0.698219165634422,-2.3832171429456452,0.4041623867585738,-0.06279580196789869,17,0,0,0.0,0.0,7.75,2.2,4.0,1.7999999999999998,2.0,0,0,0,0.0,0.0,0,0,0,0,0,0,0,0,0,0,0,0,0,0,1,0,0,0,0,1,0,0,0,0,-0.0
2018-01-18,0.961359556625818,1.139613275936138,-0.17825371929715308,False,True,False,False,56.5925,69.173,7.07,142.05,-0.4074156694744133,1.0544710214493138,1.461530955066114,-0.34461986750651463,1.0214962116482746,1.3693623362781608,-2.3832171429456452,1.3561953907370246,3.752579479223806,0.4041623867585738,1.711702920347701,1.3028258129690256,-0.24127567412965897,1.0084391868193177,-2.3832171429456452,0.4041623867585738,-0.1981219388935745,0.6991369690626426,-2.3832171429456452,0.4041623867585738,0.22916195017726024,18,0,0,0.0,0.0,7.75,2.2,4.0,1.7999999999999998,2.0,0,0,0,0.0,0.0,0,0,0,0,0,0,0,0,0,0,0,0,0,0,1,0,0,0,0,0,1,0,0,0,-0.0
2018-01-19,1.2309964554670734,1.234835879892497,-0.003839424435957178,False,True,False,False,56.7597,69.2582,7.01,176.56,-0.17825371929715308,0.961359556625818,1.139613275936138,-0.4074156694744133,1.0544710214493138,1.461530955066114,-0.34461986750651463,1.0214962116482746,1.3693623362781608,0.4041623867585738,1.711702920347701,1.3028258129690256,-0.30014560556400066,0.9879000229883471,-2.3832171429456452,0.4041623867585738,-0.21079830318958367,0.6968889981721575,-2.3832171429456452,0.4041623867585738,0.17441429486119592,19,0,0,0.0,0.0,7.75,2.2,4.0,1.7999999999999998,2.0,0,0,0,0.0,0.0,0,0,0,0,0,0,0,0,0,0,0,0,0,0,1,0,0,0,0,0,0,1,0,0,-0.0
2018-01-20,1.2309964554670734,1.234835879892497,-0.003839424435957178,False,False,False,False,56.5892,69.3953,7.01,176.56,-0.003839424435957178,1.2309964554670734,1.234835879892497,-0.17825371929715308,0.961359556625818,1.139613275936138,-0.4074156694744133,1.0544710214493138,1.461530955066114,-2.3832171429456452,1.3561953907370246,3.752579479223806,-0.3584315785917908,0.9507580795418742,-2.3832171429456452,0.4041623867585738,-0.21112545909287378,0.6967831187578782,-2.3832171429456452,0.4041623867585738,0.0,20,0,0,0.0,0.0,7.75,2.2,4.0,1.7999999999999998,2.0,0,0,0,0.0,0.0,0,0,0,0,0,0,0,0,0,0,0,0,0,0,1,0,0,0,0,0,0,0,1,0,-0.003839424435957178
2018-01-21,1.2309964554670734,1.234835879892497,-0.003839424435957178,False,False,False,False,56.5892,69.3953,7.01,176.56,-0.003839424435957178,1.2309964554670734,1.234835879892497,-0.003839424435957178,1.2309964554670734,1.234835879892497,-0.17825371929715308,0.961359556625818,1.139613275936138,-0.34461986750651463,1.0214962116482746,1.3693623362781608,-0.4167175516195809,0.9077491221075736,-2.3832171429456452,0.4041623867585738,-0.2037675088557456,0.6985107024201886,-2.3832171429456452,0.4041623867585738,0.0,21,0,0,0.0,0.0,7.75,2.2,4.0,1.7999999999999998,2.0,0,0,0,0.0,0.0,0,0,0,0,0,0,0,0,0,0,0,0,0,0,1,0,0,0,0,0,0,0,0,1,-0.003839424435957178
2018-01-22,1.4088631729015693,1.5273656827717947,-0.12514092156306056,False,True,False,False,56.5892,69.3953,7.01,172.2,-0.003839424435957178,1.2309964554670734,1.234835879892497,-0.003839424435957178,1.2309964554670734,1.234835879892497,-0.003839424435957178,1.2309964554670734,1.234835879892497,-0.4074156694744133,1.0544710214493138,1.461530955066114,-0.47500352464737106,0.8579913076710803,-2.3832171429456452,-0.003839424435957178,-0.1964095586186174,0.7001507553366018,-2.3832171429456452,0.4041623867585738,-0.12130149712710338,22,0,0,0.0,0.0,7.75,2.2,4.0,1.7999999999999998,2.0,0,0,0,0.0,0.0,0,0,0,0,0,0,0,0,0,0,0,0,0,0,1,0,0,0,0,0,0,0,0,0,-0.0
2018-01-23,1.1662105837327141,1.269988474493114,-0.10377789076039978,False,True,False,False,56.6261,69.265,6.95,214.0,-0.12514092156306056,1.4088631729015693,1.5273656827717947,-0.003839424435957178,1.2309964554670734,1.234835879892497,-0.003839424435957178,1.2309964554670734,1.234835879892497,-0.17825371929715308,0.961359556625818,1.139613275936138,-0.1524212073070018,0.16812875620980777,-0.4074156694744133,-0.003839424435957178,-0.19771600103342515,0.6999878340666221,-2.3832171429456452,0.4041623867585738,0.021363030802660776,23,0,0,0.0,0.0,7.75,2.2,4.0,1.7999999999999998,2.0,0,0,0,0.0,0.0,0,0,0,0,0,0,0,0,0,0,0,0,0,0,1,0,0,0,1,0,0,0,0,0,-0.0
2018-01-24,1.1082018843367922,1.2727164828520332,-0.16451459851524108,False,True,False,False,56.4115,69.0702,6.93,227.07,-0.10377789076039978,1.1662105837327141,1.269988474493114,-0.12514092156306056,1.4088631729015693,1.5273656827717947,-0.003839424435957178,1.2309964554670734,1.234835879892497,-0.003839424435957178,1.2309964554670734,1.234835879892497,-0.11801521062898541,0.14534046866940467,-0.4074156694744133,-0.003839424435957178,-0.16462700371396619,0.6920919412238902,-2.3832171429456452,0.4041623867585738,-0.0607367077548413,24,0,0,0.0,0.0,7.75,2.2,4.0,1.7999999999999998,2.0,0,0,0,0.0,0.0,0,0,0,0,0,0,0,0,0,0,0,0,0,0,1,0,0,0,0,1,0,0,0,0,-0.0
2018-01-25,1.8433723757590625,2.0145426677938327,-0.17135410774280005,False,True,False,False,56.3888,69.4484,7.21,248.87,-0.16451459851524108,1.1082018843367922,1.2727164828520332,-0.10377789076039978,1.1662105837327141,1.269988474493114,-0.12514092156306056,1.4088631729015693,1.5273656827717947,-0.003839424435957178,1.2309964554670734,1.234835879892497,-0.08331505763481795,0.07823466214683344,-0.17825371929715308,-0.003839424435957178,-0.16229536588223853,0.6920289001588689,-2.3832171429456452,0.4041623867585738,-0.006839509227558965,25,0,0,0.0,0.0,7.75,2.2,4.0,1.7999999999999998,2.0,1,1,1,0.0,0.0,0,0,0,0,0,0,0,0,0,0,0,0,0,0,1,0,0,0,0,0,1,0,0,0,-0.0
2018-01-26,1.2128471625133628,1.632701247100884,-0.41410228426201806,False,True,False,False,55.9288,69.458,7.25,201.94,-0.17135410774280005,1.8433723757590625,2.0145426677938327,-0.16451459851524108,1.1082018843367922,1.2727164828520332,-0.10377789076039978,1.1662105837327141,1.269988474493114,-0.003839424435957178,1.2309964554670734,1.234835879892497,-0.08232939884133894,0.07687077725015246,-0.17135410774280005,-0.003839424435957178,-0.19123750220266983,0.6825961234412443,-2.3832171429456452,0.4041623867585738,-0.242748176519218,26,0,0,0.0,0.0,7.75,2.2,4.0,1.7999999999999998,2.0,1,0,1,0.0,0.0,0,0,0,0,0,0,0,0,0,0,0,0,0,0,1,0,0,0,0,0,0,1,0,0,-0.0
2018-01-27,1.2128471625133628,1.632701247100884,-0.41410228426201806,False,False,False,False,55.8288,69.6073,7.25,201.94,-0.41410228426201806,1.2128471625133628,1.632701247100884,-0.17135410774280005,1.8433723757590625,2.0145426677938327,-0.16451459851524108,1.1082018843367922,1.2727164828520332,-0.12514092156306056,1.4088631729015693,1.5273656827717947,-0.1409383788164905,0.13863752621636935,-0.41410228426201806,-0.003839424435957178,-0.2496849787041407,0.6624273114699528,-2.3832171429456452,0.4041623867585738,0.0,27,0,0,0.0,0.0,7.75,2.2,4.0,1.7999999999999998,2.0,1,0,0,0.0,0.0,0,0,0,0,0,0,0,0,0,0,0,0,0,0,1,0,0,0,0,0,0,0,1,0,-0.41410228426201806
2018-01-28,1.2128471625133628,1.632701247100884,-0.41410228426201806,False,False,False,False,55.8288,69.6073,7.25,201.94,-0.41410228426201806,1.2128471625133628,1.632701247100884,-0.41410228426201806,1.2128471625133628,1.632701247100884,-0.17135410774280005,1.8433723757590625,2.0145426677938327,-0.10377789076039978,1.1662105837327141,1.269988474493114,-0.19954735879164204,0.15657771779656826,-0.41410228426201806,-0.003839424435957178,-0.3081324552056115,0.6358652752001642,-2.3832171429456452,0.4041623867585738,0.0,28,0,0,0.0,0.0,7.75,2.2,4.0,1.7999999999999998,2.0,1,0,0,0.0,0.0,0,0,0,0,0,0,0,0,0,0,0,0,0,0,1,0,0,0,0,0,0,0,0,1,-0.41410228426201806
2018-01-29,1.3298614996547522,1.711702920347701,-0.37972320948829985,False,True,False,False,55.8288,69.6073,7.35,144.73,-0.41410228426201806,1.2128471625133628,1.632701247100884,-0.41410228426201806,1.2128471625133628,1.632701247100884,-0.41410228426201806,1.2128471625133628,1.632701247100884,-0.16451459851524108,1.1082018843367922,1.2727164828520332,-0.2581563387667936,0.14764068036962025,-0.41410228426201806,-0.10377789076039978,-0.36657993170708236,0.602064434599177,-2.3832171429456452,-0.003839424435957178,0.03437907477371821,29,0,0,0.0,0.0,7.75,2.2,4.0,1.7999999999999998,2.0,1,0,1,0.0,0.0,0,0,0,0,0,0,0,0,0,0,0,0,0,0,1,0,0,0,0,0,0,0,0,0,-0.0
2018-01-30,1.3082871506470617,1.3060811389578082,0.0022060116918868654,False,True,False,False,56.2908,69.8513,7.37,193.18,-0.37972320948829985,1.3298614996547522,1.711702920347701,-0.41410228426201806,1.2128471625133628,1.632701247100884,-0.41410228426201806,1.2128471625133628,1.632701247100884,-0.17135410774280005,1.8433723757590625,2.0145426677938327,-0.29452523704182776,0.1406017712732098,-0.41410228426201806,-0.10377789076039978,-0.22347322217441487,0.1661542989867208,-0.41410228426201806,-0.003839424435957178,0.38192922118018674,30,0,0,0.0,0.0,7.75,2.2,4.0,1.7999999999999998,2.0,1,0,1,0.0,0.0,0,0,0,0,0,0,0,0,0,0,0,0,0,0,1,0,0,0,1,0,0,0,0,0,0.0
2018-01-31,1.47469790060725,1.0180909558758289,0.4529646345236884,False,True,False,True,56.2914,69.5424,7.12,148.39,0.0022060116918868654,1.3082871506470617,1.3060811389578082,-0.37972320948829985,1.3298614996547522,1.711702920347701,-0.41410228426201806,1.2128471625133628,1.632701247100884,-0.41410228426201806,1.2128471625133628,1.632701247100884,-0.279384679548644,0.1676670197167667,-0.41410228426201806,0.0022060116918868654,-0.19869994508881478,0.17243880904661898,-0.41410228426201806,0.0022060116918868654,0.4507586228318015,31,0,1,0.0,0.0,7.75,2.2,4.0,1.7999999999999998,2.0,1,0,1,0.0,1.0,0,0,0,0,0,0,0,0,0,0,0,0,0,0,1,0,0,0,0,1,0,0,0,0,0.0
2018-02-01,1.1263454326706657,1.1140638383280046,0.012281594340027683,False,True,True,False,56.184,69.9322,7.26,118.35,0.4529646345236884,1.47469790060725,1.0180909558758289,0.0022060116918868654,1.3082871506470617,1.3060811389578082,-0.37972320948829985,1.3298614996547522,1.711702920347701,-0.41410228426201806,1.2128471625133628,1.632701247100884,-0.1911733605430826,0.3259205173312722,-0.41410228426201806,0.4529646345236884,-0.13724420908895035,0.2344856930430047,-0.41410228426201806,0.4529646345236884,-0.4406830401836607,1,1,0,0.0,1.0,7.5,2.2,4.0,1.7999999999999998,2.0,0,0,0,0.0,0.0,1,0,0,0,0,0,0,0,0,0,0,0,0,0,1,0,0,0,0,0,1,0,0,0,0.0
2018-02-02,1.114233400896488,1.027538672125428,0.08669472877106,False,True,False,False,56.2613,69.7921,7.09,127.5,0.012281594340027683,1.1263454326706657,1.1140638383280046,0.4529646345236884,1.47469790060725,1.0180909558758289,0.0022060116918868654,1.3082871506470617,1.3060811389578082,-0.41410228426201806,1.2128471625133628,1.632701247100884,-0.16493968881696436,0.33504446940274346,-0.41410228426201806,0.4529646345236884,-0.12363454382915172,0.23743324361709445,-0.41410228426201806,0.4529646345236884,0.07441313443103233,2,0,0,1.0,0.0,7.5,2.2,4.0,1.7999999999999998,2.0,0,0,0,0.0,0.0,1,0,0,0,0,0,0,0,0,0,0,0,0,0,1,0,0,0,0,0,0,1,0,0,0.0
2018-02-03,1.114233400896488,1.027538672125428,0.08669472877106,False,False,False,False,56.0408,70.0958,7.09,127.5,0.08669472877106,1.114233400896488,1.027538672125428,0.012281594340027683,1.1263454326706657,1.1140638383280046,0.4529646345236884,1.47469790060725,1.0180909558758289,-0.37972320948829985,1.3298614996547522,1.711702920347701,-0.0933972583836675,0.32632765347730447,-0.41410228426201806,0.4529646345236884,-0.11716781860007906,0.2421333326366371,-0.41410228426201806,0.4529646345236884,0.0,3,0,0,0.0,0.0,7.5,2.2,4.0,1.7999999999999998,2.0,0,0,0,0.0,0.0,1,0,0,0,0,0,0,0,0,0,0,0,0,0,1,0,0,0,0,0,0,0,1,0,0.08669472877106
2018-02-04,1.114233400896488,1.027538672125428,0.08669472877106,False,False,False,False,56.0408,70.0958,7.09,127.5,0.08669472877106,1.114233400896488,1.027538672125428,0.08669472877106,1.114233400896488,1.027538672125428,0.012281594340027683,1.1263454326706657,1.1140638383280046,0.0022060116918868654,1.3082871506470617,1.3060811389578082,-0.02185482795037064,0.29796297289305523,-0.41410228426201806,0.4529646345236884,-0.11070109337100642,0.24656132235559441,-0.41410228426201806,0.4529646345236884,0.0,4,0,0,0.0,0.0,7.5,2.2,4.0,1.7999999999999998,2.0,0,0,0,0.0,0.0,1,0,0,0,0,0,0,0,0,0,0,0,0,0,1,0,0,0,0,0,0,0,0,1,0.08669472877106
2018-02-05,1.1090642890252627,1.0927534145288877,0.016310874483208018,False,True,False,False,56.0408,70.0958,7.19,134.53,0.08669472877106,1.114233400896488,1.027538672125428,0.08669472877106,1.114233400896488,1.027538672125428,0.08669472877106,1.114233400896488,1.027538672125428,0.4529646345236884,1.47469790060725,1.0180909558758289,0.04968760248292622,0.24316945501266699,-0.37972320948829985,0.4529646345236884,-0.10423436814193376,0.25073162923448544,-0.41410228426201806,0.4529646345236884,-0.07038385428785199,5,0,0,0.0,0.0,7.5,2.2,4.0,1.7999999999999998,2.0,0,0,0,0.0,0.0,1,0,0,0,0,0,0,0,0,0,0,0,0,0,1,0,0,0,0,0,0,0,0,0,0.0
2018-02-06,1.3693623362781608,1.2960899040603768,0.0686601322504407,False,True,False,False,56.6278,70.4959,7.23,102.0,0.016310874483208018,1.1090642890252627,1.0927534145288877,0.08669472877106,1.114233400896488,1.027538672125428,0.08669472877106,1.114233400896488,1.027538672125428,0.012281594340027683,1.1263454326706657,1.1140638383280046,0.10626390019314162,0.1576401605994698,0.0022060116918868654,0.4529646345236884,-0.09413066842434314,0.2526669187431992,-0.41410228426201806,0.4529646345236884,0.052349257767232676,6,0,0,0.0,0.0,7.5,2.2,4.0,1.7999999999999998,2.0,0,0,0,0.0,0.0,1,0,0,0,0,0,0,0,0,0,0,0,0,0,1,0,0,0,1,0,0,0,0,0,0.0
2018-02-07,1.2259532389506314,1.3166945541136161,-0.0920334161275422,False,True,False,False,57.2196,70.9294,7.07,159.2,0.0686601322504407,1.3693623362781608,1.2960899040603768,0.016310874483208018,1.1090642890252627,1.0927534145288877,0.08669472877106,1.114233400896488,1.027538672125428,0.08669472877106,1.114233400896488,1.027538672125428,0.11575734598722076,0.152237556697744,0.012281594340027683,0.4529646345236884,-0.08181366678071167,0.2563368112203549,-0.41410228426201806,0.4529646345236884,-0.1606935483779829,7,0,0,0.0,0.0,7.5,2.2,4.0,1.7999999999999998,2.0,0,0,0,0.0,0.0,1,0,0,0,0,0,0,0,0,0,0,0,0,0,1,0,0,0,0,1,0,0,0,0,-0.0
2018-02-08,1.2430651449350991,1.3298614996547522,-0.08034405940840936,False,True,False,False,56.9533,70.531,7.06,155.0,-0.0920334161275422,1.2259532389506314,1.3166945541136161,0.0686601322504407,1.3693623362781608,1.2960899040603768,0.016310874483208018,1.1090642890252627,1.0927534145288877,0.08669472877106,1.114233400896488,1.027538672125428,0.03790048160847353,0.06594700912813245,-0.0920334161275422,0.08669472877106,-0.07663643946730461,0.2552677384533052,-0.41410228426201806,0.4529646345236884,0.011689356719132848,8,0,0,0.0,0.0,7.5,2.2,4.0,1.7999999999999998,2.0,0,0,0,0.0,0.0,1,0,0,0,0,0,0,0,0,0,0,0,0,0,1,0,0,0,0,0,1,0,0,0,-0.0
2018-02-09,1.7512037569711094,1.6853690292654286,0.06806328660414838,False,True,False,False,57.6736,70.7713,6.99,167.9,-0.08034405940840936,1.2430651449350991,1.3298614996547522,-0.0920334161275422,1.2259532389506314,1.3166945541136161,0.0686601322504407,1.3693623362781608,1.2960899040603768,0.08669472877106,1.114233400896488,1.027538672125428,0.024668245358696803,0.07978496896858302,-0.0920334161275422,0.08669472877106,-0.07013572172913385,0.253824851326562,-0.41410228426201806,0.4529646345236884,0.14840734601255773,9,0,0,0.0,0.0,7.5,2.2,4.0,1.7999999999999998,2.0,0,0,0,0.0,0.0,1,0,0,0,0,0,0,0,0,0,0,0,0,0,1,0,0,0,0,0,0,1,0,0,0.0
2018-02-10,1.7512037569711094,1.6853690292654286,0.06806328660414838,False,False,False,False,58.1718,71.3943,6.99,167.9,0.06806328660414838,1.7512037569711094,1.6853690292654286,-0.08034405940840936,1.2430651449350991,1.3298614996547522,-0.0920334161275422,1.2259532389506314,1.3166945541136161,0.016310874483208018,1.1090642890252627,1.0927534145288877,0.02200661076342372,0.07765318464071036,-0.0920334161275422,0.08669472877106,-0.03569532381012196,0.23562220618258023,-0.41410228426201806,0.4529646345236884,0.0,10,0,0,0.0,0.0,7.5,2.2,4.0,1.7999999999999998,2.0,0,0,0,0.0,0.0,1,0,0,0,0,0,0,0,0,0,0,0,0,0,1,0,0,0,0,0,0,0,1,0,0.06806328660414838
2018-02-11,1.7512037569711094,1.6853690292654286,0.06806328660414838,False,False,False,False,58.1718,71.3943,6.99,167.9,0.06806328660414838,1.7512037569711094,1.6853690292654286,0.06806328660414838,1.7512037569711094,1.6853690292654286,-0.08034405940840936,1.2430651449350991,1.3298614996547522,0.0686601322504407,1.3693623362781608,1.2960899040603768,0.019344976168150625,0.07535159497998031,-0.0920334161275422,0.08669472877106,-0.0012549258911100716,0.2098900371432039,-0.41410228426201806,0.4529646345236884,0.0,11,0,0,0.0,0.0,7.5,2.2,4.0,1.7999999999999998,2.0,0,0,0,0.0,0.0,1,0,0,0,0,0,0,0,0,0,0,0,0,0,1,0,0,0,0,0,0,0,0,1,0.06806328660414838
2018-02-12,1.4220301184427053,1.4483640095249777,-0.0319089489302224,False,True,False,False,58.1718,71.3943,6.78,190.4,0.06806328660414838,1.7512037569711094,1.6853690292654286,0.06806328660414838,1.7512037569711094,1.6853690292654286,0.06806328660414838,1.7512037569711094,1.6853690292654286,-0.0920334161275422,1.2259532389506314,1.3166945541136161,0.016683341572877538,0.07286411062289838,-0.0920334161275422,0.0686601322504407,0.03318547202790182,0.17330627827011566,-0.37972320948829985,0.4529646345236884,-0.09997223553437079,12,0,0,0.0,0.0,7.5,2.2,4.0,1.7999999999999998,2.0,0,0,0,0.0,0.0,1,0,0,0,0,0,0,0,0,0,0,0,0,0,1,0,0,0,0,0,0,0,0,0,-0.0
2018-02-13,1.5668665193952032,1.47469790060725,0.0923336868985777,False,True,False,False,58.0171,71.245,6.83,207.15,-0.0319089489302224,1.4220301184427053,1.4483640095249777,0.06806328660414838,1.7512037569711094,1.6853690292654286,0.06806328660414838,1.7512037569711094,1.6853690292654286,-0.08034405940840936,1.2430651449350991,1.3298614996547522,0.00979479537095891,0.07514871831283267,-0.0920334161275422,0.0686601322504407,0.058029347782050204,0.12876887740190335,-0.0920334161275422,0.4529646345236884,0.1242426358288001,13,0,0,0.0,0.0,7.5,2.2,4.0,1.7999999999999998,2.0,0,0,0,0.0,0.0,1,0,0,0,0,0,0,0,0,0,0,0,0,0,1,0,0,0,1,0,0,0,0,0,0.0
2018-02-14,1.1157074937101128,1.3071360662472196,-0.19142857252393983,False,True,False,False,57.7701,71.167,6.96,134.35,0.0923336868985777,1.5668665193952032,1.47469790060725,-0.0319089489302224,1.4220301184427053,1.4483640095249777,0.06806328660414838,1.7512037569711094,1.6853690292654286,0.06806328660414838,1.7512037569711094,1.6853690292654286,0.013176731749264193,0.07868868772720092,-0.0920334161275422,0.0923336868985777,0.06446703886824241,0.12801407312485139,-0.0920334161275422,0.4529646345236884,-0.28376225942251754,14,0,0,0.0,0.0,7.5,2.2,4.0,1.7999999999999998,2.0,0,0,0,0.0,0.0,1,0,0,0,0,0,0,0,0,0,0,0,0,0,1,0,0,0,0,1,0,0,0,0,-0.0
2018-02-15,1.3430284451958885,1.5273656827717947,-0.18411900867317524,False,True,False,False,57.5899,71.2329,7.08,150.75,-0.19142857252393983,1.1157074937101128,1.3071360662472196,0.0923336868985777,1.5668665193952032,1.47469790060725,-0.0319089489302224,1.4220301184427053,1.4483640095249777,0.06806328660414838,1.7512037569711094,1.6853690292654286,-0.0010225763073640401,0.10530453482862247,-0.19142857252393983,0.0923336868985777,0.018438952650554674,0.08679366954132278,-0.19142857252393983,0.0923336868985777,0.007309563850764589,15,0,0,0.0,0.0,7.5,2.2,4.0,1.7999999999999998,2.0,0,0,0,0.0,0.0,1,0,0,0,0,0,0,0,0,0,0,0,0,0,1,0,0,0,0,0,1,0,0,0,-0.0
2018-02-16,1.2221627771025632,0.9700905018201176,0.25207227528244547,False,True,False,False,56.5918,70.6718,7.21,165.35,-0.18411900867317524,1.3430284451958885,1.5273656827717947,-0.19142857252393983,1.1157074937101128,1.3071360662472196,0.0923336868985777,1.5668665193952032,1.47469790060725,0.06806328660414838,1.7512037569711094,1.6853690292654286,-0.01584756905947345,0.12398132475355132,-0.19142857252393983,0.0923336868985777,0.00441033814961161,0.10234459898141443,-0.19142857252393983,0.0923336868985777,0.4361912839556207,16,0,0,0.0,0.0,7.5,2.2,4.0,1.7999999999999998,2.0,0,0,0,0.0,1.0,1,0,0,0,0,0,0,0,0,0,0,0,0,0,1,0,0,0,0,0,0,1,0,0,0.0
2018-02-17,1.2221627771025632,0.9700905018201176,0.25207227528244547,False,False,False,False,56.3554,70.6471,7.21,165.35,0.25207227528244547,1.2221627771025632,0.9700905018201176,-0.18411900867317524,1.3430284451958885,1.5273656827717947,-0.19142857252393983,1.1157074937101128,1.3071360662472196,-0.0319089489302224,1.4220301184427053,1.4483640095249777,0.010439429323140419,0.15923315223914974,-0.19142857252393983,0.25207227528244547,0.016223020043282,0.12050521279622173,-0.19142857252393983,0.25207227528244547,0.0,17,0,0,0.0,0.0,7.5,2.2,4.0,1.7999999999999998,2.0,0,0,0,0.0,1.0,1,0,0,0,0,0,0,0,0,0,0,0,0,0,1,0,0,0,0,0,0,0,1,0,0.25207227528244547
2018-02-18,1.2221627771025632,0.9700905018201176,0.25207227528244547,False,False,False,False,56.3554,70.6471,7.21,165.35,0.25207227528244547,1.2221627771025632,0.9700905018201176,0.25207227528244547,1.2221627771025632,0.9700905018201176,-0.18411900867317524,1.3430284451958885,1.5273656827717947,0.0923336868985777,1.5668665193952032,1.47469790060725,0.03672642770575429,0.18364824164816457,-0.19142857252393983,0.25207227528244547,0.028035701936952394,0.1351593473133942,-0.19142857252393983,0.25207227528244547,0.0,18,0,0,0.0,0.0,7.5,2.2,4.0,1.7999999999999998,2.0,0,0,0,0.0,1.0,1,0,0,0,0,0,0,0,0,0,0,0,0,0,1,0,0,0,0,0,0,0,0,1,0.25207227528244547
2018-02-19,1.1836374763800652,1.4220301184427053,-0.244239834709709,False,True,False,False,56.3554,70.6471,7.28,146.6,0.25207227528244547,1.2221627771025632,0.9700905018201176,0.25207227528244547,1.2221627771025632,0.9700905018201176,0.25207227528244547,1.2221627771025632,0.9700905018201176,-0.19142857252393983,1.1157074937101128,1.3071360662472196,0.06301342608836816,0.20121085595212,-0.19142857252393983,0.25207227528244547,0.03984838383062278,0.1473568644686316,-0.19142857252393983,0.25207227528244547,-0.49631210999215447,19,0,0,0.0,0.0,7.5,2.2,4.0,1.7999999999999998,2.0,0,0,0,0.0,0.0,1,0,0,0,0,0,0,0,0,0,0,0,0,0,1,0,0,0,0,0,0,0,0,0,-0.0
2018-02-20,1.3430284451958885,1.487864846148386,-0.15057539185453203,False,True,False,False,56.3438,69.9001,7.28,153.05,-0.244239834709709,1.1836374763800652,1.4220301184427053,0.25207227528244547,1.2221627771025632,0.9700905018201176,0.25207227528244547,1.2221627771025632,0.9700905018201176,-0.18411900867317524,1.3430284451958885,1.5273656827717947,0.032680442405584355,0.23161337433176932,-0.244239834709709,0.25207227528244547,0.021237618888271564,0.16585110216027973,-0.244239834709709,0.25207227528244547,0.09366444285517697,20,0,0,0.0,0.0,7.5,2.2,4.0,1.7999999999999998,2.0,0,0,0,0.0,0.0,1,0,0,0,0,0,0,0,0,0,0,0,0,0,1,0,0,0,1,0,0,0,0,0,-0.0
2018-02-21,1.313267349121955,1.1901088504505617,0.12315849865822648,False,True,False,False,56.5201,69.8928,7.29,135.73,-0.15057539185453203,1.3430284451958885,1.487864846148386,-0.244239834709709,1.1836374763800652,1.4220301184427053,0.25207227528244547,1.2221627771025632,0.9700905018201176,0.25207227528244547,1.2221627771025632,0.9700905018201176,-0.0020208545591456073,0.23925699646707635,-0.244239834709709,0.25207227528244547,0.005577938595059229,0.17128997070008262,-0.244239834709709,0.25207227528244547,0.27373389051275854,21,0,0,0.0,0.0,7.5,2.2,4.0,1.7999999999999998,2.0,0,0,0,0.0,0.0,1,0,0,0,0,0,0,0,0,0,0,0,0,0,1,0,0,0,0,1,0,0,0,0,0.0
2018-02-22,1.395696227360433,1.461530955066114,-0.0632618045426157,False,True,False,False,56.6537,69.8087,7.23,146.0,0.12315849865822648,1.313267349121955,1.1901088504505617,-0.15057539185453203,1.3430284451958885,1.487864846148386,-0.244239834709709,1.1836374763800652,1.4220301184427053,0.25207227528244547,1.2221627771025632,0.9700905018201176,0.04292015560973529,0.22698024445348097,-0.244239834709709,0.25207227528244547,0.020948789651185566,0.17151201605695804,-0.244239834709709,0.25207227528244547,-0.18642030320084219,22,0,0,0.0,0.0,7.5,2.2,4.0,1.7999999999999998,2.0,0,0,0,0.0,0.0,1,0,0,0,0,0,0,0,0,0,0,0,0,0,1,0,0,0,0,0,1,0,0,0,-0.0
2018-02-23,1.395696227360433,1.461530955066114,-0.0632618045426157,True,False,False,False,56.7608,69.6341,7.23,146.0,-0.0632618045426157,1.395696227360433,1.461530955066114,0.12315849865822648,1.313267349121955,1.1901088504505617,-0.15057539185453203,1.3430284451958885,1.487864846148386,0.25207227528244547,1.2221627771025632,0.9700905018201176,0.06018547048552951,0.2108559449372022,-0.244239834709709,0.25207227528244547,0.02216895071302797,0.17079523756570128,-0.244239834709709,0.25207227528244547,0.0,23,0,0,0.0,0.0,7.5,2.2,4.0,1.7999999999999998,2.0,0,0,0,0.0,0.0,1,0,0,0,0,0,0,0,0,0,0,0,0,0,1,0,0,0,0,0,0,1,0,0,-0.0632618045426157
2018-02-24,1.395696227360433,1.461530955066114,-0.0632618045426157,False,False,False,False,56.7608,69.6341,7.23,146.0,-0.0632618045426157,1.395696227360433,1.461530955066114,-0.0632618045426157,1.395696227360433,1.461530955066114,0.12315849865822648,1.313267349121955,1.1901088504505617,-0.244239834709709,1.1836374763800652,1.4220301184427053,0.015137744796235059,0.1962035413460649,-0.244239834709709,0.25207227528244547,0.012788587059687677,0.17168473298943898,-0.244239834709709,0.25207227528244547,0.0,24,0,0,0.0,0.0,7.5,2.2,4.0,1.7999999999999998,2.0,0,0,0,0.0,0.0,1,0,0,0,0,0,0,0,0,0,0,0,0,0,1,0,0,0,0,0,0,0,1,0,-0.0632618045426157
2018-02-25,1.395696227360433,1.461530955066114,-0.0632618045426157,False,False,False,False,56.7608,69.6341,7.23,146.0,-0.0632618045426157,1.395696227360433,1.461530955066114,-0.0632618045426157,1.395696227360433,1.461530955066114,-0.0632618045426157,1.395696227360433,1.461530955066114,-0.15057539185453203,1.3430284451958885,1.487864846148386,-0.02990998089305939,0.16672253011705332,-0.244239834709709,0.25207227528244547,0.003408223406347385,0.1720196568783041,-0.244239834709709,0.25207227528244547,0.0,25,0,0,0.0,0.0,7.5,2.2,4.0,1.7999999999999998,2.0,1,0,0,0.0,0.0,1,0,0,0,0,0,0,0,0,0,0,0,0,0,1,0,0,0,0,0,0,0,0,1,-0.0632618045426157
2018-02-26,1.9092071034647433,2.0672104499583774,-0.1559753453641247,False,True,False,False,56.7608,69.6341,7.3,81.3,-0.0632618045426157,1.395696227360433,1.461530955066114,-0.0632618045426157,1.395696227360433,1.461530955066114,-0.0632618045426157,1.395696227360433,1.461530955066114,0.12315849865822648,1.313267349121955,1.1901088504505617,-0.07495770658235383,0.11118429183587351,-0.244239834709709,0.12315849865822648,-0.005972140246992906,0.17180325261108378,-0.244239834709709,0.25207227528244547,-0.092713540821509,26,0,0,0.0,0.0,7.5,2.2,4.0,1.7999999999999998,2.0,1,1,1,0.0,0.0,1,0,0,0,0,0,0,0,0,0,0,0,0,0,1,0,0,0,0,0,0,0,0,0,-0.0
2018-02-27,1.3561953907370246,1.9882087767115604,-0.632986134722748,False,True,False,False,55.9208,68.9224,7.45,104.45,-0.1559753453641247,1.9092071034647433,2.0672104499583774,-0.0632618045426157,1.395696227360433,1.461530955066114,-0.0632618045426157,1.395696227360433,1.461530955066114,-0.0632618045426157,1.395696227360433,1.461530955066114,-0.06234849381869894,0.09216484658035434,-0.1559753453641247,0.12315849865822648,-0.014834025706557355,0.17638276346254342,-0.244239834709709,0.25207227528244547,-0.4770107893586233,27,0,0,0.0,0.0,7.5,2.2,4.0,1.7999999999999998,2.0,1,0,1,1.0,0.0,1,0,0,0,0,0,0,0,0,0,0,0,0,0,1,0,0,0,1,0,0,0,0,0,-0.0
2018-02-28,1.4088631729015693,1.5668665193952032,-0.16240584869581673,False,True,False,True,55.6717,68.6599,7.5,130.89,-0.632986134722748,1.3561953907370246,1.9882087767115604,-0.1559753453641247,1.9092071034647433,2.0672104499583774,-0.0632618045426157,1.395696227360433,1.461530955066114,-0.0632618045426157,1.395696227360433,1.461530955066114,-0.13126431422844406,0.23648951817200303,-0.632986134722748,0.12315849865822648,-0.0666425843937949,0.23818072758654846,-0.632986134722748,0.25207227528244547,0.47058028602693125,28,0,1,0.0,0.0,7.5,2.2,4.0,1.7999999999999998,2.0,1,0,1,0.0,0.0,1,0,0,0,0,0,0,0,0,0,0,0,0,0,1,0,0,0,0,1,0,0,0,0,-0.0
2018-03-01,1.1918537814351762,1.0502680549319416,0.1415857265032344,False,True,True,False,56.3742,68.9062,7.38,167.35,-0.16240584869581673,1.4088631729015693,1.5668665193952032,-0.632986134722748,1.3561953907370246,1.9882087767115604,-0.1559753453641247,1.9092071034647433,2.0672104499583774,-0.0632618045426157,1.395696227360433,1.461530955066114,-0.1720592209933074,0.20822784386239693,-0.632986134722748,-0.0632618045426157,-0.06456953269178611,0.2371350899100929,-0.632986134722748,0.25207227528244547,0.3039915751990511,1,1,0,0.0,1.0,7.25,2.4,4.0,1.6,2.25,0,0,0,0.0,0.0,0,1,0,0,0,0,0,0,0,0,0,0,0,0,1,0,0,0,0,0,1,0,0,0,0.0
2018-03-02,1.1259369490153597,1.167193889553524,-0.0412569405381644,False,True,False,False,56.4334,68.8826,7.16,166.45,0.1415857265032344,1.1918537814351762,1.0502680549319416,-0.16240584869581673,1.4088631729015693,1.5668665193952032,-0.632986134722748,1.3561953907370246,1.9882087767115604,-0.0632618045426157,1.395696227360433,1.461530955066114,-0.14279528798675736,0.23829066305535937,-0.632986134722748,0.1415857265032344,-0.041304908750613996,0.24045792479755165,-0.632986134722748,0.25207227528244547,-0.1828426670413988,2,0,0,1.0,0.0,7.25,2.4,4.0,1.6,2.25,0,0,0,0.0,0.0,0,1,0,0,0,0,0,0,0,0,0,0,0,0,1,0,0,0,0,0,0,1,0,0,-0.0
2018-03-03,1.1259369490153597,1.167193889553524,-0.0412569405381644,False,False,False,False,56.6616,69.4671,7.16,166.45,-0.0412569405381644,1.1259369490153597,1.167193889553524,0.1415857265032344,1.1918537814351762,1.0502680549319416,-0.16240584869581673,1.4088631729015693,1.5668665193952032,-0.1559753453641247,1.9092071034647433,2.0672104499583774,-0.1396517359861215,0.2396559784968666,-0.632986134722748,0.1415857265032344,-0.06225699559494328,0.22522538246066975,-0.632986134722748,0.25207227528244547,0.0,3,0,0,0.0,0.0,7.25,2.4,4.0,1.6,2.25,0,0,0,0.0,0.0,0,1,0,0,0,0,0,0,0,0,0,0,0,0,1,0,0,0,0,0,0,0,1,0,-0.0412569405381644
2018-03-04,1.1259369490153597,1.167193889553524,-0.0412569405381644,False,False,False,False,56.6616,69.4671,7.16,166.45,-0.0412569405381644,1.1259369490153597,1.167193889553524,-0.0412569405381644,1.1259369490153597,1.167193889553524,0.1415857265032344,1.1918537814351762,1.0502680549319416,-0.632986134722748,1.3561953907370246,1.9882087767115604,-0.1365081839854856,0.24096571986030865,-0.632986134722748,0.1415857265032344,-0.08320908243927254,0.20660933040541088,-0.632986134722748,0.25207227528244547,0.0,4,0,0,0.0,0.0,7.25,2.4,4.0,1.6,2.25,0,0,0,0.0,0.0,0,1,0,0,0,0,0,0,0,0,0,0,0,0,1,0,0,0,0,0,0,0,0,1,-0.0412569405381644
2018-03-05,1.5536995738540669,1.382529281819297,0.16861592984082427,False,True,False,False,56.6616,69.4671,7.25,94.79,-0.0412569405381644,1.1259369490153597,1.167193889553524,-0.0412569405381644,1.1259369490153597,1.167193889553524,-0.0412569405381644,1.1259369490153597,1.167193889553524,-0.16240584869581673,1.4088631729015693,1.5668665193952032,-0.13336463198484969,0.24222078865134852,-0.632986134722748,0.1415857265032344,-0.10416116928360183,0.18358333561627224,-0.632986134722748,0.1415857265032344,0.20987287037898866,5,0,0,0.0,0.0,7.25,2.4,4.0,1.6,2.25,0,0,0,0.0,0.0,0,1,0,0,0,0,0,0,0,0,0,0,0,0,1,0,0,0,0,0,0,0,0,0,0.0
2018-03-06,1.4483640095249777,1.0795837802579713,0.3691358105183452,False,True,False,False,57.1,70.1702,7.11,138.05,0.16861592984082427,1.5536995738540669,1.382529281819297,-0.0412569405381644,1.1259369490153597,1.167193889553524,-0.0412569405381644,1.1259369490153597,1.167193889553524,0.1415857265032344,1.1918537814351762,1.0502680549319416,-0.08699444981271412,0.2669753801157135,-0.632986134722748,0.16861592984082427,-0.07467147181570659,0.1923032973461583,-0.632986134722748,0.16861592984082427,0.20051988067752094,6,0,0,0.0,0.0,7.25,2.4,4.0,1.6,2.25,0,0,0,0.0,1.0,0,1,0,0,0,0,0,0,0,0,0,0,0,0,1,0,0,0,1,0,0,0,0,0,0.0
2018-03-07,1.6590351381831563,1.5405326283129308,0.1284523459948353,False,True,False,False,56.5041,69.7317,7.18,199.95,0.3691358105183452,1.4483640095249777,1.0795837802579713,0.16861592984082427,1.5536995738540669,1.382529281819297,-0.0412569405381644,1.1259369490153597,1.167193889553524,-0.0412569405381644,1.1259369490153597,1.167193889553524,0.05616582807887062,0.17987910744181765,-0.16240584869581673,0.3691358105183452,-0.03754924307478679,0.22406350694088709,-0.632986134722748,0.3691358105183452,-0.24068346452350992,7,0,0,0.0,0.0,7.25,2.4,4.0,1.6,2.25,0,0,0,0.0,0.0,0,1,0,0,0,0,0,0,0,0,0,0,0,0,1,0,0,0,0,1,0,0,0,0,0.0
2018-03-08,1.6590351381831563,1.5405326283129308,0.1284523459948353,True,False,False,False,56.8011,70.5299,7.18,199.95,0.1284523459948353,1.6590351381831563,1.5405326283129308,0.3691358105183452,1.4483640095249777,1.0795837802579713,0.16861592984082427,1.5536995738540669,1.382529281819297,-0.0412569405381644,1.1259369490153597,1.167193889553524,0.09771699874896377,0.15248236185447814,-0.0412569405381644,0.3691358105183452,-0.037171111122171877,0.22435985250388082,-0.632986134722748,0.3691358105183452,0.0,8,0,0,0.0,0.0,7.25,2.4,4.0,1.6,2.25,0,0,0,0.0,0.0,0,1,0,0,0,0,0,0,0,0,0,0,0,0,1,0,0,0,0,0,1,0,0,0,0.1284523459948353
2018-03-09,1.190400398883859e-05,2.859568265343761e-05,-1.669167866459902e-05,True,True,False,False,56.8011,70.5299,7.18,199.95,0.1284523459948353,1.6590351381831563,1.5405326283129308,0.1284523459948353,1.6590351381831563,1.5405326283129308,0.3691358105183452,1.4483640095249777,1.0795837802579713,-0.0412569405381644,1.1259369490153597,1.167193889553524,0.09584080153347818,0.15193242990659053,-0.0412569405381644,0.3691358105183452,-0.023477243226639664,0.22845813644708712,-0.632986134722748,0.3691358105183452,-0.1284690376734999,9,0,0,0.0,0.0,7.25,2.4,4.0,1.6,2.25,0,0,0,0.0,0.0,0,1,0,0,0,0,0,0,0,0,0,0,0,0,1,0,0,0,0,0,0,1,0,0,-1.669167866459902e-05
2018-03-10,1.190400398883859e-05,2.859568265343761e-05,-1.669167866459902e-05,False,False,False,False,56.8011,70.5299,7.18,199.95,-1.669167866459902e-05,1.190400398883859e-05,2.859568265343761e-05,0.1284523459948353,1.6590351381831563,1.5405326283129308,0.1284523459948353,1.6590351381831563,1.5405326283129308,0.16861592984082427,1.5536995738540669,1.382529281819297,0.10173226565626388,0.14643012111648407,-0.0412569405381644,0.3691358105183452,-0.01895973516492887,0.22823611884119385,-0.632986134722748,0.3691358105183452,0.0,10,0,0,0.0,0.0,7.25,2.4,4.0,1.6,2.25,0,0,0,0.0,0.0,0,1,0,0,0,0,0,0,0,0,0,0,0,0,1,0,0,0,0,0,0,0,1,0,-1.669167866459902e-05
2018-03-11,1.190400398883859e-05,2.859568265343761e-05,-1.669167866459902e-05,False,False,False,False,56.8011,70.5299,7.18,199.95,-1.669167866459902e-05,1.190400398883859e-05,2.859568265343761e-05,-1.669167866459902e-05,1.190400398883859e-05,2.859568265343761e-05,0.1284523459948353,1.6590351381831563,1.5405326283129308,0.3691358105183452,1.4483640095249777,1.0795837802579713,0.10762372977904956,0.14042474497347382,-0.0412569405381644,0.3691358105183452,-0.014442227103218077,0.2279174770539245,-0.632986134722748,0.3691358105183452,0.0,11,0,0,0.0,0.0,7.25,2.4,4.0,1.6,2.25,0,0,0,0.0,0.0,0,1,0,0,0,0,0,0,0,0,0,0,0,0,1,0,0,0,0,0,0,0,0,1,-1.669167866459902e-05
2018-03-12,1.5800334649363392,1.7775376480533818,-0.19617000424177944,False,True,False,False,56.8011,70.5299,7.31,91.1,-1.669167866459902e-05,1.190400398883859e-05,2.859568265343761e-05,-1.669167866459902e-05,1.190400398883859e-05,2.859568265343761e-05,-1.669167866459902e-05,1.190400398883859e-05,2.859568265343761e-05,0.1284523459948353,1.6590351381831563,1.5405326283129308,0.11351519390183525,0.13384860533211385,-1.669167866459902e-05,0.3691358105183452,-0.009924719041507286,0.2275018050866406,-0.632986134722748,0.3691358105183452,-0.19615331256311483,12,0,0,0.0,0.0,7.25,2.4,4.0,1.6,2.25,0,0,0,0.0,0.0,0,1,0,0,0,0,0,0,0,0,0,0,0,0,1,0,0,0,0,0,0,0,0,0,-0.0
2018-03-13,1.2426176502140431,1.395696227360433,-0.15380250497643574,False,True,False,False,56.6122,69.7972,7.31,84.6,-0.19617000424177944,1.5800334649363392,1.7775376480533818,-1.669167866459902e-05,1.190400398883859e-05,2.859568265343761e-05,-1.669167866459902e-05,1.190400398883859e-05,2.859568265343761e-05,0.1284523459948353,1.6590351381831563,1.5405326283129308,0.06140291760432043,0.17385420153967324,-0.19617000424177944,0.3691358105183452,-0.012795766104196912,0.22972944742467977,-0.632986134722748,0.3691358105183452,0.042367499265343694,13,0,0,0.0,0.0,7.25,2.4,4.0,1.6,2.25,0,0,0,0.0,0.0,0,1,0,0,0,0,0,0,0,0,0,0,0,0,1,0,0,0,1,0,0,0,0,0,-0.0
2018-03-14,1.17338619968031,1.1909010966234157,-0.017514896929938698,False,True,False,False,56.9359,70.1564,7.31,78.65,-0.15380250497643574,1.2426176502140431,1.395696227360433,-0.19617000424177944,1.5800334649363392,1.7775376480533818,-1.669167866459902e-05,1.190400398883859e-05,2.859568265343761e-05,-1.669167866459902e-05,1.190400398883859e-05,2.859568265343761e-05,-0.013302556037791137,0.12509941802440278,-0.19617000424177944,0.1284523459948353,0.02143163602053968,0.15315367934902827,-0.19617000424177944,0.3691358105183452,0.13628760804649703,14,0,0,0.0,0.0,7.25,2.4,4.0,1.6,2.25,0,0,0,0.0,0.0,0,1,0,0,0,0,0,0,0,0,0,0,0,0,1,0,0,0,0,1,0,0,0,0,-0.0
2018-03-15,1.382529281819297,1.3298614996547522,0.05343506555985655,False,True,False,False,56.9372,70.5338,7.28,65.1,-0.017514896929938698,1.17338619968031,1.1909010966234157,-0.15380250497643574,1.2426176502140431,1.395696227360433,-0.19617000424177944,1.5800334649363392,1.7775376480533818,-1.669167866459902e-05,1.190400398883859e-05,2.859568265343761e-05,-0.03415501931275885,0.10861146450639288,-0.19617000424177944,0.1284523459948353,0.0317809897181024,0.14442185201440233,-0.19617000424177944,0.3691358105183452,0.07094996248979524,15,0,0,0.0,0.0,7.25,2.4,4.0,1.6,2.25,0,0,0,0.0,0.0,0,1,0,0,0,0,0,0,0,0,0,0,0,0,1,0,0,0,0,0,1,0,0,0,0.0
2018-03-16,1.3561953907370246,1.2929742375719007,0.05816739958984147,False,True,False,False,57.0188,70.5151,7.15,95.05,0.05343506555985655,1.382529281819297,1.3298614996547522,-0.017514896929938698,1.17338619968031,1.1909010966234157,-0.15380250497643574,1.2426176502140431,1.395696227360433,-1.669167866459902e-05,1.190400398883859e-05,2.859568265343761e-05,-0.04487177366061296,0.09238111935779003,-0.19617000424177944,0.05343506555985655,0.02548451393643255,0.141150903342936,-0.19617000424177944,0.3691358105183452,0.004732334029984922,16,0,0,0.0,0.0,7.25,2.4,4.0,1.6,2.25,0,0,0,0.0,0.0,0,1,0,0,0,0,0,0,0,0,0,0,0,0,1,0,0,0,0,0,0,1,0,0,0.0
2018-03-17,1.3561953907370246,1.2929742375719007,0.05816739958984147,False,False,False,False,57.4942,70.8099,7.15,95.05,0.05816739958984147,1.3561953907370246,1.2929742375719007,0.05343506555985655,1.382529281819297,1.3298614996547522,-0.017514896929938698,1.17338619968031,1.1909010966234157,-0.19617000424177944,1.5800334649363392,1.7775376480533818,-0.03655976062225495,0.09943766322179816,-0.19617000424177944,0.05816739958984147,0.0325862525170044,0.14003136222508358,-0.19617000424177944,0.3691358105183452,0.0,17,0,0,0.0,0.0,7.25,2.4,4.0,1.6,2.25,0,0,0,0.0,0.0,0,1,0,0,0,0,0,0,0,0,0,0,0,0,1,0,0,0,0,0,0,0,1,0,0.05816739958984147
2018-03-18,1.3561953907370246,1.2929742375719007,0.05816739958984147,False,False,False,False,57.4942,70.8099,7.15,95.05,0.05816739958984147,1.3561953907370246,1.2929742375719007,0.05816739958984147,1.3561953907370246,1.2929742375719007,0.05343506555985655,1.382529281819297,1.3298614996547522,-0.15380250497643574,1.2426176502140431,1.395696227360433,-0.02824774758389693,0.10526261228538036,-0.19617000424177944,0.05816739958984147,0.039687991097576245,0.13851122241087335,-0.19617000424177944,0.3691358105183452,0.0,18,0,0,0.0,0.0,7.25,2.4,4.0,1.6,2.25,0,0,0,0.0,0.0,0,1,0,0,0,0,0,0,0,0,0,0,0,0,1,0,0,0,0,0,0,0,0,1,0.05816739958984147
2018-03-19,1.5536995738540669,1.64586819264202,-0.0939567157469849,False,True,False,False,57.4942,70.8099,7.14,83.7,0.05816739958984147,1.3561953907370246,1.2929742375719007,0.05816739958984147,1.3561953907370246,1.2929742375719007,0.05816739958984147,1.3561953907370246,1.2929742375719007,-0.017514896929938698,1.17338619968031,1.1909010966234157,-0.019935734545538927,0.11005170261377113,-0.19617000424177944,0.05816739958984147,0.046789729678148095,0.13657710824275218,-0.19617000424177944,0.3691358105183452,-0.15212411533682638,19,0,0,0.0,0.0,7.25,2.4,4.0,1.6,2.25,0,0,0,0.0,0.0,0,1,0,0,0,0,0,0,0,0,0,0,0,0,1,0,0,0,0,0,0,0,0,0,-0.0
2018-03-20,1.3298614996547522,1.2367517953572107,0.09317575327778503,False,True,False,False,57.5521,70.6049,7.16,76.2,-0.0939567157469849,1.5536995738540669,1.64586819264202,0.05816739958984147,1.3561953907370246,1.2929742375719007,0.05816739958984147,1.3561953907370246,1.2929742375719007,0.05343506555985655,1.382529281819297,1.3298614996547522,-0.005333836189139706,0.08717448334855292,-0.15380250497643574,0.05816739958984147,0.028034540707590292,0.13658931248725045,-0.19617000424177944,0.3691358105183452,0.18713246902476993,20,0,0,0.0,0.0,7.25,2.4,4.0,1.6,2.25,0,0,0,0.0,0.0,0,1,0,0,0,0,0,0,0,0,0,0,0,0,1,0,0,0,1,0,0,0,0,0,0.0
2018-03-21,1.1097535855106537,1.0638902665492305,0.04586331896142332,False,True,False,False,57.7033,71.2347,7.04,121.55,0.09317575327778503,1.3298614996547522,1.2367517953572107,-0.0939567157469849,1.5536995738540669,1.64586819264202,0.05816739958984147,1.3561953907370246,1.2929742375719007,0.05816739958984147,1.3561953907370246,1.2929742375719007,0.02994877213289183,0.06395766795043911,-0.0939567157469849,0.09317575327778503,0.00832310804755028,0.09805416750177685,-0.19617000424177944,0.1284523459948353,-0.04731243431636171,21,0,0,0.0,0.0,7.25,2.4,4.0,1.6,2.25,0,0,0,0.0,0.0,0,1,0,0,0,0,0,0,0,0,0,0,0,0,1,0,0,0,0,1,0,0,0,0,0.0
2018-03-22,1.2228479447235052,1.1874187498858586,0.035429194824479565,False,True,False,False,57.4954,70.5699,7.12,109.75,0.04586331896142332,1.1097535855106537,1.0638902665492305,0.09317575327778503,1.3298614996547522,1.2367517953572107,-0.0939567157469849,1.5536995738540669,1.64586819264202,0.05816739958984147,1.3561953907370246,1.2929742375719007,0.03900280297451498,0.060511905628060685,-0.0939567157469849,0.09317575327778503,0.002423891830877997,0.09260382116892979,-0.19617000424177944,0.1284523459948353,-0.010434124136943758,22,0,0,0.0,0.0,7.25,2.4,4.0,1.6,2.25,0,0,0,0.0,0.0,0,1,0,0,0,0,0,0,0,0,0,0,0,0,1,0,0,0,0,0,1,0,0,0,0.0
2018-03-23,1.487864846148386,1.2927186832752886,0.1951651717290365,False,True,False,False,56.8391,70.31,6.9,104.3,0.035429194824479565,1.2228479447235052,1.1874187498858586,0.04586331896142332,1.1097535855106537,1.0638902665492305,0.09317575327778503,1.3298614996547522,1.2367517953572107,0.05816739958984147,1.3561953907370246,1.2929742375719007,0.036430535726603985,0.060177942936969514,-0.0939567157469849,0.09317575327778503,-0.004220618967004555,0.0859647358247604,-0.19617000424177944,0.09317575327778503,0.15973597690455693,23,0,0,0.0,0.0,7.25,2.4,4.0,1.6,2.25,0,0,0,0.0,0.0,0,1,0,0,0,0,0,0,0,0,0,0,0,0,1,0,0,0,0,0,0,1,0,0,0.0
2018-03-24,1.487864846148386,1.2927186832752886,0.1951651717290365,False,False,False,False,57.1072,70.4303,6.9,104.3,0.1951651717290365,1.487864846148386,1.2927186832752886,0.035429194824479565,1.2228479447235052,1.1874187498858586,0.04586331896142332,1.1097535855106537,1.0638902665492305,-0.0939567157469849,1.5536995738540669,1.64586819264202,0.05600164603220327,0.08541204423538991,-0.0939567157469849,0.1951651717290365,0.009720942704974093,0.10117959889050322,-0.19617000424177944,0.1951651717290365,0.0,24,0,0,0.0,0.0,7.25,2.4,4.0,1.6,2.25,0,0,0,0.0,0.0,0,1,0,0,0,0,0,0,0,0,0,0,0,0,1,0,0,0,0,0,0,0,1,0,0.1951651717290365
2018-03-25,1.487864846148386,1.2927186832752886,0.1951651717290365,False,False,False,False,57.1072,70.4303,6.9,104.3,0.1951651717290365,1.487864846148386,1.2927186832752886,0.1951651717290365,1.487864846148386,1.2927186832752886,0.035429194824479565,1.2228479447235052,1.1874187498858586,0.09317575327778503,1.3298614996547522,1.2367517953572107,0.07557275633780257,0.10037587831791095,-0.0939567157469849,0.1951651717290365,0.023662504376952744,0.11254354595866431,-0.19617000424177944,0.1951651717290365,0.0,25,0,0,0.0,0.0,7.25,2.4,4.0,1.6,2.25,1,0,0,0.0,0.0,0,1,0,0,0,0,0,0,0,0,0,0,0,0,1,0,0,0,0,0,0,0,0,1,0.1951651717290365
2018-03-26,1.8433723757590625,2.699223835932913,-0.8648673230988432,False,True,False,False,57.1072,70.4303,7.15,87.65,0.1951651717290365,1.487864846148386,1.2927186832752886,0.1951651717290365,1.487864846148386,1.2927186832752886,0.1951651717290365,1.487864846148386,1.2927186832752886,0.04586331896142332,1.1097535855106537,1.0638902665492305,0.09514386664340184,0.1093694827591168,-0.0939567157469849,0.1951651717290365,0.03760406604893139,0.12114516631439091,-0.19617000424177944,0.1951651717290365,-1.0600324948278796,26,0,0,0.0,0.0,7.25,2.4,4.0,1.6,2.25,1,1,1,1.0,0.0,0,1,0,0,0,0,0,0,0,0,0,0,0,0,1,0,0,0,0,0,0,0,0,0,-0.0
2018-03-27,2.2647146330754198,1.7907045935945178,0.4624799100153515,False,True,False,False,57.0039,70.5708,7.08,102.35,-0.8648673230988432,1.8433723757590625,2.699223835932913,0.1951651717290365,1.487864846148386,1.2927186832752886,0.1951651717290365,1.487864846148386,1.2927186832752886,0.035429194824479565,1.2228479447235052,1.1874187498858586,-0.014986220121149332,0.3813860914804806,-0.8648673230988432,0.1951651717290365,-0.010160028155144583,0.2658302723016446,-0.8648673230988432,0.1951651717290365,1.3273472331141947,27,0,0,0.0,0.0,7.25,2.4,4.0,1.6,2.25,1,0,1,0.0,1.0,0,1,0,0,0,0,0,0,0,0,0,0,0,0,1,0,0,0,1,0,0,0,0,0,0.0
2018-03-28,1.5668665193952032,1.7775376480533818,-0.2068878060859861,False,True,False,False,57.1747,71.2625,6.88,120.67,0.4624799100153515,2.2647146330754198,1.7907045935945178,-0.8648673230988432,1.8433723757590625,2.699223835932913,0.1951651717290365,1.487864846148386,1.2927186832752886,0.1951651717290365,1.487864846148386,1.2927186832752886,0.037771516555645875,0.42220124469493464,-0.8648673230988432,0.4624799100153515,0.033860144344268796,0.29013008084249253,-0.8648673230988432,0.4624799100153515,-0.6693677161013376,28,0,0,0.0,0.0,7.25,2.4,4.0,1.6,2.25,1,0,1,0.0,0.0,0,1,0,0,0,0,0,0,0,0,0,0,0,0,1,0,0,0,0,1,0,0,0,0,-0.0
2018-03-29,2.3437163063222366,1.487864846148386,0.8544068351555169,False,True,False,False,57.5598,71.3339,7.0,145.73,-0.2068878060859861,1.5668665193952032,1.7775376480533818,0.4624799100153515,2.2647146330754198,1.7907045935945178,-0.8648673230988432,1.8433723757590625,2.699223835932913,0.1951651717290365,1.487864846148386,1.2927186832752886,0.0016642129774445322,0.43208600444417344,-0.8648673230988432,0.4624799100153515,0.02033350797597969,0.29704177792357883,-0.8648673230988432,0.4624799100153515,1.061294641241503,29,0,0,0.0,0.0,7.25,2.4,4.0,1.6,2.25,1,0,1,0.0,1.0,0,1,0,0,0,0,0,0,0,0,0,0,0,0,1,0,0,0,0,0,1,0,0,0,0.0
2018-03-30,1.5536995738540669,2.541220489439279,-0.9962698235611281,False,True,False,True,57.7626,71.0942,7.19,65.6,0.8544068351555169,2.3437163063222366,1.487864846148386,-0.2068878060859861,1.5668665193952032,1.7775376480533818,0.4624799100153515,2.2647146330754198,1.7907045935945178,0.1951651717290365,1.487864846148386,1.2927186832752886,0.11866101873902128,0.5401237557557682,-0.8648673230988432,0.8544068351555169,0.07754577723281257,0.3716694997176353,-0.8648673230988432,0.8544068351555169,-1.850676658716645,30,0,0,0.0,0.0,7.25,2.4,4.0,1.6,2.25,1,0,1,1.0,0.0,0,1,0,0,0,0,0,0,0,0,0,0,0,0,1,0,0,0,0,0,0,1,0,0,-0.0
2018-03-31,1.5536995738540669,2.541220489439279,-0.9962698235611281,False,False,False,False,57.2649,70.5618,7.19,65.6,-0.9962698235611281,1.5536995738540669,2.541220489439279,0.8544068351555169,2.3437163063222366,1.487864846148386,-0.2068878060859861,1.5668665193952032,1.7775376480533818,-0.8648673230988432,1.8433723757590625,2.699223835932913,-0.051543980588145084,0.6812771993721275,-0.9962698235611281,0.8544068351555169,0.002228832722029022,0.4697858967679489,-0.9962698235611281,0.8544068351555169,0.0,31,0,1,0.0,0.0,7.25,2.4,4.0,1.6,2.25,1,0,0,1.0,0.0,0,1,0,0,0,0,0,0,0,0,0,0,0,0,1,0,0,0,0,0,0,0,1,0,-0.9962698235611281
2018-04-01,1.5536995738540669,2.541220489439279,-0.9962698235611281,False,False,False,False,57.2649,70.5618,7.19,65.6,-0.9962698235611281,1.5536995738540669,2.541220489439279,-0.9962698235611281,1.5536995738540669,2.541220489439279,0.8544068351555169,2.3437163063222366,1.487864846148386,0.4624799100153515,2.2647146330754198,1.7907045935945178,-0.22174897991531145,0.754286092306074,-0.9962698235611281,0.8544068351555169,-0.07308811178875452,0.539482494756762,-0.9962698235611281,0.8544068351555169,0.0,1,1,0,0.0,1.0,7.25,2.4,4.0,1.6,2.25,0,0,0,1.0,0.0,0,0,1,0,0,0,0,0,0,0,0,1,0,0,1,0,0,0,0,0,0,0,0,1,-0.9962698235611281
2018-04-02,1.3003876823555187,1.5668665193952032,-0.2646927654860506,False,True,True,False,57.2649,70.5618,7.07,199.65,-0.9962698235611281,1.5536995738540669,2.541220489439279,-0.9962698235611281,1.5536995738540669,2.541220489439279,-0.9962698235611281,1.5536995738540669,2.541220489439279,-0.2068878060859861,1.5668665193952032,1.7775376480533818,-0.3919539792424778,0.7785629913615404,-0.9962698235611281,0.8544068351555169,-0.14840505629953807,0.5909026460095596,-0.9962698235611281,0.8544068351555169,0.7315770580750776,2,0,0,1.0,0.0,7.25,2.4,4.0,1.6,2.25,0,0,0,0.0,0.0,0,0,1,0,0,0,0,0,0,0,0,1,0,0,1,0,0,0,0,0,0,0,0,0,-0.0
2018-04-03,1.2234946385690768,1.382529281819297,-0.16181042256475628,False,True,False,False,57.285,70.6038,6.98,131.3,-0.2646927654860506,1.3003876823555187,1.5668665193952032,-0.9962698235611281,1.5536995738540669,2.541220489439279,-0.9962698235611281,1.5536995738540669,2.541220489439279,0.8544068351555169,2.3437163063222366,1.487864846148386,-0.3062147567263646,0.7503390205869895,-0.9962698235611281,0.8544068351555169,-0.16060048842375704,0.5914540876522651,-0.9962698235611281,0.8544068351555169,0.1028823429212943,3,0,0,0.0,0.0,7.25,2.4,4.0,1.6,2.25,0,0,0,0.0,0.0,0,0,1,0,0,0,0,0,0,0,0,1,0,0,1,0,0,0,1,0,0,0,0,0,-0.0
2018-04-04,1.2227603799008917,1.4351970639838416,-0.21394773356331284,False,True,False,False,57.5375,70.9207,6.94,100.72,-0.16181042256475628,1.2234946385690768,1.382529281819297,-0.2646927654860506,1.3003876823555187,1.5668665193952032,-0.9962698235611281,1.5536995738540669,2.541220489439279,-0.9962698235611281,1.5536995738540669,2.541220489439279,-0.39539908995209433,0.6772906907783061,-0.9962698235611281,0.8544068351555169,-0.17881378669822426,0.5869469989975792,-0.9962698235611281,0.8544068351555169,-0.05213731099855656,4,0,0,0.0,0.0,7.25,2.4,4.0,1.6,2.25,0,0,0,0.0,0.0,0,0,1,0,0,0,0,0,0,0,0,1,0,0,1,0,0,0,0,1,0,0,0,0,-0.0
2018-04-05,1.5800334649363392,1.395696227360433,0.19246288024496447,False,True,False,False,57.7646,70.958,7.01,84.12,-0.21394773356331284,1.2227603799008917,1.4351970639838416,-0.16181042256475628,1.2234946385690768,1.382529281819297,-0.2646927654860506,1.3003876823555187,1.5668665193952032,-0.9962698235611281,1.5536995738540669,2.541220489439279,-0.39640765102028386,0.6769683706437365,-0.9962698235611281,0.8544068351555169,-0.1973717190214197,0.5833933342426996,-0.9962698235611281,0.8544068351555169,0.4064106138082773,5,0,0,0.0,0.0,7.25,2.4,4.0,1.6,2.25,0,0,0,0.0,0.0,0,0,1,0,0,0,0,0,0,0,0,1,0,0,1,0,0,0,0,0,1,0,0,0,0.0
2018-04-06,1.711702920347701,1.3430284451958885,0.3669050034692621,False,True,False,False,57.5796,70.5926,7.06,96.05,0.19246288024496447,1.5800334649363392,1.395696227360433,-0.21394773356331284,1.2227603799008917,1.4351970639838416,-0.16181042256475628,1.2234946385690768,1.382529281819297,-0.9962698235611281,1.5536995738540669,2.541220489439279,-0.49097107315036276,0.4948658045778565,-0.9962698235611281,0.19246288024496447,-0.18615502720567081,0.5896892612312031,-0.9962698235611281,0.8544068351555169,0.1744421232242976,6,0,0,0.0,0.0,7.25,2.4,4.0,1.6,2.25,0,0,0,0.0,1.0,0,0,1,0,0,0,0,0,0,0,0,1,0,0,1,0,0,0,0,0,0,1,0,0,0.0
2018-04-07,1.711702920347701,1.3430284451958885,0.3669050034692621,False,False,False,False,57.8332,70.7069,7.06,96.05,0.3669050034692621,1.711702920347701,1.3430284451958885,0.19246288024496447,1.5800334649363392,1.395696227360433,-0.21394773356331284,1.2227603799008917,1.4351970639838416,-0.2646927654860506,1.3003876823555187,1.5668665193952032,-0.29623181214602123,0.5298606521965493,-0.9962698235611281,0.3669050034692621,-0.1738878963670832,0.5999293593657267,-0.9962698235611281,0.8544068351555169,0.0,7,0,0,0.0,0.0,7.25,2.4,4.0,1.6,2.25,0,0,0,0.0,1.0,0,0,1,0,0,0,0,0,0,0,0,1,0,0,1,0,0,0,0,0,0,0,1,0,0.3669050034692621
2018-04-08,1.711702920347701,1.3430284451958885,0.3669050034692621,False,False,False,False,57.8332,70.7069,7.06,96.05,0.3669050034692621,1.711702920347701,1.3430284451958885,0.3669050034692621,1.711702920347701,1.3430284451958885,0.19246288024496447,1.5800334649363392,1.395696227360433,-0.16181042256475628,1.2234946385690768,1.382529281819297,-0.1014925511416798,0.4776238800631828,-0.9962698235611281,0.3669050034692621,-0.16162076552849572,0.609731852124214,-0.9962698235611281,0.8544068351555169,0.0,8,0,0,0.0,0.0,7.25,2.4,4.0,1.6,2.25,0,0,0,0.0,1.0,0,0,1,0,0,0,0,0,0,0,0,1,0,0,1,0,0,0,0,0,0,0,0,1,0.3669050034692621
2018-04-09,1.309319344809988,1.4220301184427053,-0.1068959657070535,False,True,False,False,57.8332,70.7069,7.07,115.0,0.3669050034692621,1.711702920347701,1.3430284451958885,0.3669050034692621,1.711702920347701,1.3430284451958885,0.3669050034692621,1.711702920347701,1.3430284451958885,-0.21394773356331284,1.2227603799008917,1.4351970639838416,0.09324670986266163,0.2949727864089503,-0.2646927654860506,0.3669050034692621,-0.14935363468990817,0.6191175256839054,-0.9962698235611281,0.8544068351555169,-0.4738009691763156,9,0,0,0.0,0.0,7.25,2.4,4.0,1.6,2.25,0,0,0,0.0,0.0,0,0,1,0,0,0,0,0,0,0,0,1,0,0,1,0,0,0,0,0,0,0,0,0,-0.0
2018-04-10,1.6195343015597479,1.724869865888837,-0.10488492172052802,False,True,False,False,58.5714,71.8847,7.24,71.8,-0.1068959657070535,1.309319344809988,1.4220301184427053,0.3669050034692621,1.711702920347701,1.3430284451958885,0.3669050034692621,1.711702920347701,1.3430284451958885,0.19246288024496447,1.5800334649363392,1.395696227360433,0.1157891098310898,0.26784105122506835,-0.21394773356331284,0.3669050034692621,-0.09521282344763748,0.5838723694230418,-0.9962698235611281,0.8544068351555169,0.0020110439865254764,10,0,0,0.0,0.0,7.25,2.4,4.0,1.6,2.25,0,0,0,0.0,0.0,0,0,1,0,0,0,0,0,0,0,0,1,0,0,1,0,0,0,1,0,0,0,0,0,-0.0
2018-04-11,1.1769225819823346,1.4088631729015693,-0.23201261725824454,False,True,False,False,62.3699,76.8522,7.0,144.3,-0.10488492172052802,1.6195343015597479,1.724869865888837,-0.1068959657070535,1.309319344809988,1.4220301184427053,0.3669050034692621,1.711702920347701,1.3430284451958885,0.3669050034692621,1.711702920347701,1.3430284451958885,0.12392132423740812,0.25871656620224953,-0.21394773356331284,0.3669050034692621,-0.13573888285734317,0.5614452211606341,-0.9962698235611281,0.8544068351555169,-0.12712769553771652,11,0,0,0.0,0.0,7.25,2.4,4.0,1.6,2.25,0,0,0,0.0,0.0,0,0,1,0,0,0,0,0,0,0,0,1,0,0,1,0,0,0,0,1,0,0,0,0,-0.0
2018-04-12,1.4351970639838416,1.2146210509424595,0.21832959427414447,False,True,False,False,64.0626,79.2839,6.99,155.4,-0.23201261725824454,1.1769225819823346,1.4088631729015693,-0.10488492172052802,1.6195343015597479,1.724869865888837,-0.1068959657070535,1.309319344809988,1.4220301184427053,0.3669050034692621,1.711702920347701,1.3430284451958885,0.12134062656670357,0.26270782891871486,-0.23201261725824454,0.3669050034692621,-0.1375335122267902,0.5617302217029878,-0.9962698235611281,0.8544068351555169,0.450342211532389,12,0,0,0.0,0.0,7.25,2.4,4.0,1.6,2.25,0,0,0,0.0,1.0,0,0,1,0,0,0,0,0,0,0,0,1,0,0,1,0,0,0,0,0,1,0,0,0,0.0
2018-04-13,1.4088631729015693,1.1670635862213805,0.24540154490043736,False,True,False,False,62.0659,76.7569,6.99,189.11,0.21832959427414447,1.4351970639838416,1.2146210509424595,-0.23201261725824454,1.1769225819823346,1.4088631729015693,-0.10488492172052802,1.6195343015597479,1.724869865888837,0.3669050034692621,1.711702920347701,1.3430284451958885,0.12503587142801503,0.26405344197014785,-0.23201261725824454,0.3669050034692621,-0.18296760086117395,0.497364148728953,-0.9962698235611281,0.3669050034692621,0.02707195062629289,13,0,0,0.0,0.0,7.25,2.4,4.0,1.6,2.25,0,0,0,0.0,1.0,0,0,1,0,0,0,0,0,0,0,0,1,0,0,1,0,0,0,0,0,0,1,0,0,0.0
2018-04-14,1.4088631729015693,1.1670635862213805,0.24540154490043736,False,False,False,False,61.4311,75.7507,6.99,189.11,0.24540154490043736,1.4088631729015693,1.1670635862213805,0.21832959427414447,1.4351970639838416,1.2146210509424595,-0.23201261725824454,1.1769225819823346,1.4088631729015693,-0.1068959657070535,1.309319344809988,1.4220301184427053,0.10767823448961147,0.24907278945895145,-0.23201261725824454,0.3669050034692621,-0.09427678882820498,0.44959289545580017,-0.9962698235611281,0.3669050034692621,0.0,14,0,0,0.0,0.0,7.25,2.4,4.0,1.6,2.25,0,0,0,0.0,1.0,0,0,1,0,0,0,0,0,0,0,0,1,0,0,1,0,0,0,0,0,0,0,1,0,0.24540154490043736
2018-04-15,1.4088631729015693,1.1670635862213805,0.24540154490043736,False,False,False,False,61.4311,75.7507,6.99,189.11,0.24540154490043736,1.4088631729015693,1.1670635862213805,0.24540154490043736,1.4088631729015693,1.1670635862213805,0.21832959427414447,1.4351970639838416,1.2146210509424595,-0.10488492172052802,1.6195343015597479,1.724869865888837,0.09032059755120794,0.23161883423974416,-0.23201261725824454,0.3669050034692621,-0.005585976795235999,0.37410448202518387,-0.9962698235611281,0.3669050034692621,0.0,15,0,0,0.0,0.0,7.25,2.4,4.0,1.6,2.25,0,0,0,0.0,1.0,0,0,1,0,0,0,0,0,0,0,0,1,0,0,1,0,0,0,0,0,0,0,0,1,0.24540154490043736
2018-04-16,1.5141987372306585,1.6195343015597479,-0.10328158598788553,False,True,False,False,61.4311,75.7507,7.01,187.81,0.24540154490043736,1.4088631729015693,1.1670635862213805,0.24540154490043736,1.4088631729015693,1.1670635862213805,0.24540154490043736,1.4088631729015693,1.1670635862213805,-0.23201261725824454,1.1769225819823346,1.4088631729015693,0.07296296061280441,0.21107891887497196,-0.23201261725824454,0.24540154490043736,0.08310483523773296,0.24664199140024645,-0.2646927654860506,0.3669050034692621,-0.3486831308883229,16,0,0,0.0,0.0,7.25,2.4,4.0,1.6,2.25,0,0,0,0.0,0.0,0,0,1,0,0,0,0,0,0,0,0,1,0,0,1,0,0,0,0,0,0,0,0,0,-0.0
2018-04-17,1.1041526432121405,2.620222162686096,-1.5141987372306585,False,True,False,False,62.2794,76.8403,7.01,214.31,-0.10328158598788553,1.5141987372306585,1.6195343015597479,0.24540154490043736,1.4088631729015693,1.1670635862213805,0.24540154490043736,1.4088631729015693,1.1670635862213805,0.21832959427414447,1.4351970639838416,1.2146210509424595,0.07347930057268556,0.21056942661168132,-0.23201261725824454,0.24540154490043736,0.0946342052018876,0.23250066877120004,-0.23201261725824454,0.3669050034692621,-1.410917151242773,17,0,0,0.0,0.0,7.25,2.4,4.0,1.6,2.25,0,0,0,1.0,0.0,0,0,1,0,0,0,0,0,0,0,0,1,0,0,1,0,0,0,1,0,0,0,0,0,-0.0
2018-04-18,0.925413680285247,1.043746922539736,-0.11833324225448916,False,True,False,False,61.1454,75.8448,7.1,151.56,-1.5141987372306585,1.1041526432121405,2.620222162686096,-0.10328158598788553,1.5141987372306585,1.6195343015597479,0.24540154490043736,1.4088631729015693,1.1670635862213805,0.24540154490043736,1.4088631729015693,1.1670635862213805,-0.12785124450019023,0.6417692651068683,-1.5141987372306585,0.24540154490043736,-0.0019649601313911197,0.48790567340815955,-1.5141987372306585,0.3669050034692621,1.3958654949761693,18,0,0,0.0,0.0,7.25,2.4,4.0,1.6,2.25,0,0,0,0.0,0.0,0,0,1,0,0,0,0,0,0,0,0,1,0,0,1,0,0,0,0,1,0,0,0,0,-0.0
2018-04-19,1.4220301184427053,1.258829645584169,0.16374899261512502,False,True,False,False,61.5539,76.0868,7.02,106.96,-0.11833324225448916,0.925413680285247,1.043746922539736,-1.5141987372306585,1.1041526432121405,2.620222162686096,-0.10328158598788553,1.5141987372306585,1.6195343015597479,0.24540154490043736,1.4088631729015693,1.1670635862213805,-0.11161133378536801,0.6401304028225535,-1.5141987372306585,0.24540154490043736,0.004864646390667721,0.48537274901867156,-1.5141987372306585,0.3669050034692621,0.28208223486961415,19,0,0,0.0,0.0,7.25,2.4,4.0,1.6,2.25,0,0,0,0.0,0.0,0,0,1,0,0,0,0,0,0,0,0,1,0,0,1,0,0,0,0,0,1,0,0,0,0.0
2018-04-20,1.2054741293371583,1.231768593804879,-0.026294464467720928,False,True,False,False,60.8583,75.4034,7.03,150.95,0.16374899261512502,1.4220301184427053,1.258829645584169,-0.11833324225448916,0.925413680285247,1.043746922539736,-1.5141987372306585,1.1041526432121405,2.620222162686096,0.24540154490043736,1.4088631729015693,1.1670635862213805,-0.11940856259379938,0.6357591671397752,-1.5141987372306585,0.24540154490043736,0.00281365441710776,0.48457907329225225,-1.5141987372306585,0.3669050034692621,-0.19004345708284595,20,0,0,0.0,0.0,7.25,2.4,4.0,1.6,2.25,0,0,0,0.0,0.0,0,0,1,0,0,0,0,0,0,0,0,1,0,0,1,0,0,0,0,0,0,1,0,0,-0.0
2018-04-21,1.2054741293371583,1.231768593804879,-0.026294464467720928,False,False,False,False,61.3222,75.6532,7.03,150.95,-0.026294464467720928,1.2054741293371583,1.231768593804879,0.16374899261512502,1.4220301184427053,1.258829645584169,-0.11833324225448916,0.925413680285247,1.043746922539736,-0.10328158598788553,1.5141987372306585,1.6195343015597479,-0.158222278217822,0.6178155874678736,-1.5141987372306585,0.24540154490043736,-0.025272021864105314,0.47311251846810964,-1.5141987372306585,0.3669050034692621,0.0,21,0,0,0.0,0.0,7.25,2.4,4.0,1.6,2.25,0,0,0,0.0,0.0,0,0,1,0,0,0,0,0,0,0,0,1,0,0,1,0,0,0,0,0,0,0,1,0,-0.026294464467720928
2018-04-22,1.2054741293371583,1.231768593804879,-0.026294464467720928,False,False,False,False,61.3222,75.6532,7.03,150.95,-0.026294464467720928,1.2054741293371583,1.231768593804879,-0.026294464467720928,1.2054741293371583,1.231768593804879,0.16374899261512502,1.4220301184427053,1.258829645584169,-1.5141987372306585,1.1041526432121405,2.620222162686096,-0.1970359938418446,0.5963952585489658,-1.5141987372306585,0.24540154490043736,-0.05335769814531838,0.4595161225869273,-1.5141987372306585,0.3669050034692621,0.0,22,0,0,0.0,0.0,7.25,2.4,4.0,1.6,2.25,0,0,0,0.0,0.0,0,0,1,0,0,0,0,0,0,0,0,1,0,0,1,0,0,0,0,0,0,0,0,1,-0.026294464467720928
2018-04-23,1.2174356221194365,1.47469790060725,-0.25714853677677657,False,True,False,False,61.3222,75.6532,6.8,115.81,-0.026294464467720928,1.2054741293371583,1.231768593804879,-0.026294464467720928,1.2054741293371583,1.231768593804879,-0.026294464467720928,1.2054741293371583,1.231768593804879,-0.11833324225448916,0.925413680285247,1.043746922539736,-0.2358497094658672,0.5711071103624106,-1.5141987372306585,0.16374899261512502,-0.08144337442653146,0.44359408656004173,-1.5141987372306585,0.24540154490043736,-0.23085407230905564,23,0,0,0.0,0.0,7.25,2.4,4.0,1.6,2.25,0,0,0,0.0,0.0,0,0,1,0,0,0,0,0,0,0,0,1,0,0,1,0,0,0,0,0,0,0,0,0,-0.0
2018-04-24,1.3298614996547522,1.3298614996547522,0.0019847107774909854,False,True,False,False,61.7655,75.7924,6.8,91.25,-0.25714853677677657,1.2174356221194365,1.47469790060725,-0.026294464467720928,1.2054741293371583,1.231768593804879,-0.026294464467720928,1.2054741293371583,1.231768593804879,0.16374899261512502,1.4220301184427053,1.258829645584169,-0.25783070243570877,0.5681075563303397,-1.5141987372306585,0.16374899261512502,-0.09217570093151169,0.4460679654342262,-1.5141987372306585,0.24540154490043736,0.25913324755426753,24,0,0,0.0,0.0,7.25,2.4,4.0,1.6,2.25,0,0,0,0.0,0.0,0,0,1,0,0,0,0,0,0,0,0,1,0,0,1,0,0,0,1,0,0,0,0,0,0.0
2018-04-25,1.5141987372306585,1.6985359748065647,-0.18662362256545745,False,True,False,False,61.6644,75.2121,6.91,85.7,0.0019847107774909854,1.3298614996547522,1.3298614996547522,-0.25714853677677657,1.2174356221194365,1.47469790060725,-0.026294464467720928,1.2054741293371583,1.231768593804879,-0.026294464467720928,1.2054741293371583,1.231768593804879,-0.04123306700597316,0.127226067644786,-0.25714853677677657,0.16374899261512502,-0.08454215575308176,0.4467476530779437,-1.5141987372306585,0.24540154490043736,-0.18860833334294844,25,0,0,0.0,0.0,7.25,2.4,4.0,1.6,2.25,1,1,1,0.0,0.0,0,0,1,0,0,0,0,0,0,0,0,1,0,0,1,0,0,0,0,1,0,0,0,0,-0.0
2018-04-26,1.395696227360433,1.5010317916895224,-0.1103964470285325,False,True,False,False,61.7494,75.3281,7.05,127.05,-0.18662362256545745,1.5141987372306585,1.6985359748065647,0.0019847107774909854,1.3298614996547522,1.3298614996547522,-0.25714853677677657,1.2174356221194365,1.47469790060725,-0.026294464467720928,1.2054741293371583,1.231768593804879,-0.05098883562182577,0.1364102789404542,-0.25714853677677657,0.16374899261512502,-0.08130008470359695,0.4457587297046569,-1.5141987372306585,0.24540154490043736,0.07622717553692494,26,0,0,0.0,0.0,7.25,2.4,4.0,1.6,2.25,1,0,1,0.0,0.0,0,0,1,0,0,0,0,0,0,0,0,1,0,0,1,0,0,0,0,0,1,0,0,0,-0.0
2018-04-27,1.7643707025122455,2.027709613334969,-0.26944336808679514,False,True,False,False,62.6027,76.1812,7.0,87.4,-0.1103964470285325,1.395696227360433,1.5010317916895224,-0.18662362256545745,1.5141987372306585,1.6985359748065647,0.0019847107774909854,1.3298614996547522,1.3298614996547522,-0.026294464467720928,1.2054741293371583,1.231768593804879,-0.09015246985663397,0.0985959624726577,-0.25714853677677657,0.0019847107774909854,-0.10478051622521675,0.4373399497026471,-1.5141987372306585,0.24540154490043736,-0.15904692105826262,27,0,0,0.0,0.0,7.25,2.4,4.0,1.6,2.25,1,0,1,0.0,0.0,0,0,1,0,0,0,0,0,0,0,0,1,0,0,1,0,0,0,0,0,0,1,0,0,-0.0
2018-04-28,1.461530955066114,1.64586819264202,-0.18635855384716427,False,False,False,False,62.726,75.7605,7.07,150.95,-0.26944336808679514,1.7643707025122455,2.027709613334969,-0.1103964470285325,1.395696227360433,1.5010317916895224,-0.18662362256545745,1.5141987372306585,1.6985359748065647,-0.25714853677677657,1.2174356221194365,1.47469790060725,-0.12488802751650173,0.11397986040655889,-0.26944336808679514,0.0019847107774909854,-0.14155515286716192,0.42715644360961624,-1.5141987372306585,0.24540154490043736,0.08308481423963088,28,0,0,0.0,0.0,7.25,2.4,4.0,1.6,2.25,1,0,0,0.0,0.0,0,0,1,0,0,0,0,0,0,0,0,1,0,0,1,0,0,0,0,0,0,0,1,0,-0.18635855384716427
2018-04-29,1.461530955066114,1.64586819264202,-0.18635855384716427,False,False,False,False,61.9997,75.2056,7.07,150.95,-0.18635855384716427,1.461530955066114,1.64586819264202,-0.26944336808679514,1.7643707025122455,2.027709613334969,-0.1103964470285325,1.395696227360433,1.5010317916895224,0.0019847107774909854,1.3298614996547522,1.3298614996547522,-0.14775432599927932,0.10672887234981787,-0.26944336808679514,0.0019847107774909854,-0.17239515992056204,0.4124010864554457,-1.5141987372306585,0.24540154490043736,0.0,29,0,0,0.0,0.0,7.25,2.4,4.0,1.6,2.25,1,0,0,0.0,0.0,0,0,1,0,0,0,0,0,0,0,0,1,0,0,1,0,0,0,0,0,0,0,0,1,-0.18635855384716427
2018-04-30,1.461530955066114,1.64586819264202,-0.18635855384716427,True,True,False,True,61.9997,75.2056,7.07,150.95,-0.18635855384716427,1.461530955066114,1.64586819264202,-0.18635855384716427,1.461530955066114,1.64586819264202,-0.26944336808679514,1.7643707025122455,2.027709613334969,-0.18662362256545745,1.5141987372306585,1.6985359748065647,-0.17062062448205695,0.09257792065671311,-0.26944336808679514,0.0019847107774909854,-0.20323516697396218,0.39451001105998346,-1.5141987372306585,0.16374899261512502,0.0,30,0,1,0.0,0.0,7.25,2.4,4.0,1.6,2.25,1,0,0,0.0,0.0,0,0,1,0,0,0,0,0,0,0,0,1,0,0,1,0,0,0,0,0,0,0,0,0,-0.18635855384716427
2018-05-01,1.461530955066114,1.64586819264202,-0.18635855384716427,True,False,False,False,61.9997,75.2056,7.07,150.95,-0.18635855384716427,1.461530955066114,1.64586819264202,-0.18635855384716427,1.461530955066114,1.64586819264202,-0.18635855384716427,1.461530955066114,1.64586819264202,-0.1103964470285325,1.395696227360433,1.5010317916895224,-0.16050776977782663,0.0851163344698109,-0.26944336808679514,0.0019847107774909854,-0.20916923610676777,0.39351444622032894,-1.5141987372306585,0.16374899261512502,0.0,1,1,0,0.0,1.0,7.25,2.4,4.0,1.6,2.25,0,0,0,0.0,0.0,0,0,0,1,0,0,0,0,0,0,0,1,0,0,1,0,0,0,1,0,0,0,0,0,-0.18635855384716427
2018-05-02,1.461530955066114,1.64586819264202,-0.18635855384716427,True,True,True,False,61.9997,75.2056,7.07,150.95,-0.18635855384716427,1.461530955066114,1.64586819264202,-0.18635855384716427,1.461530955066114,1.64586819264202,-0.18635855384716427,1.461530955066114,1.64586819264202,-0.26944336808679514,1.7643707025122455,2.027709613334969,-0.18741395043849168,0.04594489680989085,-0.26944336808679514,-0.1103964470285325,-0.11432350872223249,0.11915581666013006,-0.26944336808679514,0.16374899261512502,0.0,2,0,0,1.0,0.0,7.25,2.4,4.0,1.6,2.25,0,0,0,0.0,0.0,0,0,0,1,0,0,0,0,0,0,0,1,0,0,1,0,0,0,0,1,0,0,0,0,-0.18635855384716427
2018-05-03,1.724869865888837,1.4351970639838416,0.29772622481261374,False,True,False,False,61.9997,75.2056,7.0,51.45,-0.18635855384716427,1.461530955066114,1.64586819264202,-0.18635855384716427,1.461530955066114,1.64586819264202,-0.18635855384716427,1.461530955066114,1.64586819264202,-0.18635855384716427,1.461530955066114,1.64586819264202,-0.18737608347873552,0.04594576597050903,-0.26944336808679514,-0.1103964470285325,-0.1191824595502807,0.1207087564506826,-0.26944336808679514,0.16374899261512502,0.484084778659778,3,0,0,0.0,0.0,7.25,2.4,4.0,1.6,2.25,0,0,0,0.0,1.0,0,0,0,1,0,0,0,0,0,0,0,1,0,0,1,0,0,0,0,0,1,0,0,0,0.0
2018-05-04,1.3693623362781608,1.5405326283129308,-0.1664082579314075,False,True,False,False,63.486,76.1261,6.84,131.47,0.29772622481261374,1.724869865888837,1.4351970639838416,-0.18635855384716427,1.461530955066114,1.64586819264202,-0.18635855384716427,1.461530955066114,1.64586819264202,-0.18635855384716427,1.461530955066114,1.64586819264202,-0.12907284464428606,0.1907308714459472,-0.26944336808679514,0.29772622481261374,-0.10961265725046007,0.14725654206135522,-0.26944336808679514,0.29772622481261374,-0.46413448274402125,4,0,0,0.0,0.0,7.25,2.4,4.0,1.6,2.25,0,0,0,0.0,0.0,0,0,0,1,0,0,0,0,0,0,0,1,0,0,1,0,0,0,0,0,0,1,0,0,-0.0
2018-05-05,1.3693623362781608,1.5405326283129308,-0.1664082579314075,False,False,False,False,63.2012,75.6392,6.84,131.47,-0.1664082579314075,1.3693623362781608,1.5405326283129308,0.29772622481261374,1.724869865888837,1.4351970639838416,-0.18635855384716427,1.461530955066114,1.64586819264202,-0.18635855384716427,1.461530955066114,1.64586819264202,-0.11435354319351639,0.1818621439087807,-0.18635855384716427,0.29772622481261374,-0.11962078535500911,0.14591354172201504,-0.26944336808679514,0.29772622481261374,0.0,5,0,0,0.0,0.0,7.25,2.4,4.0,1.6,2.25,0,0,0,0.0,0.0,0,0,0,1,0,0,0,0,0,0,0,1,0,0,1,0,0,0,0,0,0,0,1,0,-0.1664082579314075
2018-05-06,1.3693623362781608,1.5405326283129308,-0.1664082579314075,False,False,False,False,63.2012,75.6392,6.84,131.47,-0.1664082579314075,1.3693623362781608,1.5405326283129308,-0.1664082579314075,1.3693623362781608,1.5405326283129308,0.29772622481261374,1.724869865888837,1.4351970639838416,-0.18635855384716427,1.461530955066114,1.64586819264202,-0.11150350091983685,0.18069825165316686,-0.18635855384716427,0.29772622481261374,-0.12962891345955815,0.14380994139641928,-0.26944336808679514,0.29772622481261374,0.0,6,0,0,0.0,0.0,7.25,2.4,4.0,1.6,2.25,0,0,0,0.0,0.0,0,0,0,1,0,0,0,0,0,0,0,1,0,0,1,0,0,0,0,0,0,0,0,1,-0.1664082579314075
2018-05-07,1.395696227360433,1.2961607440970944,0.10573401926182127,False,True,False,False,63.2012,75.6392,6.7,98.75,-0.1664082579314075,1.3693623362781608,1.5405326283129308,-0.1664082579314075,1.3693623362781608,1.5405326283129308,-0.1664082579314075,1.3693623362781608,1.5405326283129308,-0.18635855384716427,1.461530955066114,1.64586819264202,-0.1086534586461573,0.17947401999086182,-0.18635855384716427,0.29772622481261374,-0.1396370415641072,0.14091168134546428,-0.26944336808679514,0.29772622481261374,0.2721422771932288,7,0,0,0.0,0.0,7.25,2.4,4.0,1.6,2.25,0,0,0,0.0,0.0,0,0,0,1,0,0,0,0,0,0,0,1,0,0,1,0,0,0,0,0,0,0,0,0,0.0
2018-05-08,1.2582135818460063,1.2571522835324904,0.0010612983124624257,False,True,False,False,62.7148,74.8125,6.47,103.76,0.10573401926182127,1.395696227360433,1.2961607440970944,-0.1664082579314075,1.3693623362781608,1.5405326283129308,-0.1664082579314075,1.3693623362781608,1.5405326283129308,0.29772622481261374,1.724869865888837,1.4351970639838416,-0.06692594820201651,0.19192062425152354,-0.18635855384716427,0.29772622481261374,-0.11371685898992165,0.15067064159261423,-0.26944336808679514,0.29772622481261374,-0.10467272094935885,8,0,0,0.0,0.0,7.25,2.4,4.0,1.6,2.25,0,0,0,0.0,0.0,0,0,0,1,0,0,0,0,0,0,0,1,0,0,1,0,0,0,1,0,0,0,0,0,0.0
2018-05-09,1.2582135818460063,1.2571522835324904,0.0010612983124624257,True,False,False,False,63.0066,75.0409,6.47,103.76,0.0010612983124624257,1.2582135818460063,1.2571522835324904,0.10573401926182127,1.395696227360433,1.2961607440970944,-0.1664082579314075,1.3693623362781608,1.5405326283129308,-0.1664082579314075,1.3693623362781608,1.5405326283129308,-0.040151683607784136,0.18544596956349324,-0.18635855384716427,0.29772622481261374,-0.11378281702313796,0.1506162878958181,-0.26944336808679514,0.29772622481261374,0.0,9,0,0,0.0,0.0,7.25,2.4,4.0,1.6,2.25,0,0,0,0.0,0.0,0,0,0,1,0,0,0,0,0,0,0,1,0,0,1,0,0,0,0,1,0,0,0,0,0.0010612983124624257
2018-05-10,1.7643707025122455,1.2786725598712612,0.4843617827138603,False,True,False,False,63.0066,75.0409,6.79,88.25,0.0010612983124624257,1.2582135818460063,1.2571522835324904,0.0010612983124624257,1.2582135818460063,1.2571522835324904,0.10573401926182127,1.395696227360433,1.2961607440970944,-0.1664082579314075,1.3693623362781608,1.5405326283129308,-0.013377419013551746,0.17399486487906007,-0.1664082579314075,0.29772622481261374,-0.10037675124614368,0.15198070014472,-0.26944336808679514,0.29772622481261374,0.4833004844013979,10,0,0,0.0,0.0,7.25,2.4,4.0,1.6,2.25,0,0,0,0.0,1.0,0,0,0,1,0,0,0,0,0,0,0,1,0,0,1,0,0,0,0,0,1,0,0,0,0.0
2018-05-11,1.3693623362781608,1.2814303056055147,0.09086850388049461,False,True,False,False,62.5229,74.1772,6.77,169.03,0.4843617827138603,1.7643707025122455,1.2786725598712612,0.0010612983124624257,1.2582135818460063,1.2571522835324904,0.0010612983124624257,1.2582135818460063,1.2571522835324904,-0.1664082579314075,1.3693623362781608,1.5405326283129308,0.013284803543769192,0.23367641265153585,-0.1664082579314075,0.4843617827138603,-0.05789402055025848,0.21782624283960586,-0.26944336808679514,0.4843617827138603,-0.3934932788333657,11,0,0,0.0,0.0,7.25,2.4,4.0,1.6,2.25,0,0,0,0.0,0.0,0,0,0,1,0,0,0,0,0,0,0,1,0,0,1,0,0,0,0,0,0,1,0,0,0.0
2018-05-12,1.3693623362781608,1.2814303056055147,0.09086850388049461,False,False,False,False,61.7354,73.5145,6.77,169.03,0.09086850388049461,1.3693623362781608,1.2814303056055147,0.4843617827138603,1.7643707025122455,1.2786725598712612,0.0010612983124624257,1.2582135818460063,1.2571522835324904,0.10573401926182127,1.395696227360433,1.2961607440970944,0.05003862665975521,0.22056810157646475,-0.1664082579314075,0.4843617827138603,-0.03215745826688065,0.2121196161462815,-0.18635855384716427,0.4843617827138603,0.0,12,0,0,0.0,0.0,7.25,2.4,4.0,1.6,2.25,0,0,0,0.0,0.0,0,0,0,1,0,0,0,0,0,0,0,1,0,0,1,0,0,0,0,0,0,0,1,0,0.09086850388049461
2018-05-13,1.3693623362781608,1.2814303056055147,0.09086850388049461,False,False,False,False,61.7354,73.5145,6.77,169.03,0.09086850388049461,1.3693623362781608,1.2814303056055147,0.09086850388049461,1.3693623362781608,1.2814303056055147,0.4843617827138603,1.7643707025122455,1.2786725598712612,0.0010612983124624257,1.2582135818460063,1.2571522835324904,0.08679244977574123,0.19885658359205607,-0.1664082579314075,0.4843617827138603,-0.012355525572047872,0.20954149362328683,-0.18635855384716427,0.4843617827138603,0.0,13,0,0,0.0,0.0,7.25,2.4,4.0,1.6,2.25,0,0,0,0.0,0.0,0,0,0,1,0,0,0,0,0,0,0,1,0,0,1,0,0,0,0,0,0,0,0,1,0.09086850388049461
2018-05-14,1.6853690292654286,1.461530955066114,0.2205738917806207,False,True,False,False,61.7354,73.5145,6.87,45.05,0.09086850388049461,1.3693623362781608,1.2814303056055147,0.09086850388049461,1.3693623362781608,1.2814303056055147,0.09086850388049461,1.3693623362781608,1.2814303056055147,0.0010612983124624257,1.2582135818460063,1.2571522835324904,0.12354627289172725,0.1651836131226914,0.0010612983124624257,0.4843617827138603,0.007446407122784905,0.20488041596870266,-0.18635855384716427,0.4843617827138603,0.1297053879001261,14,0,0,0.0,0.0,7.25,2.4,4.0,1.6,2.25,0,0,0,0.0,1.0,0,0,0,1,0,0,0,0,0,0,0,1,0,0,1,0,0,0,0,0,0,0,0,0,0.0
2018-05-15,1.47469790060725,1.3430284451958885,0.12146996486143162,False,True,False,False,61.7684,73.943,6.98,59.28,0.2205738917806207,1.6853690292654286,1.461530955066114,0.09086850388049461,1.3693623362781608,1.2814303056055147,0.09086850388049461,1.3693623362781608,1.2814303056055147,0.4843617827138603,1.7643707025122455,1.2786725598712612,0.13995196896584144,0.16878329827905603,0.0010612983124624257,0.4843617827138603,0.0365130103819124,0.2041346879819406,-0.18635855384716427,0.4843617827138603,-0.09910392691918908,15,0,0,0.0,0.0,7.25,2.4,4.0,1.6,2.25,0,0,0,0.0,0.0,0,0,0,1,0,0,0,0,0,0,0,1,0,0,1,0,0,0,1,0,0,0,0,0,0.0
2018-05-16,1.1334075182762013,1.4351970639838416,-0.30181454599781027,False,True,False,False,61.9164,73.8601,7.04,93.7,0.12146996486143162,1.47469790060725,1.3430284451958885,0.2205738917806207,1.6853690292654286,1.461530955066114,0.09086850388049461,1.3693623362781608,1.2814303056055147,0.09086850388049461,1.3693623362781608,1.2814303056055147,0.1571532070442656,0.15806464848751833,0.0010612983124624257,0.4843617827138603,0.05850076171824068,0.19463972911237823,-0.18635855384716427,0.4843617827138603,-0.4232845108592419,16,0,0,0.0,0.0,7.25,2.4,4.0,1.6,2.25,0,0,0,0.0,0.0,0,0,0,1,0,0,0,0,0,0,0,1,0,0,1,0,0,0,0,1,0,0,0,0,-0.0
2018-05-17,1.2505963056352607,1.3693623362781608,-0.12451319899496509,False,True,False,False,62.3033,73.7796,7.1,100.05,-0.30181454599781027,1.1334075182762013,1.4351970639838416,0.12146996486143162,1.47469790060725,1.3430284451958885,0.2205738917806207,1.6853690292654286,1.461530955066114,0.09086850388049461,1.3693623362781608,1.2814303056055147,0.11388522928565523,0.23205189350466904,-0.30181454599781027,0.4843617827138603,0.05025390513605168,0.2078126007660143,-0.30181454599781027,0.4843617827138603,0.17730134700284517,17,0,0,0.0,0.0,7.25,2.4,4.0,1.6,2.25,0,0,0,0.0,0.0,0,0,0,1,0,0,0,0,0,0,0,1,0,0,1,0,0,0,0,0,1,0,0,0,-0.0
2018-05-18,1.3162687168454292,1.461530955066114,-0.1425933935565126,False,True,False,False,61.8215,73.0236,7.15,100.53,-0.12451319899496509,1.2505963056352607,1.3693623362781608,-0.30181454599781027,1.1334075182762013,1.4351970639838416,0.12146996486143162,1.47469790060725,1.3430284451958885,0.09086850388049461,1.3693623362781608,1.2814303056055147,0.02690308904153732,0.1778145909794385,-0.30181454599781027,0.2205738917806207,0.02009394629265319,0.19961217581155472,-0.30181454599781027,0.4843617827138603,-0.01808019456154751,18,0,0,0.0,0.0,7.25,2.4,4.0,1.6,2.25,0,0,0,0.0,0.0,0,0,0,1,0,0,0,0,0,0,0,1,0,0,1,0,0,0,0,0,0,1,0,0,-0.0
2018-05-19,1.3162687168454292,1.461530955066114,-0.1425933935565126,False,False,False,False,61.9408,73.1769,7.15,100.53,-0.1425933935565126,1.3162687168454292,1.461530955066114,-0.12451319899496509,1.2505963056352607,1.3693623362781608,-0.30181454599781027,1.1334075182762013,1.4351970639838416,0.2205738917806207,1.6853690292654286,1.461530955066114,-0.006448610592320848,0.18554393227725138,-0.30181454599781027,0.2205738917806207,0.021795008033717117,0.1979955044810181,-0.30181454599781027,0.4843617827138603,0.0,19,0,0,0.0,0.0,7.25,2.4,4.0,1.6,2.25,0,0,0,0.0,0.0,0,0,0,1,0,0,0,0,0,0,0,1,0,0,1,0,0,0,0,0,0,0,1,0,-0.1425933935565126
2018-05-20,1.3162687168454292,1.461530955066114,-0.1425933935565126,False,False,False,False,61.9408,73.1769,7.15,100.53,-0.1425933935565126,1.3162687168454292,1.461530955066114,-0.1425933935565126,1.3162687168454292,1.461530955066114,-0.12451319899496509,1.2505963056352607,1.3693623362781608,0.12146996486143162,1.47469790060725,1.3430284451958885,-0.039800310226179025,0.18611722780244963,-0.30181454599781027,0.2205738917806207,0.023496069774781043,0.196349653588028,-0.30181454599781027,0.4843617827138603,0.0,20,0,0,0.0,0.0,7.25,2.4,4.0,1.6,2.25,0,0,0,0.0,0.0,0,0,0,1,0,0,0,0,0,0,0,1,0,0,1,0,0,0,0,0,0,0,0,1,-0.1425933935565126
2018-05-21,1.5800334649363392,1.5273656827717947,0.050032659878108884,False,True,False,False,61.9408,73.1769,7.05,73.22,-0.1425933935565126,1.3162687168454292,1.461530955066114,-0.1425933935565126,1.3162687168454292,1.461530955066114,-0.1425933935565126,1.3162687168454292,1.461530955066114,-0.30181454599781027,1.1334075182762013,1.4351970639838416,-0.0731520098600372,0.179603017249366,-0.30181454599781027,0.2205738917806207,0.02519713151584496,0.1946738830469054,-0.30181454599781027,0.4843617827138603,0.19262605343462147,21,0,0,0.0,0.0,7.25,2.4,4.0,1.6,2.25,0,0,0,0.0,0.0,0,0,0,1,0,0,0,0,0,0,0,1,0,0,1,0,0,0,0,0,0,0,0,0,0.0
2018-05-22,1.1654143616163166,1.1933234397137114,-0.02790907811056166,False,True,False,False,62.5327,73.3321,7.05,75.1,0.050032659878108884,1.5800334649363392,1.5273656827717947,-0.1425933935565126,1.3162687168454292,1.461530955066114,-0.1425933935565126,1.3162687168454292,1.461530955066114,-0.12451319899496509,1.2505963056352607,1.3693623362781608,-0.09751504298896745,0.14040899704769966,-0.30181454599781027,0.12146996486143162,0.021218462988436933,0.19346674640977482,-0.30181454599781027,0.4843617827138603,-0.07794173798867055,22,0,0,0.0,0.0,7.25,2.4,4.0,1.6,2.25,0,0,0,0.0,0.0,0,0,0,1,0,0,0,0,0,0,0,1,0,0,1,0,0,0,1,0,0,0,0,0,-0.0
2018-05-23,1.230083144378244,1.259319161505896,-0.029236017127651885,False,True,False,False,61.261,72.239,6.98,103.6,-0.02790907811056166,1.1654143616163166,1.1933234397137114,0.050032659878108884,1.5800334649363392,1.5273656827717947,-0.1425933935565126,1.3162687168454292,1.461530955066114,-0.1425933935565126,1.3162687168454292,1.461530955066114,-0.11885490627068077,0.10953762446520722,-0.30181454599781027,0.050032659878108884,0.019149150386792355,0.19385347773802422,-0.30181454599781027,0.4843617827138603,-0.0013269390170902243,23,0,0,0.0,0.0,7.25,2.4,4.0,1.6,2.25,0,0,0,0.0,0.0,0,0,0,1,0,0,0,0,0,0,0,1,0,0,1,0,0,0,0,1,0,0,0,0,-0.0
2018-05-24,1.6063673560186116,1.9355409945470157,-0.3256334300963425,False,True,False,False,61.5945,72.1826,6.84,93.9,-0.029236017127651885,1.230083144378244,1.259319161505896,-0.02790907811056166,1.1654143616163166,1.1933234397137114,0.050032659878108884,1.5800334649363392,1.5273656827717947,-0.1425933935565126,1.3162687168454292,1.461530955066114,-0.07991511643208672,0.07738875018838005,-0.1425933935565126,0.050032659878108884,0.01698505642678419,0.19423966334442774,-0.30181454599781027,0.4843617827138603,-0.2963974129686906,24,0,0,0.0,0.0,7.25,2.4,4.0,1.6,2.25,0,0,0,0.0,0.0,0,0,0,1,0,0,0,0,0,0,0,1,0,0,1,0,0,0,0,0,1,0,0,0,-0.0
2018-05-25,1.4088631729015693,1.8433723757590625,-0.44450647207389754,False,True,False,False,61.409,72.0082,6.98,84.8,-0.3256334300963425,1.6063673560186116,1.9355409945470157,-0.029236017127651885,1.230083144378244,1.259319161505896,-0.02790907811056166,1.1654143616163166,1.1933234397137114,-0.1425933935565126,1.3162687168454292,1.461530955066114,-0.10864657801799778,0.12147985734405961,-0.3256334300963425,0.050032659878108884,-0.04087174448823029,0.16232927122955393,-0.3256334300963425,0.2205738917806207,-0.11887304197755505,25,0,0,0.0,0.0,7.25,2.4,4.0,1.6,2.25,1,1,1,0.0,0.0,0,0,0,1,0,0,0,0,0,0,0,1,0,0,1,0,0,0,0,0,0,1,0,0,-0.0
2018-05-26,1.4088631729015693,1.8433723757590625,-0.44450647207389754,False,False,False,False,61.6659,72.1183,6.98,84.8,-0.44450647207389754,1.4088631729015693,1.8433723757590625,-0.3256334300963425,1.6063673560186116,1.9355409945470157,-0.029236017127651885,1.230083144378244,1.259319161505896,0.050032659878108884,1.5800334649363392,1.5273656827717947,-0.15177701780619562,0.1766219940710335,-0.44450647207389754,0.050032659878108884,-0.07911281419925831,0.1896662024085038,-0.44450647207389754,0.2205738917806207,0.0,26,0,0,0.0,0.0,7.25,2.4,4.0,1.6,2.25,1,0,0,0.0,0.0,0,0,0,1,0,0,0,0,0,0,0,1,0,0,1,0,0,0,0,0,0,0,1,0,-0.44450647207389754
2018-05-27,1.4088631729015693,1.8433723757590625,-0.44450647207389754,False,False,False,False,61.6659,72.1183,6.98,84.8,-0.44450647207389754,1.4088631729015693,1.8433723757590625,-0.44450647207389754,1.4088631729015693,1.8433723757590625,-0.3256334300963425,1.6063673560186116,1.9355409945470157,-0.02790907811056166,1.1654143616163166,1.1933234397137114,-0.19490745759439349,0.20806910844116705,-0.44450647207389754,0.050032659878108884,-0.11735388391028632,0.2060242803671998,-0.44450647207389754,0.2205738917806207,0.0,27,0,0,0.0,0.0,7.25,2.4,4.0,1.6,2.25,1,0,0,0.0,0.0,0,0,0,1,0,0,0,0,0,0,0,1,0,0,1,0,0,0,0,0,0,0,0,1,-0.44450647207389754
2018-05-28,1.5405326283129308,1.7775376480533818,-0.230091145197676,False,True,False,False,61.6659,72.1183,7.07,93.4,-0.44450647207389754,1.4088631729015693,1.8433723757590625,-0.44450647207389754,1.4088631729015693,1.8433723757590625,-0.44450647207389754,1.4088631729015693,1.8433723757590625,-0.029236017127651885,1.230083144378244,1.259319161505896,-0.23803789738259132,0.22594165404801947,-0.44450647207389754,0.050032659878108884,-0.15559495362131434,0.21393690563386936,-0.44450647207389754,0.2205738917806207,0.21441532687622153,28,0,0,0.0,0.0,7.25,2.4,4.0,1.6,2.25,1,0,1,0.0,0.0,0,0,0,1,0,0,0,0,0,0,0,1,0,0,1,0,0,0,0,0,0,0,0,0,-0.0
2018-05-29,1.461530955066114,1.2991334892115114,0.1595207382678261,False,True,False,False,62.271,72.8322,7.08,107.9,-0.230091145197676,1.5405326283129308,1.7775376480533818,-0.44450647207389754,1.4088631729015693,1.8433723757590625,-0.44450647207389754,1.4088631729015693,1.8433723757590625,-0.3256334300963425,1.6063673560186116,1.9355409945470157,-0.2780555838219892,0.18804537773180963,-0.44450647207389754,-0.02790907811056166,-0.18778531340547838,0.1849192354525075,-0.44450647207389754,0.12146996486143162,0.38961188346550213,29,0,0,0.0,0.0,7.25,2.4,4.0,1.6,2.25,1,0,1,0.0,0.0,0,0,0,1,0,0,0,0,0,0,0,1,0,0,1,0,0,0,1,0,0,0,0,0,0.0
2018-05-30,1.3430284451958885,1.2409217038482507,0.10255655491263982,False,True,False,False,62.642,72.5269,7.12,85.58,0.1595207382678261,1.461530955066114,1.2991334892115114,-0.230091145197676,1.5405326283129308,1.7775376480533818,-0.44450647207389754,1.4088631729015693,1.8433723757590625,-0.44450647207389754,1.4088631729015693,1.8433723757590625,-0.2512798957679338,0.2366599478705081,-0.44450647207389754,0.1595207382678261,-0.18506740101930735,0.1900234509918407,-0.44450647207389754,0.1595207382678261,-0.05696418335518627,30,0,0,0.0,0.0,7.25,2.4,4.0,1.6,2.25,1,0,1,0.0,0.0,0,0,0,1,0,0,0,0,0,0,0,1,0,0,1,0,0,0,0,1,0,0,0,0,0.0
2018-05-31,1.487864846148386,1.3561953907370246,0.12500702805254396,False,True,False,True,62.5937,72.5211,7.1,95.75,0.10255655491263982,1.3430284451958885,1.2409217038482507,0.1595207382678261,1.461530955066114,1.2991334892115114,-0.230091145197676,1.5405326283129308,1.7775376480533818,-0.44450647207389754,1.4088631729015693,1.8433723757590625,-0.23245238547646352,0.26123520989669047,-0.44450647207389754,0.1595207382678261,-0.1561837509542752,0.2013098999895114,-0.44450647207389754,0.1595207382678261,0.022450473139904142,31,0,1,0.0,0.0,7.25,2.4,4.0,1.6,2.25,1,0,1,0.0,0.0,0,0,0,1,0,0,0,0,0,0,0,1,0,0,1,0,0,0,0,0,1,0,0,0,0.0
2018-06-01,1.6195343015597479,1.1621852864088562,0.4635326225586882,False,True,True,False,62.0188,72.5806,6.96,155.3,0.12500702805254396,1.487864846148386,1.3561953907370246,0.10255655491263982,1.3430284451958885,1.2409217038482507,0.1595207382678261,1.461530955066114,1.2991334892115114,-0.44450647207389754,1.4088631729015693,1.8433723757590625,-0.16807517716947976,0.28854420803314584,-0.44450647207389754,0.1595207382678261,-0.13836087759373886,0.2149153408936656,-0.44450647207389754,0.1595207382678261,0.3385255945061443,1,1,0,0.0,1.0,7.25,2.3,4.0,1.7000000000000002,2.5,0,0,0,0.0,1.0,0,0,0,0,1,0,0,0,0,0,0,1,0,0,1,0,0,0,0,0,0,1,0,0,0.0
2018-06-02,1.6195343015597479,1.1621852864088562,0.4635326225586882,False,False,False,False,62.2056,72.7183,6.96,155.3,0.4635326225586882,1.6195343015597479,1.1621852864088562,0.12500702805254396,1.487864846148386,1.3561953907370246,0.10255655491263982,1.3430284451958885,1.2409217038482507,-0.230091145197676,1.5405326283129308,1.7775376480533818,-0.0383553065076818,0.3426052144719393,-0.44450647207389754,0.4635326225586882,-0.09506616215693878,0.26839518319599354,-0.44450647207389754,0.4635326225586882,0.0,2,0,0,1.0,0.0,7.25,2.3,4.0,1.7000000000000002,2.5,0,0,0,0.0,1.0,0,0,0,0,1,0,0,0,0,0,0,1,0,0,1,0,0,0,0,0,0,0,1,0,0.4635326225586882
2018-06-03,1.6195343015597479,1.1621852864088562,0.4635326225586882,False,False,False,False,62.2056,72.7183,6.96,155.3,0.4635326225586882,1.6195343015597479,1.1621852864088562,0.4635326225586882,1.6195343015597479,1.1621852864088562,0.12500702805254396,1.487864846148386,1.3561953907370246,0.1595207382678261,1.461530955066114,1.2991334892115114,0.09136456415411617,0.33501542453055305,-0.44450647207389754,0.4635326225586882,-0.05177144672013872,0.30634311807454623,-0.44450647207389754,0.4635326225586882,0.0,3,0,0,0.0,0.0,7.25,2.3,4.0,1.7000000000000002,2.5,0,0,0,0.0,1.0,0,0,0,0,1,0,0,0,0,0,0,1,0,0,1,0,0,0,0,0,0,0,0,1,0.4635326225586882
2018-06-04,1.5668665193952032,1.7380368114299731,-0.17358988718353127,False,True,False,False,62.2056,72.7183,6.71,151.67,0.4635326225586882,1.6195343015597479,1.1621852864088562,0.4635326225586882,1.6195343015597479,1.1621852864088562,0.4635326225586882,1.6195343015597479,1.1621852864088562,0.10255655491263982,1.3430284451958885,1.2409217038482507,0.22108443481591414,0.26043956124126916,-0.230091145197676,0.4635326225586882,-0.008476731283338665,0.33409429602720514,-0.44450647207389754,0.4635326225586882,-0.6371225097422195,4,0,0,0.0,0.0,7.25,2.3,4.0,1.7000000000000002,2.5,0,0,0,0.0,0.0,0,0,0,0,1,0,0,0,0,0,0,1,0,0,1,0,0,0,0,0,0,0,0,0,-0.0
2018-06-05,1.229559479298575,1.1726583799776682,0.05690109932090665,False,True,False,False,61.929,72.4384,6.75,55.55,-0.17358988718353127,1.5668665193952032,1.7380368114299731,0.4635326225586882,1.6195343015597479,1.1621852864088562,0.4635326225586882,1.6195343015597479,1.1621852864088562,0.12500702805254396,1.487864846148386,1.3561953907370246,0.2291560431036491,0.24451480895163819,-0.17358988718353127,0.4635326225586882,-0.024449770359170103,0.3364193875333018,-0.44450647207389754,0.4635326225586882,0.23049098650443792,5,0,0,0.0,0.0,7.25,2.3,4.0,1.7000000000000002,2.5,0,0,0,0.0,0.0,0,0,0,0,1,0,0,0,0,0,0,1,0,0,1,0,0,0,1,0,0,0,0,0,0.0
2018-06-06,1.1894501372904223,1.1434001917941026,0.046049945496319626,False,True,False,False,61.9822,72.513,7.0,81.3,0.05690109932090665,1.229559479298575,1.1726583799776682,-0.17358988718353127,1.5668665193952032,1.7380368114299731,0.4635326225586882,1.6195343015597479,1.1621852864088562,0.4635326225586882,1.6195343015597479,1.1621852864088562,0.21449609468266062,0.25233682587103434,-0.17358988718353127,0.4635326225586882,-0.018391900542636654,0.33711516911096095,-0.44450647207389754,0.4635326225586882,-0.010851153824587026,6,0,0,0.0,0.0,7.25,2.3,4.0,1.7000000000000002,2.5,0,0,0,0.0,0.0,0,0,0,0,1,0,0,0,0,0,0,1,0,0,1,0,0,0,0,1,0,0,0,0,0.0
2018-06-07,1.3693623362781608,1.2242293482314808,0.13878918083520236,False,True,False,False,62.0064,72.8637,7.0,98.3,0.046049945496319626,1.1894501372904223,1.1434001917941026,0.05690109932090665,1.229559479298575,1.1726583799776682,-0.17358988718353127,1.5668665193952032,1.7380368114299731,0.4635326225586882,1.6195343015597479,1.1621852864088562,0.2064237219089006,0.2573683302002551,-0.17358988718353127,0.4635326225586882,-0.013014331783781545,0.3375290967966905,-0.44450647207389754,0.4635326225586882,0.09273923533888273,7,0,0,0.0,0.0,7.25,2.3,4.0,1.7000000000000002,2.5,0,0,0,0.0,0.0,0,0,0,0,1,0,0,0,0,0,0,1,0,0,1,0,0,0,0,0,1,0,0,0,0.0
2018-06-08,1.3693623362781608,1.1766899816087175,0.1934122167024737,False,True,False,False,61.8125,73.0686,7.0,102.1,0.13878918083520236,1.3693623362781608,1.2242293482314808,0.046049945496319626,1.1894501372904223,1.1434001917941026,0.05690109932090665,1.229559479298575,1.1726583799776682,0.4635326225586882,1.6195343015597479,1.1621852864088562,0.20839260087785177,0.2566935144153415,-0.17358988718353127,0.4635326225586882,0.020158711854185943,0.327101945961321,-0.44450647207389754,0.4635326225586882,0.054623035867271325,8,0,0,0.0,0.0,7.25,2.3,4.0,1.7000000000000002,2.5,0,0,0,0.0,0.0,0,0,0,0,1,0,0,0,0,0,0,1,0,0,1,0,0,0,0,0,0,1,0,0,0.0
2018-06-09,1.2812834805086086,1.0956452574794724,0.1856382230423031,False,False,False,False,62.668,73.7916,6.76,57.12,0.1934122167024737,1.3693623362781608,1.1766899816087175,0.13878918083520236,1.3693623362781608,1.2242293482314808,0.046049945496319626,1.1894501372904223,1.1434001917941026,-0.17358988718353127,1.5668665193952032,1.7380368114299731,0.16980397146982115,0.23095950838007903,-0.17358988718353127,0.4635326225586882,0.0657243324810696,0.3007656591607992,-0.44450647207389754,0.4635326225586882,-0.007773993660170592,9,0,0,0.0,0.0,7.25,2.3,4.0,1.7000000000000002,2.5,0,0,0,0.0,0.0,0,0,0,0,1,0,0,0,0,0,0,1,0,0,1,0,0,0,0,0,0,0,1,0,0.1856382230423031
2018-06-10,1.2812834805086086,1.0956452574794724,0.1856382230423031,False,False,False,False,62.3431,73.3654,6.76,57.12,0.1856382230423031,1.2812834805086086,1.0956452574794724,0.1934122167024737,1.3693623362781608,1.1766899816087175,0.13878918083520236,1.3693623362781608,1.2242293482314808,0.05690109932090665,1.229559479298575,1.1726583799776682,0.13010477153890898,0.19278476115143725,-0.17358988718353127,0.4635326225586882,0.11073466784651251,0.26336003517740586,-0.44450647207389754,0.4635326225586882,0.0,10,0,0,0.0,0.0,7.25,2.3,4.0,1.7000000000000002,2.5,0,0,0,0.0,0.0,0,0,0,0,1,0,0,0,0,0,0,1,0,0,1,0,0,0,0,0,0,0,0,1,0.1856382230423031
2018-06-11,1.2812834805086086,1.0956452574794724,0.1856382230423031,True,True,False,False,62.3431,73.3654,6.76,57.12,0.1856382230423031,1.2812834805086086,1.0956452574794724,0.1856382230423031,1.2812834805086086,1.0956452574794724,0.1934122167024737,1.3693623362781608,1.1766899816087175,0.046049945496319626,1.1894501372904223,1.1434001917941026,0.09040557160799681,0.13157598050013428,-0.17358988718353127,0.1934122167024737,0.15574500321195542,0.20950773819696328,-0.230091145197676,0.4635326225586882,0.0,11,0,0,0.0,0.0,7.25,2.3,4.0,1.7000000000000002,2.5,0,0,0,0.0,0.0,0,0,0,0,1,0,0,0,0,0,0,1,0,0,1,0,0,0,0,0,0,0,0,0,0.1856382230423031
2018-06-12,1.2812834805086086,1.0956452574794724,0.1856382230423031,True,False,False,False,62.3431,73.3654,6.76,57.12,0.1856382230423031,1.2812834805086086,1.0956452574794724,0.1856382230423031,1.2812834805086086,1.0956452574794724,0.1856382230423031,1.2812834805086086,1.0956452574794724,0.13878918083520236,1.3693623362781608,1.2242293482314808,0.1417238730688303,0.06430929306913845,0.046049945496319626,0.1934122167024737,0.18543995808623961,0.17765446303682636,-0.17358988718353127,0.4635326225586882,0.0,12,0,0,0.0,0.0,7.25,2.3,4.0,1.7000000000000002,2.5,0,0,0,0.0,0.0,0,0,0,0,1,0,0,0,0,0,0,1,0,0,1,0,0,0,1,0,0,0,0,0,0.1856382230423031
2018-06-13,1.6853690292654286,1.5800334649363392,0.09450883175190829,False,True,False,False,62.3431,73.3654,6.99,104.1,0.1856382230423031,1.2812834805086086,1.0956452574794724,0.1856382230423031,1.2812834805086086,1.0956452574794724,0.1856382230423031,1.2812834805086086,1.0956452574794724,0.1934122167024737,1.3693623362781608,1.1766899816087175,0.1601148907433155,0.05351023503326666,0.046049945496319626,0.1934122167024737,0.187305492712988,0.17749841112193035,-0.17358988718353127,0.4635326225586882,-0.09112939129039481,13,0,0,0.0,0.0,7.25,2.3,4.0,1.7000000000000002,2.5,0,0,0,0.0,0.0,0,0,0,0,1,0,0,0,0,0,0,1,0,0,1,0,0,0,0,1,0,0,0,0,0.0
2018-06-14,1.8038715391356541,1.3693623362781608,0.43759801079160826,False,True,False,False,63.1164,74.1365,7.0,133.22,0.09450883175190829,1.6853690292654286,1.5800334649363392,0.1856382230423031,1.2812834805086086,1.0956452574794724,0.1856382230423031,1.2812834805086086,1.0956452574794724,0.1856382230423031,1.2812834805086086,1.0956452574794724,0.16703758877982816,0.03682831457213164,0.09450883175190829,0.1934122167024737,0.18673065534436434,0.1778067509871236,-0.17358988718353127,0.4635326225586882,0.3430891790397,14,0,0,0.0,0.0,7.25,2.3,4.0,1.7000000000000002,2.5,0,0,0,0.0,1.0,0,0,0,0,1,0,0,0,0,0,0,1,0,0,1,0,0,0,0,0,1,0,0,0,0.0
2018-06-15,1.9355409945470157,1.6063673560186116,0.33115466211610073,False,True,False,False,62.2511,73.5621,6.98,186.65,0.43759801079160826,1.8038715391356541,1.3693623362781608,0.09450883175190829,1.6853690292654286,1.5800334649363392,0.1856382230423031,1.2812834805086086,1.0956452574794724,0.1856382230423031,1.2812834805086086,1.0956452574794724,0.20972456448788618,0.10629179387220467,0.09450883175190829,0.43759801079160826,0.2090585826828689,0.18874957853636598,-0.17358988718353127,0.4635326225586882,-0.10644334867550753,15,0,0,0.0,0.0,7.25,2.3,4.0,1.7000000000000002,2.5,0,0,0,0.0,1.0,0,0,0,0,1,0,0,0,0,0,0,1,0,0,1,0,0,0,0,0,0,1,0,0,0.0
2018-06-16,1.9355409945470157,1.6063673560186116,0.33115466211610073,False,False,False,False,62.6851,72.5329,6.98,186.65,0.33115466211610073,1.9355409945470157,1.6063673560186116,0.43759801079160826,1.8038715391356541,1.3693623362781608,0.09450883175190829,1.6853690292654286,1.5800334649363392,0.1856382230423031,1.2812834805086086,1.0956452574794724,0.2294020566898329,0.11514948450575685,0.09450883175190829,0.43759801079160826,0.19960301407982692,0.17803239785656896,-0.17358988718353127,0.4635326225586882,0.0,16,0,0,0.0,0.0,7.25,2.3,4.0,1.7000000000000002,2.5,0,0,0,0.0,1.0,0,0,0,0,1,0,0,0,0,0,0,1,0,0,1,0,0,0,0,0,0,0,1,0,0.33115466211610073
2018-06-17,1.9355409945470157,1.6063673560186116,0.33115466211610073,False,False,False,False,62.6851,72.5329,6.98,186.65,0.33115466211610073,1.9355409945470157,1.6063673560186116,0.33115466211610073,1.9355409945470157,1.6063673560186116,0.43759801079160826,1.8038715391356541,1.3693623362781608,0.1856382230423031,1.2812834805086086,1.0956452574794724,0.25019011941466107,0.11900261720104768,0.09450883175190829,0.43759801079160826,0.190147445476785,0.16604847297563782,-0.17358988718353127,0.4635326225586882,0.0,17,0,0,0.0,0.0,7.25,2.3,4.0,1.7000000000000002,2.5,0,0,0,0.0,1.0,0,0,0,0,1,0,0,0,0,0,0,1,0,0,1,0,0,0,0,0,0,0,0,1,0.33115466211610073
2018-06-18,1.7775376480533818,1.975041831170424,-0.19708534859667298,False,True,False,False,62.6851,72.5329,7.01,74.6,0.33115466211610073,1.9355409945470157,1.6063673560186116,0.33115466211610073,1.9355409945470157,1.6063673560186116,0.33115466211610073,1.9355409945470157,1.6063673560186116,0.09450883175190829,1.6853690292654286,1.5800334649363392,0.2709781821394893,0.11855592378762321,0.09450883175190829,0.43759801079160826,0.18069187687374302,0.15249946055839078,-0.17358988718353127,0.43759801079160826,-0.5282400107127737,18,0,0,0.0,0.0,7.25,2.3,4.0,1.7000000000000002,2.5,0,0,0,0.0,0.0,0,0,0,0,1,0,0,0,0,0,0,1,0,0,1,0,0,0,0,0,0,0,0,0,-0.0
2018-06-19,1.6853690292654286,1.2149362597712148,0.47107766936978956,False,True,False,False,63.4838,73.4825,7.0,108.2,-0.19708534859667298,1.7775376480533818,1.975041831170424,0.33115466211610073,1.9355409945470157,1.6063673560186116,0.33115466211610073,1.9355409945470157,1.6063673560186116,0.43759801079160826,1.8038715391356541,1.3693623362781608,0.21630338619106418,0.21416826305240308,-0.19708534859667298,0.43759801079160826,0.17901362962994716,0.1567677713309711,-0.19708534859667298,0.43759801079160826,0.6681630179664626,19,0,0,0.0,0.0,7.25,2.3,4.0,1.7000000000000002,2.5,0,0,0,0.0,1.0,0,0,0,0,1,0,0,0,0,0,0,1,0,0,1,0,0,0,1,0,0,0,0,0,0.0
2018-06-20,1.7775376480533818,1.4088631729015693,0.36351463375826826,False,True,False,False,64.0683,74.1847,6.99,180.8,0.47107766936978956,1.6853690292654286,1.2149362597712148,-0.19708534859667298,1.7775376480533818,1.975041831170424,0.33115466211610073,1.9355409945470157,1.6063673560186116,0.33115466211610073,1.9355409945470157,1.6063673560186116,0.25708044995213364,0.23364448421650244,-0.19708534859667298,0.47107766936978956,0.20859767034772453,0.17043533860789453,-0.19708534859667298,0.47107766936978956,-0.10756303561152131,20,0,0,0.0,0.0,7.25,2.3,4.0,1.7000000000000002,2.5,0,0,0,0.0,1.0,0,0,0,0,1,0,0,0,0,0,0,1,0,0,1,0,0,0,0,1,0,0,0,0,0.0
2018-06-21,3.041564420002453,2.1593790687463303,0.8800873815046858,False,True,False,False,63.6175,73.6118,6.96,178.55,0.36351463375826826,1.7775376480533818,1.4088631729015693,0.47107766936978956,1.6853690292654286,1.2149362597712148,-0.19708534859667298,1.7775376480533818,1.975041831170424,0.33115466211610073,1.9355409945470157,1.6063673560186116,0.2955098502387565,0.2243878497981729,-0.19708534859667298,0.47107766936978956,0.23127371950929226,0.16825011560698405,-0.19708534859667298,0.47107766936978956,0.5165727477464175,21,0,0,0.0,0.0,7.25,2.3,4.0,1.7000000000000002,2.5,0,0,0,0.0,1.0,0,0,0,0,1,0,0,0,0,0,0,1,0,0,1,0,0,0,0,0,1,0,0,0,0.0
2018-06-22,1.9092071034647433,1.8960401579236073,0.016932829836987864,False,True,False,False,63.7873,73.6871,6.96,157.0,0.8800873815046858,3.041564420002453,2.1593790687463303,0.36351463375826826,1.7775376480533818,1.4088631729015693,0.47107766936978956,1.6853690292654286,1.2149362597712148,0.33115466211610073,1.9355409945470157,1.6063673560186116,0.3587226174834819,0.3150847266780818,-0.19708534859667298,0.8800873815046858,0.28422359098568395,0.2387724136671876,-0.19708534859667298,0.8800873815046858,-0.863154551667698,22,0,0,0.0,0.0,7.25,2.3,4.0,1.7000000000000002,2.5,0,0,0,0.0,0.0,0,0,0,0,1,0,0,0,0,0,0,1,0,0,1,0,0,0,0,0,0,1,0,0,0.0
2018-06-23,1.9092071034647433,1.8960401579236073,0.016932829836987864,False,False,False,False,63.2396,73.7247,6.96,157.0,0.016932829836987864,1.9092071034647433,1.8960401579236073,0.8800873815046858,3.041564420002453,2.1593790687463303,0.36351463375826826,1.7775376480533818,1.4088631729015693,-0.19708534859667298,1.7775376480533818,1.975041831170424,0.31383378430075143,0.3409852209112974,-0.19708534859667298,0.8800873815046858,0.2716179204952921,0.24839987244004227,-0.19708534859667298,0.8800873815046858,0.0,23,0,0,0.0,0.0,7.25,2.3,4.0,1.7000000000000002,2.5,0,0,0,0.0,0.0,0,0,0,0,1,0,0,0,0,0,0,1,0,0,1,0,0,0,0,0,0,0,1,0,0.016932829836987864
2018-06-24,1.9092071034647433,1.8960401579236073,0.016932829836987864,False,False,False,False,63.2396,73.7247,6.96,157.0,0.016932829836987864,1.9092071034647433,1.8960401579236073,0.016932829836987864,1.9092071034647433,1.8960401579236073,0.8800873815046858,3.041564420002453,2.1593790687463303,0.47107766936978956,1.6853690292654286,1.2149362597712148,0.2689449511180211,0.35855511845489163,-0.19708534859667298,0.8800873815046858,0.259567535266341,0.25684048899270834,-0.19708534859667298,0.8800873815046858,0.0,24,0,0,0.0,0.0,7.25,2.3,4.0,1.7000000000000002,2.5,0,0,0,0.0,0.0,0,0,0,0,1,0,0,0,0,0,0,1,0,0,1,0,0,0,0,0,0,0,0,1,0.016932829836987864
2018-06-25,1.8433723757590625,2.198879905369739,-0.3495210262030209,False,True,False,False,63.2396,73.7247,7.11,90.64,0.016932829836987864,1.9092071034647433,1.8960401579236073,0.016932829836987864,1.9092071034647433,1.8960401579236073,0.016932829836987864,1.9092071034647433,1.8960401579236073,0.36351463375826826,1.7775376480533818,1.4088631729015693,0.22405611793529068,0.36898637001470236,-0.19708534859667298,0.8800873815046858,0.24751715003738992,0.264421657775944,-0.19708534859667298,0.8800873815046858,-0.36645385604000874,25,0,0,0.0,0.0,7.25,2.3,4.0,1.7000000000000002,2.5,1,1,1,0.0,0.0,0,0,0,0,1,0,0,0,0,0,0,1,0,0,1,0,0,0,0,0,0,0,0,0,-0.0
2018-06-26,2.0935443410406496,1.724869865888837,0.3721901008570479,False,True,False,False,62.9497,73.3112,7.27,94.25,-0.3495210262030209,1.8433723757590625,2.198879905369739,0.016932829836987864,1.9092071034647433,1.8960401579236073,0.016932829836987864,1.9092071034647433,1.8960401579236073,0.8800873815046858,3.041564420002453,2.1593790687463303,0.20227959256295527,0.40108534702393983,-0.3495210262030209,0.8800873815046858,0.20929148937700964,0.3089826154848568,-0.3495210262030209,0.8800873815046858,0.7217111270600688,26,0,0,0.0,0.0,7.25,2.3,4.0,1.7000000000000002,2.5,1,0,1,0.0,1.0,0,0,0,0,1,0,0,0,0,0,0,1,0,0,1,0,0,0,1,0,0,0,0,0,0.0
2018-06-27,1.5800334649363392,1.6590351381831563,-0.0722265659199499,False,True,False,False,62.7908,73.4087,7.21,218.5,0.3721901008570479,2.0935443410406496,1.724869865888837,-0.3495210262030209,1.8433723757590625,2.198879905369739,0.016932829836987864,1.9092071034647433,1.8960401579236073,0.016932829836987864,1.9092071034647433,1.8960401579236073,0.18815279706113502,0.39167098093926106,-0.3495210262030209,0.8800873815046858,0.22261662350663428,0.3118929782614082,-0.3495210262030209,0.8800873815046858,-0.4444166667769978,27,0,0,0.0,0.0,7.25,2.3,4.0,1.7000000000000002,2.5,1,0,1,0.0,0.0,0,0,0,0,1,0,0,0,0,0,0,1,0,0,1,0,0,0,0,1,0,0,0,0,-0.0
2018-06-28,2.0013757222526967,1.9355409945470157,0.0612794161878467,False,True,False,False,63.1359,73.6038,7.13,224.35,-0.0722265659199499,1.5800334649363392,1.6590351381831563,0.3721901008570479,2.0935443410406496,1.724869865888837,-0.3495210262030209,1.8433723757590625,2.198879905369739,0.016932829836987864,1.9092071034647433,1.8960401579236073,0.125904054249961,0.39377621412954417,-0.3495210262030209,0.8800873815046858,0.2107069522443587,0.32023298307313425,-0.3495210262030209,0.8800873815046858,0.1335059821077966,28,0,0,0.0,0.0,7.25,2.3,4.0,1.7000000000000002,2.5,1,0,1,0.0,0.0,0,0,0,0,1,0,0,0,0,0,0,1,0,0,1,0,0,0,0,0,1,0,0,0,0.0
2018-06-29,1.8170384846767902,1.461530955066114,0.36203958764461924,False,True,False,True,63.291,73.0884,7.16,105.65,0.0612794161878467,2.0013757222526967,1.9355409945470157,-0.0722265659199499,1.5800334649363392,1.6590351381831563,0.3721901008570479,2.0935443410406496,1.724869865888837,0.016932829836987864,1.9092071034647433,1.8960401579236073,0.008931487776126837,0.21211790136168096,-0.3495210262030209,0.3721901008570479,0.1838270526298043,0.3154816531127904,-0.3495210262030209,0.8800873815046858,0.30076017145677253,29,0,0,0.0,0.0,7.25,2.3,4.0,1.7000000000000002,2.5,1,0,1,0.0,1.0,0,0,0,0,1,0,0,0,0,0,0,1,0,0,1,0,0,0,0,0,0,1,0,0,0.0
2018-06-30,1.8170384846767902,1.461530955066114,0.36203958764461924,False,False,False,False,62.7565,72.9921,7.16,105.65,0.36203958764461924,1.8170384846767902,1.461530955066114,0.0612794161878467,2.0013757222526967,1.9355409945470157,-0.0722265659199499,1.5800334649363392,1.6590351381831563,-0.3495210262030209,1.8433723757590625,2.198879905369739,0.058232453177217036,0.25085561479999763,-0.3495210262030209,0.3721901008570479,0.18603311873898423,0.31669676151365683,-0.3495210262030209,0.8800873815046858,0.0,30,0,1,0.0,0.0,7.25,2.3,4.0,1.7000000000000002,2.5,1,0,0,0.0,1.0,0,0,0,0,1,0,0,0,0,0,0,1,0,0,1,0,0,0,0,0,0,0,1,0,0.36203958764461924
2018-07-01,1.8170384846767902,1.461530955066114,0.36203958764461924,False,False,False,False,62.7565,72.9921,7.16,105.65,0.36203958764461924,1.8170384846767902,1.461530955066114,0.36203958764461924,1.8170384846767902,1.461530955066114,0.0612794161878467,2.0013757222526967,1.9355409945470157,0.3721901008570479,2.0935443410406496,1.724869865888837,0.10753341857830723,0.27421106730613,-0.3495210262030209,0.3721901008570479,0.1882391848481641,0.3178907388915346,-0.3495210262030209,0.8800873815046858,0.0,1,1,0,0.0,1.0,7.25,2.5,4.0,1.5,2.5,0,0,0,0.0,1.0,0,0,0,0,0,1,0,0,0,0,0,0,1,0,1,0,0,0,0,0,0,0,0,1,0.36203958764461924
2018-07-02,1.487864846148386,1.4483640095249777,0.041448735770699824,False,True,True,False,62.7565,72.9921,7.01,195.83,0.36203958764461924,1.8170384846767902,1.461530955066114,0.36203958764461924,1.8170384846767902,1.461530955066114,0.36203958764461924,1.8170384846767902,1.461530955066114,-0.0722265659199499,1.5800334649363392,1.6590351381831563,0.15683438397939745,0.28597817040384443,-0.3495210262030209,0.3721901008570479,0.190445250957344,0.31906382247143333,-0.3495210262030209,0.8800873815046858,-0.32059085187391945,2,0,0,1.0,0.0,7.25,2.5,4.0,1.5,2.5,0,0,0,0.0,0.0,0,0,0,0,0,1,0,0,0,0,0,0,1,0,1,0,0,0,0,0,0,0,0,0,0.0
2018-07-03,1.2987419621856784,1.3430284451958885,-0.041791681784092295,False,True,False,False,63.1394,73.469,6.72,227.75,0.041448735770699824,1.487864846148386,1.4483640095249777,0.36203958764461924,1.8170384846767902,1.461530955066114,0.36203958764461924,1.8170384846767902,1.461530955066114,0.0612794161878467,2.0013757222526967,1.9355409945470157,0.2126872071185004,0.19398555148449523,-0.0722265659199499,0.3721901008570479,0.20748339984072778,0.30272838971782623,-0.3495210262030209,0.8800873815046858,-0.08324041755479211,3,0,0,0.0,0.0,7.25,2.5,4.0,1.5,2.5,0,0,0,0.0,0.0,0,0,0,0,0,1,0,0,0,0,0,0,1,0,1,0,0,0,1,0,0,0,0,0,-0.0
2018-07-04,1.5273656827717947,1.0063622690426886,0.5153954449296057,False,True,False,False,63.2194,73.7012,7.02,138.45,-0.041791681784092295,1.2987419621856784,1.3430284451958885,0.041448735770699824,1.487864846148386,1.4483640095249777,0.36203958764461924,1.8170384846767902,1.461530955066114,0.36203958764461924,1.8170384846767902,1.461530955066114,0.15354695245548036,0.20025721328803708,-0.0722265659199499,0.36203958764461924,0.17084987475830762,0.29938990892838746,-0.3495210262030209,0.8800873815046858,0.557187126713698,4,0,0,0.0,0.0,7.25,2.5,4.0,1.5,2.5,0,0,0,0.0,1.0,0,0,0,0,0,1,0,0,0,0,0,0,1,0,1,0,0,0,0,1,0,0,0,0,0.0
2018-07-05,1.7380368114299731,1.2265607501519855,0.5117186182324842,False,True,False,False,63.2267,73.7097,7.0,131.7,0.5153954449296057,1.5273656827717947,1.0063622690426886,-0.041791681784092295,1.2987419621856784,1.3430284451958885,0.041448735770699824,1.487864846148386,1.4483640095249777,0.36203958764461924,1.8170384846767902,1.461530955066114,0.23749295400541687,0.21262245119615386,-0.041791681784092295,0.5153954449296057,0.18169850412768887,0.30948970037806517,-0.3495210262030209,0.8800873815046858,-0.003676826697121438,5,0,0,0.0,0.0,7.25,2.5,4.0,1.5,2.5,0,0,0,0.0,1.0,0,0,0,0,0,1,0,0,0,0,0,0,1,0,1,0,0,0,0,0,1,0,0,0,0.0
2018-07-06,1.5010317916895224,1.2596643842026751,0.24234282431906928,False,True,False,False,63.2604,73.9641,6.73,137.4,0.5117186182324842,1.7380368114299731,1.2265607501519855,0.5153954449296057,1.5273656827717947,1.0063622690426886,-0.041791681784092295,1.2987419621856784,1.3430284451958885,0.36203958764461924,1.8170384846767902,1.461530955066114,0.3018414114403651,0.2184846587698839,-0.041791681784092295,0.5153954449296057,0.1553864496082459,0.2567045717444803,-0.3495210262030209,0.5153954449296057,-0.26937579391341493,6,0,0,0.0,0.0,7.25,2.5,4.0,1.5,2.5,0,0,0,0.0,1.0,0,0,0,0,0,1,0,0,0,0,0,0,1,0,1,0,0,0,0,0,0,1,0,0,0.0
2018-07-07,1.5010317916895224,1.2596643842026751,0.24234282431906928,False,False,False,False,63.1216,73.9028,6.73,137.4,0.24234282431906928,1.5010317916895224,1.2596643842026751,0.5117186182324842,1.7380368114299731,1.2265607501519855,0.5153954449296057,1.5273656827717947,1.0063622690426886,0.041448735770699824,1.487864846148386,1.4483640095249777,0.2847418738224294,0.21767053806561162,-0.041791681784092295,0.5153954449296057,0.17148716349982315,0.2544113609362039,-0.3495210262030209,0.5153954449296057,0.0,7,0,0,0.0,0.0,7.25,2.5,4.0,1.5,2.5,0,0,0,0.0,1.0,0,0,0,0,0,1,0,0,0,0,0,0,1,0,1,0,0,0,0,0,0,0,1,0,0.24234282431906928
2018-07-08,1.5010317916895224,1.2596643842026751,0.24234282431906928,False,False,False,False,63.1216,73.9028,6.73,137.4,0.24234282431906928,1.5010317916895224,1.2596643842026751,0.24234282431906928,1.5010317916895224,1.2596643842026751,0.5117186182324842,1.7380368114299731,1.2265607501519855,-0.041791681784092295,1.2987419621856784,1.3430284451958885,0.2676423362044936,0.21527453881809389,-0.041791681784092295,0.5153954449296057,0.18758787739140037,0.2509874419538616,-0.3495210262030209,0.5153954449296057,0.0,8,0,0,0.0,0.0,7.25,2.5,4.0,1.5,2.5,0,0,0,0.0,1.0,0,0,0,0,0,1,0,0,0,0,0,0,1,0,1,0,0,0,0,0,0,0,0,1,0.24234282431906928
2018-07-09,1.5668665193952032,1.5800334649363392,-0.016240668250581007,False,True,False,False,63.1216,73.9028,6.64,142.6,0.24234282431906928,1.5010317916895224,1.2596643842026751,0.24234282431906928,1.5010317916895224,1.2596643842026751,0.24234282431906928,1.5010317916895224,1.2596643842026751,0.5153954449296057,1.5273656827717947,1.0063622690426886,0.250542798586558,0.2112428410207149,-0.041791681784092295,0.5153954449296057,0.20368859128297762,0.2463856803670048,-0.3495210262030209,0.5153954449296057,-0.2585834925696503,9,0,0,0.0,0.0,7.25,2.5,4.0,1.5,2.5,0,0,0,0.0,0.0,0,0,0,0,0,1,0,0,0,0,0,0,1,0,1,0,0,0,0,0,0,0,0,0,-0.0
2018-07-10,1.5932004104774755,1.5536995738540669,0.036822739256931886,False,True,False,False,62.8338,73.9365,7.03,104.85,-0.016240668250581007,1.5668665193952032,1.5800334649363392,0.24234282431906928,1.5010317916895224,1.2596643842026751,0.24234282431906928,1.5010317916895224,1.2596643842026751,0.5117186182324842,1.7380368114299731,1.2265607501519855,0.24230145515494642,0.2216299017795638,-0.041791681784092295,0.5153954449296057,0.22749433113672332,0.2006855094590787,-0.0722265659199499,0.5153954449296057,0.05306340750751289,10,0,0,0.0,0.0,7.25,2.5,4.0,1.5,2.5,0,0,0,0.0,0.0,0,0,0,0,0,1,0,0,0,0,0,0,1,0,1,0,0,0,1,0,0,0,0,0,0.0
2018-07-11,2.2515476875342837,1.4088631729015693,0.8370300914141476,False,True,False,False,62.4442,73.347,7.06,94.3,0.036822739256931886,1.5932004104774755,1.5536995738540669,-0.016240668250581007,1.5668665193952032,1.5800334649363392,0.24234282431906928,1.5010317916895224,1.2596643842026751,0.24234282431906928,1.5010317916895224,1.2596643842026751,0.2535320867322356,0.20629613940836544,-0.016240668250581007,0.5153954449296057,0.20353951959385788,0.20209591904289628,-0.0722265659199499,0.5153954449296057,0.8002073521572157,11,0,0,0.0,0.0,7.25,2.5,4.0,1.5,2.5,0,0,0,0.0,1.0,0,0,0,0,0,1,0,0,0,0,0,0,1,0,1,0,0,0,0,1,0,0,0,0,0.0
2018-07-12,1.6195343015597479,1.5010317916895224,0.11491397359975224,False,True,False,False,62.098,72.8472,7.09,99.0,0.8370300914141476,2.2515476875342837,1.4088631729015693,0.036822739256931886,1.5932004104774755,1.5536995738540669,-0.016240668250581007,1.5668665193952032,1.5800334649363392,0.24234282431906928,1.5010317916895224,1.2596643842026751,0.29947989337288444,0.29225208278828335,-0.016240668250581007,0.8370300914141476,0.2684864236891506,0.24762966334101724,-0.041791681784092295,0.8370300914141476,-0.7221161178143954,12,0,0,0.0,0.0,7.25,2.5,4.0,1.5,2.5,0,0,0,0.0,0.0,0,0,0,0,0,1,0,0,0,0,0,0,1,0,1,0,0,0,0,0,1,0,0,0,0.0
2018-07-13,1.4351970639838416,1.4483640095249777,-0.009242535945269238,False,True,False,False,62.2062,72.6817,7.13,188.3,0.11491397359975224,1.6195343015597479,1.5010317916895224,0.8370300914141476,2.2515476875342837,1.4088631729015693,0.036822739256931886,1.5932004104774755,1.5536995738540669,0.24234282431906928,1.5010317916895224,1.2596643842026751,0.2427935155682084,0.28254603276159856,-0.016240668250581007,0.8370300914141476,0.2723174635042867,0.24457343234338483,-0.041791681784092295,0.8370300914141476,-0.12415650954502147,13,0,0,0.0,0.0,7.25,2.5,4.0,1.5,2.5,0,0,0,0.0,0.0,0,0,0,0,0,1,0,0,0,0,0,0,1,0,1,0,0,0,0,0,0,1,0,0,-0.0
2018-07-14,1.4351970639838416,1.4483640095249777,-0.009242535945269238,False,False,False,False,62.2934,72.4659,7.13,188.3,-0.009242535945269238,1.4351970639838416,1.4483640095249777,0.11491397359975224,1.6195343015597479,1.5010317916895224,0.8370300914141476,2.2515476875342837,1.4088631729015693,-0.016240668250581007,1.5668665193952032,1.5800334649363392,0.2068527498161601,0.2981815334702187,-0.016240668250581007,0.8370300914141476,0.24579731181929465,0.2540426440582165,-0.041791681784092295,0.8370300914141476,0.0,14,0,0,0.0,0.0,7.25,2.5,4.0,1.5,2.5,0,0,0,0.0,0.0,0,0,0,0,0,1,0,0,0,0,0,0,1,0,1,0,0,0,0,0,0,0,1,0,-0.009242535945269238
2018-07-15,1.4351970639838416,1.4483640095249777,-0.009242535945269238,False,False,False,False,62.2934,72.4659,7.13,188.3,-0.009242535945269238,1.4351970639838416,1.4483640095249777,-0.009242535945269238,1.4351970639838416,1.4483640095249777,0.11491397359975224,1.6195343015597479,1.5010317916895224,0.036822739256931886,1.5932004104774755,1.5536995738540669,0.1709119840641117,0.3081852305719439,-0.016240668250581007,0.8370300914141476,0.21927716013430262,0.26027740290584606,-0.041791681784092295,0.8370300914141476,0.0,15,0,0,0.0,0.0,7.25,2.5,4.0,1.5,2.5,0,0,0,0.0,0.0,0,0,0,0,0,1,0,0,0,0,0,0,1,0,1,0,0,0,0,0,0,0,0,1,-0.009242535945269238
2018-07-16,1.7775376480533818,1.3430284451958885,0.4399429428020123,False,True,False,False,62.2934,72.4659,7.14,115.0,-0.009242535945269238,1.4351970639838416,1.4483640095249777,-0.009242535945269238,1.4351970639838416,1.4483640095249777,-0.009242535945269238,1.4351970639838416,1.4483640095249777,0.8370300914141476,2.2515476875342837,1.4088631729015693,0.13497121831206335,0.31309741127868107,-0.016240668250581007,0.8370300914141476,0.1927570084493106,0.2635073968566945,-0.041791681784092295,0.8370300914141476,0.44918547874728154,16,0,0,0.0,0.0,7.25,2.5,4.0,1.5,2.5,0,0,0,0.0,1.0,0,0,0,0,0,1,0,0,0,0,0,0,1,0,1,0,0,0,0,0,0,0,0,0,0.0
2018-07-17,1.7775376480533818,1.4088631729015693,0.3753813310371215,False,True,False,False,62.2556,72.7955,7.19,130.65,0.4399429428020123,1.7775376480533818,1.3430284451958885,-0.009242535945269238,1.4351970639838416,1.4483640095249777,-0.009242535945269238,1.4351970639838416,1.4483640095249777,0.11491397359975224,1.6195343015597479,1.5010317916895224,0.20014030560529097,0.32367514121069557,-0.009242535945269238,0.8370300914141476,0.2212208803801186,0.2673997197028642,-0.041791681784092295,0.8370300914141476,-0.06456161176489078,17,0,0,0.0,0.0,7.25,2.5,4.0,1.5,2.5,0,0,0,0.0,1.0,0,0,0,0,0,1,0,0,0,0,0,0,1,0,1,0,0,0,1,0,0,0,0,0,0.0
2018-07-18,1.3430284451958885,1.2274806338508553,0.11427892993343003,False,True,False,False,62.4352,73.2427,7.05,218.2,0.3753813310371215,1.7775376480533818,1.4088631729015693,0.4399429428020123,1.7775376480533818,1.3430284451958885,-0.009242535945269238,1.4351970639838416,1.4483640095249777,-0.009242535945269238,1.4351970639838416,1.4483640095249777,0.24850581871674665,0.3204829199123541,-0.009242535945269238,0.8370300914141476,0.25101895272449104,0.2589465071485489,-0.016240668250581007,0.8370300914141476,-0.2611024011036915,18,0,0,0.0,0.0,7.25,2.5,4.0,1.5,2.5,0,0,0,0.0,0.0,0,0,0,0,0,1,0,0,0,0,0,0,1,0,1,0,0,0,0,1,0,0,0,0,0.0
2018-07-19,1.185866174703319,1.3693623362781608,-0.1814163251959675,False,True,False,False,62.9006,73.1345,7.09,133.5,0.11427892993343003,1.3430284451958885,1.2274806338508553,0.3753813310371215,1.7775376480533818,1.4088631729015693,0.4399429428020123,1.7775376480533818,1.3430284451958885,-0.009242535945269238,1.4351970639838416,1.4483640095249777,0.14525565279092983,0.1885416278110193,-0.009242535945269238,0.4399429428020123,0.22236777308190706,0.24946145982759488,-0.016240668250581007,0.8370300914141476,-0.29569525512939754,19,0,0,0.0,0.0,7.25,2.5,4.0,1.5,2.5,0,0,0,0.0,0.0,0,0,0,0,0,1,0,0,0,0,0,0,1,0,1,0,0,0,0,0,1,0,0,0,-0.0
2018-07-20,1.4483640095249777,1.5668665193952032,-0.115704661846443,False,True,False,False,63.2746,73.4808,7.01,209.75,-0.1814163251959675,1.185866174703319,1.3693623362781608,0.11427892993343003,1.3430284451958885,1.2274806338508553,0.3753813310371215,1.7775376480533818,1.4088631729015693,-0.009242535945269238,1.4351970639838416,1.4483640095249777,0.10292275296296986,0.2260299078133233,-0.1814163251959675,0.4399429428020123,0.17285813426558908,0.25630571963720666,-0.1814163251959675,0.8370300914141476,0.06571166334952451,20,0,0,0.0,0.0,7.25,2.5,4.0,1.5,2.5,0,0,0,0.0,0.0,0,0,0,0,0,1,0,0,0,0,0,0,1,0,1,0,0,0,0,0,0,1,0,0,-0.0
2018-07-21,1.4483640095249777,1.5668665193952032,-0.115704661846443,False,False,False,False,63.4888,73.9327,7.01,209.75,-0.115704661846443,1.4483640095249777,1.5668665193952032,-0.1814163251959675,1.185866174703319,1.3693623362781608,0.11427892993343003,1.3430284451958885,1.2274806338508553,0.4399429428020123,1.7775376480533818,1.3430284451958885,0.08771387783423076,0.23809481327411142,-0.1814163251959675,0.4399429428020123,0.14728331382519536,0.2664997402111668,-0.1814163251959675,0.8370300914141476,0.0,21,0,0,0.0,0.0,7.25,2.5,4.0,1.5,2.5,0,0,0,0.0,0.0,0,0,0,0,0,1,0,0,0,0,0,0,1,0,1,0,0,0,0,0,0,0,1,0,-0.115704661846443
2018-07-22,1.4483640095249777,1.5668665193952032,-0.115704661846443,False,False,False,False,63.4888,73.9327,7.01,209.75,-0.115704661846443,1.4483640095249777,1.5668665193952032,-0.115704661846443,1.4483640095249777,1.5668665193952032,-0.1814163251959675,1.185866174703319,1.3693623362781608,0.3753813310371215,1.7775376480533818,1.4088631729015693,0.07250500270549164,0.24849353699921087,-0.1814163251959675,0.4399429428020123,0.12170849338480162,0.27375688464384795,-0.1814163251959675,0.8370300914141476,0.0,22,0,0,0.0,0.0,7.25,2.5,4.0,1.5,2.5,0,0,0,0.0,0.0,0,0,0,0,0,1,0,0,0,0,0,0,1,0,1,0,0,0,0,0,0,0,0,1,-0.115704661846443
2018-07-23,1.975041831170424,1.4351970639838416,0.5434331918145245,False,True,False,False,63.4888,73.9327,6.76,148.3,-0.115704661846443,1.4483640095249777,1.5668665193952032,-0.115704661846443,1.4483640095249777,1.5668665193952032,-0.115704661846443,1.4483640095249777,1.5668665193952032,0.11427892993343003,1.3430284451958885,1.2274806338508553,0.05729612757675253,0.2574280728536265,-0.1814163251959675,0.4399429428020123,0.09613367294440789,0.2783069941460392,-0.1814163251959675,0.8370300914141476,0.6591378536609676,23,0,0,0.0,0.0,7.25,2.5,4.0,1.5,2.5,0,0,0,0.0,1.0,0,0,0,0,0,1,0,0,0,0,0,0,1,0,1,0,0,0,0,0,0,0,0,0,0.0
2018-07-24,2.1067112865817856,1.632701247100884,0.46993354622871963,False,True,False,False,63.1957,74.1286,6.8,163.5,0.5434331918145245,1.975041831170424,1.4351970639838416,-0.115704661846443,1.4483640095249777,1.5668665193952032,-0.115704661846443,1.4483640095249777,1.5668665193952032,-0.1814163251959675,1.185866174703319,1.3693623362781608,0.07208044886425428,0.284603789823371,-0.1814163251959675,0.5434331918145245,0.13611037723477254,0.30025465211247776,-0.1814163251959675,0.8370300914141476,-0.0734996455858049,24,0,0,0.0,0.0,7.25,2.5,4.0,1.5,2.5,0,0,0,0.0,1.0,0,0,0,0,0,1,0,0,0,0,0,0,1,0,1,0,0,0,1,0,0,0,0,0,0.0
2018-07-25,1.5800334649363392,2.225213796452011,-0.6492749158218539,False,True,False,False,62.9235,73.5261,7.0,118.1,0.46993354622871963,2.1067112865817856,1.632701247100884,0.5434331918145245,1.975041831170424,1.4351970639838416,-0.115704661846443,1.4483640095249777,1.5668665193952032,-0.115704661846443,1.4483640095249777,1.5668665193952032,0.08558790817733973,0.3030441125334038,-0.1814163251959675,0.5434331918145245,0.1670468634470431,0.31134547668652585,-0.1814163251959675,0.8370300914141476,-1.1192084620505736,25,0,0,0.0,0.0,7.25,2.5,4.0,1.5,2.5,1,1,1,1.0,0.0,0,0,0,0,0,1,0,0,0,0,0,0,1,0,1,0,0,0,0,1,0,0,0,0,-0.0
2018-07-26,1.64586819264202,2.027709613334969,-0.37927926418075336,False,True,False,False,63.0836,73.751,7.19,198.05,-0.6492749158218539,1.5800334649363392,2.225213796452011,0.46993354622871963,2.1067112865817856,1.632701247100884,0.5434331918145245,1.975041831170424,1.4351970639838416,-0.115704661846443,1.4483640095249777,1.5668665193952032,-0.02349121264484368,0.40965978120432,-0.6492749158218539,0.5434331918145245,0.060882220073042996,0.318636368174468,-0.6492749158218539,0.5434331918145245,0.26999565164110056,26,0,0,0.0,0.0,7.25,2.5,4.0,1.5,2.5,1,0,1,0.0,0.0,0,0,0,0,0,1,0,0,0,0,0,0,1,0,1,0,0,0,0,0,1,0,0,0,-0.0
2018-07-27,1.5010317916895224,1.5405326283129308,-0.04278817108812699,False,True,False,False,62.9471,73.8181,7.71,18.0,-0.37927926418075336,1.64586819264202,2.027709613334969,-0.6492749158218539,1.5800334649363392,2.225213796452011,0.46993354622871963,2.1067112865817856,1.632701247100884,-0.115704661846443,1.4483640095249777,1.5668665193952032,-0.05175734678552737,0.4287537743439017,-0.6492749158218539,0.5434331918145245,0.025582703088721178,0.33891871907868326,-0.6492749158218539,0.5434331918145245,0.33649109309262637,27,0,0,0.0,0.0,7.25,2.5,4.0,1.5,2.5,1,0,1,0.0,0.0,0,0,0,0,0,1,0,0,0,0,0,0,1,0,1,0,0,0,0,0,0,1,0,0,-0.0
2018-07-28,1.5010317916895224,1.5405326283129308,-0.04278817108812699,False,False,False,False,62.9726,73.3442,7.71,18.0,-0.04278817108812699,1.5010317916895224,1.5405326283129308,-0.37927926418075336,1.64586819264202,2.027709613334969,-0.6492749158218539,1.5800334649363392,2.225213796452011,0.5434331918145245,1.975041831170424,1.4351970639838416,-0.041340705248625084,0.42782598412354544,-0.6492749158218539,0.5434331918145245,0.023186586292802763,0.33930223374849033,-0.6492749158218539,0.5434331918145245,0.0,28,0,0,0.0,0.0,7.25,2.5,4.0,1.5,2.5,1,0,0,0.0,0.0,0,0,0,0,0,1,0,0,0,0,0,0,1,0,1,0,0,0,0,0,0,0,1,0,-0.04278817108812699
2018-07-29,1.5010317916895224,1.5405326283129308,-0.04278817108812699,False,False,False,False,62.9726,73.3442,7.71,18.0,-0.04278817108812699,1.5010317916895224,1.5405326283129308,-0.04278817108812699,1.5010317916895224,1.5405326283129308,-0.37927926418075336,1.64586819264202,2.027709613334969,0.46993354622871963,2.1067112865817856,1.632701247100884,-0.030924063711722797,0.42659953670817885,-0.6492749158218539,0.5434331918145245,0.020790469496884352,0.3396671127317544,-0.6492749158218539,0.5434331918145245,0.0,29,0,0,0.0,0.0,7.25,2.5,4.0,1.5,2.5,1,0,0,0.0,0.0,0,0,0,0,0,1,0,0,0,0,0,0,1,0,1,0,0,0,0,0,0,0,0,1,-0.04278817108812699
2018-07-30,1.882873212382471,1.5932004104774755,0.2930789293950707,False,True,False,False,62.9726,73.3442,7.72,134.35,-0.04278817108812699,1.5010317916895224,1.5405326283129308,-0.04278817108812699,1.5010317916895224,1.5405326283129308,-0.04278817108812699,1.5010317916895224,1.5405326283129308,-0.6492749158218539,1.5800334649363392,2.225213796452011,-0.020507422174820513,0.4250718469849532,-0.6492749158218539,0.5434331918145245,0.018394352700965944,0.34001341602408713,-0.6492749158218539,0.5434331918145245,0.3358671004831977,30,0,0,0.0,0.0,7.25,2.5,4.0,1.5,2.5,1,0,1,0.0,1.0,0,0,0,0,0,1,0,0,0,0,0,0,1,0,1,0,0,0,0,0,0,0,0,0,0.0
2018-07-31,2.1198782321229217,1.64586819264202,0.4741588397118078,False,True,False,True,62.7805,73.2021,7.74,166.7,0.2930789293950707,1.882873212382471,1.5932004104774755,-0.04278817108812699,1.5010317916895224,1.5405326283129308,-0.04278817108812699,1.5010317916895224,1.5405326283129308,-0.37927926418075336,1.64586819264202,2.027709613334969,-0.05627231680617107,0.37759544942603396,-0.6492749158218539,0.46993354622871963,0.007904066029041543,0.3280626531680763,-0.6492749158218539,0.5434331918145245,0.1810799103167371,31,0,1,0.0,0.0,7.25,2.5,4.0,1.5,2.5,1,0,1,0.0,1.0,0,0,0,0,0,1,0,0,0,0,0,0,1,0,1,0,0,0,1,0,0,0,0,0,0.0
2018-08-01,1.3166945541136161,1.124598384019866,0.19295395246015373,False,True,True,False,62.3497,73.0738,7.04,131.2,0.4741588397118078,2.1198782321229217,1.64586819264202,0.2930789293950707,1.882873212382471,1.5932004104774755,-0.04278817108812699,1.5010317916895224,1.5405326283129308,-0.04278817108812699,1.5010317916895224,1.5405326283129308,-0.05566870345144419,0.37857891991688775,-0.6492749158218539,0.4741588397118078,0.014959602362947704,0.3375002453139313,-0.6492749158218539,0.5434331918145245,-0.28120488725165405,1,1,0,0.0,1.0,7.25,3.1,4.0,0.8999999999999999,2.5,0,0,0,0.0,0.0,0,0,0,0,0,0,1,0,0,0,0,0,1,0,1,0,0,0,0,1,0,0,0,0,0.0
2018-08-02,1.5141987372306585,1.5405326283129308,-0.030019159845529178,False,True,False,False,62.559,73.1064,6.97,137.05,0.19295395246015373,1.3166945541136161,1.124598384019866,0.4741588397118078,2.1198782321229217,1.64586819264202,0.2930789293950707,1.882873212382471,1.5932004104774755,-0.04278817108812699,1.5010317916895224,1.5405326283129308,0.06464970630312832,0.27929710680543873,-0.37927926418075336,0.4741588397118078,0.020579246829142254,0.3399274738045697,-0.6492749158218539,0.5434331918145245,-0.2229731123056829,2,0,0,1.0,0.0,7.25,3.1,4.0,0.8999999999999999,2.5,0,0,0,0.0,0.0,0,0,0,0,0,0,1,0,0,0,0,0,1,0,1,0,0,0,0,0,1,0,0,0,-0.0
2018-08-03,1.4220301184427053,1.3693623362781608,0.053361274784309305,False,True,False,False,63.1358,73.4206,6.88,140.6,-0.030019159845529178,1.5141987372306585,1.5405326283129308,0.19295395246015373,1.3166945541136161,1.124598384019866,0.4741588397118078,2.1198782321229217,1.64586819264202,-0.04278817108812699,1.5010317916895224,1.5405326283129308,0.11454400692244607,0.20916676678442062,-0.04278817108812699,0.4741588397118078,0.03139333006845928,0.33538493417208753,-0.6492749158218539,0.5434331918145245,0.08338043462983849,3,0,0,0.0,0.0,7.25,3.1,4.0,0.8999999999999999,2.5,0,0,0,0.0,0.0,0,0,0,0,0,0,1,0,0,0,0,0,1,0,1,0,0,0,0,0,0,1,0,0,0.0
2018-08-04,1.4220301184427053,1.3693623362781608,0.053361274784309305,False,False,False,False,63.4549,73.4744,6.88,140.6,0.053361274784309305,1.4220301184427053,1.3693623362781608,-0.030019159845529178,1.5141987372306585,1.5405326283129308,0.19295395246015373,1.3166945541136161,1.124598384019866,0.2930789293950707,1.882873212382471,1.5932004104774755,0.1282796420470798,0.2000723438870242,-0.04278817108812699,0.4741588397118078,0.043469468399227294,0.33271410811881375,-0.6492749158218539,0.5434331918145245,0.0,4,0,0,0.0,0.0,7.25,3.1,4.0,0.8999999999999999,2.5,0,0,0,0.0,0.0,0,0,0,0,0,0,1,0,0,0,0,0,1,0,1,0,0,0,0,0,0,0,1,0,0.053361274784309305
2018-08-05,1.4220301184427053,1.3693623362781608,0.053361274784309305,False,False,False,False,63.4549,73.4744,6.88,140.6,0.053361274784309305,1.4220301184427053,1.3693623362781608,0.053361274784309305,1.4220301184427053,1.3693623362781608,-0.030019159845529178,1.5141987372306585,1.5405326283129308,0.4741588397118078,2.1198782321229217,1.64586819264202,0.14201527717171358,0.18938565067396376,-0.04278817108812699,0.4741588397118078,0.05554560672999532,0.3295454434745848,-0.6492749158218539,0.5434331918145245,0.0,5,0,0,0.0,0.0,7.25,3.1,4.0,0.8999999999999999,2.5,0,0,0,0.0,0.0,0,0,0,0,0,0,1,0,0,0,0,0,1,0,1,0,0,0,0,0,0,0,0,1,0.053361274784309305
2018-08-06,1.3561953907370246,1.5405326283129308,-0.19316543721387772,False,True,False,False,63.4549,73.4744,6.86,143.35,0.053361274784309305,1.4220301184427053,1.3693623362781608,0.053361274784309305,1.4220301184427053,1.3693623362781608,0.053361274784309305,1.4220301184427053,1.3693623362781608,0.19295395246015373,1.3166945541136161,1.124598384019866,0.15575091229634733,0.17681821740224363,-0.030019159845529178,0.4741588397118078,0.06762174506076334,0.3258644178033325,-0.6492749158218539,0.5434331918145245,-0.24652671199818701,6,0,0,0.0,0.0,7.25,3.1,4.0,0.8999999999999999,2.5,0,0,0,0.0,0.0,0,0,0,0,0,0,1,0,0,0,0,0,1,0,1,0,0,0,0,0,0,0,0,0,-0.0
2018-08-07,1.3298614996547522,1.3298614996547522,-0.007080606377286946,False,True,False,False,63.4975,73.4095,6.85,137.7,-0.19316543721387772,1.3561953907370246,1.5405326283129308,0.053361274784309305,1.4220301184427053,1.3693623362781608,0.053361274784309305,1.4220301184427053,1.3693623362781608,-0.030019159845529178,1.5141987372306585,1.5405326283129308,0.08628743135221184,0.20683951122105235,-0.19316543721387772,0.4741588397118078,0.015007557273020323,0.30169991806160235,-0.6492749158218539,0.4741588397118078,0.18608483083659078,7,0,0,0.0,0.0,7.25,3.1,4.0,0.8999999999999999,2.5,0,0,0,0.0,0.0,0,0,0,0,0,0,1,0,0,0,0,0,1,0,1,0,0,0,1,0,0,0,0,0,-0.0
2018-08-08,1.487864846148386,1.4483640095249777,0.03993042331100764,False,True,False,False,63.5425,73.5632,7.02,163.1,-0.007080606377286946,1.3298614996547522,1.3298614996547522,-0.19316543721387772,1.3561953907370246,1.5405326283129308,0.053361274784309305,1.4220301184427053,1.3693623362781608,0.053361274784309305,1.4220301184427053,1.3693623362781608,0.017538939053769742,0.11682206919529463,-0.19316543721387772,0.19295395246015373,-0.01906488219883729,0.27182773433005497,-0.6492749158218539,0.4741588397118078,0.04701102968829459,8,0,0,0.0,0.0,7.25,3.1,4.0,0.8999999999999999,2.5,0,0,0,0.0,0.0,0,0,0,0,0,0,1,0,0,0,0,0,1,0,1,0,0,0,0,1,0,0,0,0,0.0
2018-08-09,1.6853690292654286,1.6195343015597479,0.07541159320464684,False,True,False,False,63.595,73.8211,7.1,94.7,0.03993042331100764,1.487864846148386,1.4483640095249777,-0.007080606377286946,1.3298614996547522,1.3298614996547522,-0.19316543721387772,1.3561953907370246,1.5405326283129308,0.053361274784309305,1.4220301184427053,1.3693623362781608,-0.004321565110393986,0.0896940682255722,-0.19316543721387772,0.053361274784309305,0.03016407059636711,0.2024771640399981,-0.37927926418075336,0.4741588397118078,0.0354811698936392,9,0,0,0.0,0.0,7.25,3.1,4.0,0.8999999999999999,2.5,0,0,0,0.0,0.0,0,0,0,0,0,0,1,0,0,0,0,0,1,0,1,0,0,0,0,0,1,0,0,0,0.0
2018-08-10,1.7643707025122455,1.5932004104774755,0.16355085295571534,False,True,False,False,66.2856,76.825,7.15,119.5,0.07541159320464684,1.6853690292654286,1.6195343015597479,0.03993042331100764,1.487864846148386,1.4483640095249777,-0.007080606377286946,1.3298614996547522,1.3298614996547522,0.053361274784309305,1.4220301184427053,1.3693623362781608,0.010739971039631159,0.09343377004635608,-0.19316543721387772,0.07541159320464684,0.06264198898103855,0.16469017690621432,-0.19316543721387772,0.4741588397118078,0.0881392597510685,10,0,0,0.0,0.0,7.25,3.1,4.0,0.8999999999999999,2.5,0,0,0,0.0,0.0,0,0,0,0,0,0,1,0,0,0,0,0,1,0,1,0,0,0,0,0,0,1,0,0,0.0
2018-08-11,1.7643707025122455,1.5932004104774755,0.16355085295571534,False,False,False,False,66.9075,76.676,7.15,119.5,0.16355085295571534,1.7643707025122455,1.5932004104774755,0.07541159320464684,1.6853690292654286,1.6195343015597479,0.03993042331100764,1.487864846148386,1.4483640095249777,-0.19316543721387772,1.3561953907370246,1.5405326283129308,0.026481339349832024,0.10968080330029314,-0.19316543721387772,0.16355085295571534,0.07738049069845586,0.16375945279079115,-0.19316543721387772,0.4741588397118078,0.0,11,0,0,0.0,0.0,7.25,3.1,4.0,0.8999999999999999,2.5,0,0,0,0.0,0.0,0,0,0,0,0,0,1,0,0,0,0,0,1,0,1,0,0,0,0,0,0,0,1,0,0.16355085295571534
2018-08-12,1.7643707025122455,1.5932004104774755,0.16355085295571534,False,False,False,False,66.9075,76.676,7.15,119.5,0.16355085295571534,1.7643707025122455,1.5932004104774755,0.16355085295571534,1.7643707025122455,1.5932004104774755,0.07541159320464684,1.6853690292654286,1.6195343015597479,-0.007080606377286946,1.3298614996547522,1.3298614996547522,0.04222270766003289,0.12145661610415709,-0.19316543721387772,0.16355085295571534,0.09211899241587318,0.16138028544979388,-0.19316543721387772,0.4741588397118078,0.0,12,0,0,0.0,0.0,7.25,3.1,4.0,0.8999999999999999,2.5,0,0,0,0.0,0.0,0,0,0,0,0,0,1,0,0,0,0,0,1,0,1,0,0,0,0,0,0,0,0,1,0.16355085295571534
2018-08-13,1.4220301184427053,1.8038715391356541,-0.37159705862781156,False,True,False,False,66.9075,76.676,7.14,130.2,0.16355085295571534,1.7643707025122455,1.5932004104774755,0.16355085295571534,1.7643707025122455,1.5932004104774755,0.16355085295571534,1.7643707025122455,1.5932004104774755,0.03993042331100764,1.487864846148386,1.4483640095249777,0.05796407597023375,0.12998216159804515,-0.19316543721387772,0.16355085295571534,0.10685749413329049,0.15748704337167851,-0.19316543721387772,0.4741588397118078,-0.5351479115835269,13,0,0,0.0,0.0,7.25,3.1,4.0,0.8999999999999999,2.5,0,0,0,0.0,0.0,0,0,0,0,0,0,1,0,0,0,0,0,1,0,1,0,0,0,0,0,0,0,0,0,-0.0
2018-08-14,1.8302054302179263,1.5668665193952032,0.26145191132661316,False,True,False,False,68.2234,77.6519,7.18,94.5,-0.37159705862781156,1.4220301184427053,1.8038715391356541,0.16355085295571534,1.7643707025122455,1.5932004104774755,0.16355085295571534,1.7643707025122455,1.5932004104774755,0.07541159320464684,1.6853690292654286,1.6195343015597479,0.03247384433967177,0.1907357013457869,-0.37159705862781156,0.16355085295571534,0.05938063784594174,0.19317425464216806,-0.37159705862781156,0.4741588397118078,0.6330489699544247,14,0,0,0.0,0.0,7.25,3.1,4.0,0.8999999999999999,2.5,0,0,0,0.0,1.0,0,0,0,0,0,0,1,0,0,0,0,0,1,0,1,0,0,0,1,0,0,0,0,0,0.0
2018-08-15,1.4220301184427053,1.3430284451958885,0.08545779343723796,False,True,False,False,66.7535,76.2325,7.09,197.9,0.26145191132661316,1.8302054302179263,1.5668665193952032,-0.37159705862781156,1.4220301184427053,1.8038715391356541,0.16355085295571534,1.7643707025122455,1.5932004104774755,0.16355085295571534,1.7643707025122455,1.5932004104774755,0.07083563258308608,0.20770397990736045,-0.37159705862781156,0.26145191132661316,0.044187285818427846,0.1642399548776155,-0.37159705862781156,0.26145191132661316,-0.1759941178893752,15,0,0,0.0,0.0,7.25,3.1,4.0,0.8999999999999999,2.5,0,0,0,0.0,0.0,0,0,0,0,0,0,1,0,0,0,0,0,1,0,1,0,0,0,0,1,0,0,0,0,0.0
2018-08-16,1.3561953907370246,1.197224178061924,0.15953389429796938,False,True,False,False,66.3772,75.2253,7.08,167.05,0.08545779343723796,1.4220301184427053,1.3430284451958885,0.26145191132661316,1.8302054302179263,1.5668665193952032,-0.37159705862781156,1.4220301184427053,1.8038715391356541,0.16355085295571534,1.7643707025122455,1.5932004104774755,0.07733954260111897,0.20728733251430576,-0.37159705862781156,0.26145191132661316,0.03650898874536244,0.15918500663085455,-0.37159705862781156,0.26145191132661316,0.07407610086073142,16,0,0,0.0,0.0,7.25,3.1,4.0,0.8999999999999999,2.5,0,0,0,0.0,0.0,0,0,0,0,0,0,1,0,0,0,0,0,1,0,1,0,0,0,0,0,1,0,0,0,0.0
2018-08-17,1.2379131568608872,1.5800334649363392,-0.34018204805398294,False,True,False,False,66.8932,76.0576,6.95,219.55,0.15953389429796938,1.3561953907370246,1.197224178061924,0.08545779343723796,1.4220301184427053,1.3430284451958885,0.26145191132661316,1.8302054302179263,1.5668665193952032,0.16355085295571534,1.7643707025122455,1.5932004104774755,0.08935701418587934,0.2095827149458079,-0.37159705862781156,0.26145191132661316,0.05004849261275519,0.16114039289497067,-0.37159705862781156,0.26145191132661316,-0.4997159423519523,17,0,0,0.0,0.0,7.25,3.1,4.0,0.8999999999999999,2.5,0,0,0,0.0,0.0,0,0,0,0,0,0,1,0,0,0,0,0,1,0,1,0,0,0,0,0,0,1,0,0,-0.0
2018-08-18,1.2379131568608872,1.5800334649363392,-0.34018204805398294,False,False,False,False,66.8757,76.1848,6.95,219.55,-0.34018204805398294,1.2379131568608872,1.5800334649363392,0.15953389429796938,1.3561953907370246,1.197224178061924,0.08545779343723796,1.4220301184427053,1.3430284451958885,-0.37159705862781156,1.4220301184427053,1.8038715391356541,0.01739517118449387,0.2602239480286606,-0.37159705862781156,0.26145191132661316,0.021938255267162886,0.19190687746185509,-0.37159705862781156,0.26145191132661316,0.0,18,0,0,0.0,0.0,7.25,3.1,4.0,0.8999999999999999,2.5,0,0,0,0.0,0.0,0,0,0,0,0,0,1,0,0,0,0,0,1,0,1,0,0,0,0,0,0,0,1,0,-0.34018204805398294
2018-08-19,1.2379131568608872,1.5800334649363392,-0.34018204805398294,False,False,False,False,66.8757,76.1848,6.95,219.55,-0.34018204805398294,1.2379131568608872,1.5800334649363392,-0.34018204805398294,1.2379131568608872,1.5800334649363392,0.15953389429796938,1.3561953907370246,1.197224178061924,0.26145191132661316,1.8302054302179263,1.5668665193952032,-0.0545666718168916,0.28182425233732616,-0.37159705862781156,0.26145191132661316,-0.006171982078429418,0.21444891031058033,-0.37159705862781156,0.26145191132661316,0.0,19,0,0,0.0,0.0,7.25,3.1,4.0,0.8999999999999999,2.5,0,0,0,0.0,0.0,0,0,0,0,0,0,1,0,0,0,0,0,1,0,1,0,0,0,0,0,0,0,0,1,-0.34018204805398294
2018-08-20,1.461530955066114,1.6063673560186116,-0.14281705776119605,False,True,False,False,66.8757,76.1848,6.97,173.4,-0.34018204805398294,1.2379131568608872,1.5800334649363392,-0.34018204805398294,1.2379131568608872,1.5800334649363392,-0.34018204805398294,1.2379131568608872,1.5800334649363392,0.08545779343723796,1.4220301184427053,1.3430284451958885,-0.12652851481827707,0.2811585542672769,-0.37159705862781156,0.26145191132661316,-0.03428221942402172,0.23118495360004104,-0.37159705862781156,0.26145191132661316,0.1973649902927869,20,0,0,0.0,0.0,7.25,3.1,4.0,0.8999999999999999,2.5,0,0,0,0.0,0.0,0,0,0,0,0,0,1,0,0,0,0,0,1,0,1,0,0,0,0,0,0,0,0,0,-0.0
2018-08-21,1.4088631729015693,1.5141987372306585,-0.10785330818096261,False,True,False,False,67.1807,76.7204,6.91,230.5,-0.14281705776119605,1.461530955066114,1.6063673560186116,-0.34018204805398294,1.2379131568608872,1.5800334649363392,-0.34018204805398294,1.2379131568608872,1.5800334649363392,0.15953389429796938,1.3561953907370246,1.197224178061924,-0.09384565755161771,0.26045803794420813,-0.34018204805398294,0.26145191132661316,-0.030685906605973028,0.22890359773677565,-0.37159705862781156,0.26145191132661316,0.03496374958023343,21,0,0,0.0,0.0,7.25,3.1,4.0,0.8999999999999999,2.5,0,0,0,0.0,0.0,0,0,0,0,0,0,1,0,0,0,0,0,1,0,1,0,0,0,1,0,0,0,0,0,-0.0
2018-08-22,1.4088631729015693,1.4220301184427053,-0.00898531187982494,False,True,False,False,67.1783,77.3491,6.96,222.63,-0.10785330818096261,1.4088631729015693,1.5141987372306585,-0.14281705776119605,1.461530955066114,1.6063673560186116,-0.34018204805398294,1.2379131568608872,1.5800334649363392,-0.34018204805398294,1.2379131568608872,1.5800334649363392,-0.14660354605269998,0.20876878175396327,-0.34018204805398294,0.15953389429796938,-0.037883956734807,0.22968730791877487,-0.37159705862781156,0.26145191132661316,0.09886799630113767,22,0,0,0.0,0.0,7.25,3.1,4.0,0.8999999999999999,2.5,0,0,0,0.0,0.0,0,0,0,0,0,0,1,0,0,0,0,0,1,0,1,0,0,0,0,1,0,0,0,0,-0.0
2018-08-23,1.382529281819297,1.4220301184427053,-0.03424043436866286,False,True,False,False,67.6163,78.1983,6.73,159.3,-0.00898531187982494,1.4088631729015693,1.4220301184427053,-0.10785330818096261,1.4088631729015693,1.5141987372306585,-0.14281705776119605,1.461530955066114,1.6063673560186116,-0.34018204805398294,1.2379131568608872,1.5800334649363392,-0.16009541824085183,0.19378618982236143,-0.34018204805398294,0.15953389429796938,-0.04137793781986648,0.22878281870093517,-0.37159705862781156,0.26145191132661316,-0.02525512248883792,23,0,0,0.0,0.0,7.25,3.1,4.0,0.8999999999999999,2.5,0,0,0,0.0,0.0,0,0,0,0,0,0,1,0,0,0,0,0,1,0,1,0,0,0,0,0,1,0,0,0,-0.0
2018-08-24,2.1593790687463303,1.5536995738540669,0.6079887556326539,False,True,False,False,68.5259,79.2502,6.97,154.9,-0.03424043436866286,1.382529281819297,1.4220301184427053,-0.00898531187982494,1.4088631729015693,1.4220301184427053,-0.10785330818096261,1.4088631729015693,1.5141987372306585,-0.34018204805398294,1.2379131568608872,1.5800334649363392,-0.18777746519322785,0.1492375252532712,-0.34018204805398294,-0.00898531187982494,-0.049210225503674314,0.2263409339400678,-0.37159705862781156,0.26145191132661316,0.6422291900013167,24,0,0,0.0,0.0,7.25,3.1,4.0,0.8999999999999999,2.5,0,0,0,0.0,1.0,0,0,0,0,0,0,1,0,0,0,0,0,1,0,1,0,0,0,0,0,0,1,0,0,0.0
2018-08-25,2.1593790687463303,1.5536995738540669,0.6079887556326539,False,False,False,False,67.7911,78.4072,6.97,154.9,0.6079887556326539,2.1593790687463303,1.5536995738540669,-0.03424043436866286,1.382529281819297,1.4220301184427053,-0.00898531187982494,1.4088631729015693,1.4220301184427053,-0.14281705776119605,1.461530955066114,1.6063673560186116,-0.05232449323799403,0.32021222174060643,-0.34018204805398294,0.6079887556326539,-0.017464661026750133,0.2826423577465962,-0.37159705862781156,0.6079887556326539,0.0,25,0,0,0.0,0.0,7.25,3.1,4.0,0.8999999999999999,2.5,1,0,0,0.0,1.0,0,0,0,0,0,0,1,0,0,0,0,0,1,0,1,0,0,0,0,0,0,0,1,0,0.6079887556326539
2018-08-26,2.1593790687463303,1.5536995738540669,0.6079887556326539,False,False,False,False,67.7911,78.4072,6.97,154.9,0.6079887556326539,2.1593790687463303,1.5536995738540669,0.6079887556326539,2.1593790687463303,1.5536995738540669,-0.03424043436866286,1.382529281819297,1.4220301184427053,-0.10785330818096261,1.4088631729015693,1.5141987372306585,0.08312847871723981,0.374151097642219,-0.34018204805398294,0.6079887556326539,0.014280903450174045,0.32614809745036183,-0.37159705862781156,0.6079887556326539,0.0,26,0,0,0.0,0.0,7.25,3.1,4.0,0.8999999999999999,2.5,1,0,0,0.0,1.0,0,0,0,0,0,0,1,0,0,0,0,0,1,0,1,0,0,0,0,0,0,0,0,1,0.6079887556326539
2018-08-27,1.869706266841335,1.882873212382471,-0.014299899596812741,False,True,False,False,67.7911,78.4072,7.22,146.4,0.6079887556326539,2.1593790687463303,1.5536995738540669,0.6079887556326539,2.1593790687463303,1.5536995738540669,0.6079887556326539,2.1593790687463303,1.5536995738540669,-0.00898531187982494,1.4088631729015693,1.4220301184427053,0.21858145067247364,0.3669214761882804,-0.14281705776119605,0.6079887556326539,0.046026467927098226,0.36150775318196104,-0.37159705862781156,0.6079887556326539,-0.6222886552294666,27,0,0,0.0,0.0,7.25,3.1,4.0,0.8999999999999999,2.5,1,1,1,0.0,0.0,0,0,0,0,0,0,1,0,0,0,0,0,1,0,1,0,0,0,0,0,0,0,0,0,-0.0
2018-08-28,1.6590351381831563,1.4351970639838416,0.22870957919642557,False,True,False,False,67.3963,78.2269,7.26,125.5,-0.014299899596812741,1.869706266841335,1.882873212382471,0.6079887556326539,2.1593790687463303,1.5536995738540669,0.6079887556326539,2.1593790687463303,1.5536995738540669,-0.03424043436866286,1.382529281819297,1.4220301184427053,0.23694104469595698,0.34858130010212723,-0.10785330818096261,0.6079887556326539,0.07154769357216959,0.3418336665022921,-0.34018204805398294,0.6079887556326539,0.2430094787932383,28,0,0,0.0,0.0,7.25,3.1,4.0,0.8999999999999999,2.5,1,0,1,0.0,1.0,0,0,0,0,0,0,1,0,0,0,0,0,1,0,1,0,0,0,1,0,0,0,0,0,0.0
2018-08-29,1.6985359748065647,1.5273656827717947,0.1706014129676402,False,True,False,False,67.3911,78.76,7.18,182.8,0.22870957919642557,1.6590351381831563,1.4351970639838416,-0.014299899596812741,1.869706266841335,1.882873212382471,0.6079887556326539,2.1593790687463303,1.5536995738540669,0.6079887556326539,2.1593790687463303,1.5536995738540669,0.28502145717844096,0.31465750308401225,-0.03424043436866286,0.6079887556326539,0.06920895556287046,0.34054402097035874,-0.34018204805398294,0.6079887556326539,-0.05810816622878537,29,0,0,0.0,0.0,7.25,3.1,4.0,0.8999999999999999,2.5,1,0,1,0.0,0.0,0,0,0,0,0,0,1,0,0,0,0,0,1,0,1,0,0,0,0,1,0,0,0,0,0.0
2018-08-30,1.5141987372306585,1.2565430752435254,0.26265251175003246,False,True,False,False,68.1451,79.5594,7.14,130.5,0.1706014129676402,1.6985359748065647,1.5273656827717947,0.22870957919642557,1.6590351381831563,1.4351970639838416,-0.014299899596812741,1.869706266841335,1.882873212382471,0.6079887556326539,2.1593790687463303,1.5536995738540669,0.3106767035852217,0.29328617710072974,-0.03424043436866286,0.6079887556326539,0.07529064267218491,0.3416151210033296,-0.34018204805398294,0.6079887556326539,0.09205109878239226,30,0,0,0.0,0.0,7.25,3.1,4.0,0.8999999999999999,2.5,1,0,1,0.0,1.0,0,0,0,0,0,0,1,0,0,0,0,0,1,0,1,0,0,0,0,0,1,0,0,0,0.0
2018-08-31,1.7643707025122455,1.3693623362781608,0.38877482273764724,False,True,False,True,68.0821,79.6765,7.14,196.62,0.26265251175003246,1.5141987372306585,1.2565430752435254,0.1706014129676402,1.6985359748065647,1.5273656827717947,0.22870957919642557,1.6590351381831563,1.4351970639838416,0.6079887556326539,2.1593790687463303,1.5536995738540669,0.35308998160217825,0.2539182867092883,-0.014299899596812741,0.6079887556326539,0.08265625820447513,0.3446692499422777,-0.34018204805398294,0.6079887556326539,0.12612231098761478,31,0,1,0.0,0.0,7.25,3.1,4.0,0.8999999999999999,2.5,1,0,1,0.0,1.0,0,0,0,0,0,0,1,0,0,0,0,0,1,0,1,0,0,0,0,0,0,1,0,0,0.0
2018-09-01,1.7643707025122455,1.3693623362781608,0.38877482273764724,False,False,False,False,68.0447,79.4966,7.14,196.62,0.38877482273764724,1.7643707025122455,1.3693623362781608,0.26265251175003246,1.5141987372306585,1.2565430752435254,0.1706014129676402,1.6985359748065647,1.5273656827717947,-0.014299899596812741,1.869706266841335,1.882873212382471,0.3217737054743201,0.22959458355374027,-0.014299899596812741,0.6079887556326539,0.134724606118163,0.33065440434607113,-0.34018204805398294,0.6079887556326539,0.0,1,1,0,0.0,1.0,7.5,3.4,4.0,0.6000000000000001,2.75,0,0,0,0.0,1.0,0,0,0,0,0,0,0,1,0,0,0,0,1,0,1,0,0,0,0,0,0,0,1,0,0.38877482273764724
2018-09-02,1.7643707025122455,1.3693623362781608,0.38877482273764724,False,False,False,False,68.0447,79.4966,7.14,196.62,0.38877482273764724,1.7643707025122455,1.3693623362781608,0.38877482273764724,1.7643707025122455,1.3693623362781608,0.26265251175003246,1.5141987372306585,1.2565430752435254,0.22870957919642557,1.6590351381831563,1.4351970639838416,0.29045742934646196,0.19663297769663643,-0.014299899596812741,0.6079887556326539,0.1867929540318509,0.3066406013184075,-0.34018204805398294,0.6079887556326539,0.0,2,0,0,1.0,0.0,7.5,3.4,4.0,0.6000000000000001,2.75,0,0,0,0.0,1.0,0,0,0,0,0,0,0,1,0,0,0,0,1,0,1,0,0,0,0,0,0,0,0,1,0.38877482273764724
2018-09-03,1.235955067511602,1.4220301184427053,-0.1829053502343553,False,True,True,False,68.0447,79.4966,7.15,137.22,0.38877482273764724,1.7643707025122455,1.3693623362781608,0.38877482273764724,1.7643707025122455,1.3693623362781608,0.38877482273764724,1.7643707025122455,1.3693623362781608,0.1706014129676402,1.6985359748065647,1.5273656827717947,0.2591411532186039,0.14942242698896246,-0.014299899596812741,0.38877482273764724,0.23886130194553876,0.2699727053725072,-0.14281705776119605,0.6079887556326539,-0.5716801729720026,3,0,0,0.0,0.0,7.5,3.4,4.0,0.6000000000000001,2.75,0,0,0,0.0,0.0,0,0,0,0,0,0,0,1,0,0,0,0,1,0,1,0,0,0,0,0,0,0,0,0,-0.0
2018-09-04,1.1650617795054994,1.3298614996547522,-0.16156931280241116,False,True,False,False,67.7443,78.6376,7.17,231.5,-0.1829053502343553,1.235955067511602,1.4220301184427053,0.38877482273764724,1.7643707025122455,1.3693623362781608,0.38877482273764724,1.7643707025122455,1.3693623362781608,0.26265251175003246,1.5141987372306585,1.2565430752435254,0.23505466027038355,0.20434299513970863,-0.1829053502343553,0.38877482273764724,0.23599785248317023,0.2745068794462368,-0.1829053502343553,0.6079887556326539,0.02133603743194415,4,0,0,0.0,0.0,7.5,3.4,4.0,0.6000000000000001,2.75,0,0,0,0.0,0.0,0,0,0,0,0,0,0,1,0,0,0,0,1,0,1,0,0,0,1,0,0,0,0,0,-0.0
2018-09-05,1.4220301184427053,1.1754378810215305,0.24440958356413786,False,True,False,False,68.2737,79.02,7.0,143.6,-0.16156931280241116,1.1650617795054994,1.3298614996547522,-0.1829053502343553,1.235955067511602,1.4220301184427053,0.38877482273764724,1.7643707025122455,1.3693623362781608,0.38877482273764724,1.7643707025122455,1.3693623362781608,0.1793005328419783,0.2536556112990919,-0.1829053502343553,0.38877482273764724,0.23216099501020962,0.28000306025696226,-0.1829053502343553,0.6079887556326539,0.40597889636654905,5,0,0,0.0,0.0,7.5,3.4,4.0,0.6000000000000001,2.75,0,0,0,0.0,1.0,0,0,0,0,0,0,0,1,0,0,0,0,1,0,1,0,0,0,0,1,0,0,0,0,0.0
2018-09-06,1.5405326283129308,1.4088631729015693,0.12458207884216607,False,True,False,False,68.4628,79.1362,6.87,78.6,0.24440958356413786,1.4220301184427053,1.1754378810215305,-0.16156931280241116,1.1650617795054994,1.3298614996547522,-0.1829053502343553,1.235955067511602,1.4220301184427053,0.38877482273764724,1.7643707025122455,1.3693623362781608,0.18984455721290655,0.25476534743135226,-0.1829053502343553,0.38877482273764724,0.2502606303990641,0.27126972245497094,-0.1829053502343553,0.6079887556326539,-0.11982750472197179,6,0,0,0.0,0.0,7.5,3.4,4.0,0.6000000000000001,2.75,0,0,0,0.0,0.0,0,0,0,0,0,0,0,1,0,0,0,0,1,0,1,0,0,0,0,0,1,0,0,0,0.0
2018-09-07,1.5668665193952032,1.301854742466525,0.2638628878800001,False,True,False,False,68.2505,79.3685,6.97,123.35,0.12458207884216607,1.5405326283129308,1.4088631729015693,0.24440958356413786,1.4220301184427053,1.1754378810215305,-0.16156931280241116,1.1650617795054994,1.3298614996547522,0.38877482273764724,1.7643707025122455,1.3693623362781608,0.17012020965463992,0.25353077957252773,-0.1829053502343553,0.38877482273764724,0.261605095628409,0.2616055304283491,-0.1829053502343553,0.6079887556326539,0.13928080903783405,7,0,0,0.0,0.0,7.5,3.4,4.0,0.6000000000000001,2.75,0,0,0,0.0,1.0,0,0,0,0,0,0,0,1,0,0,0,0,1,0,1,0,0,0,0,0,0,1,0,0,0.0
2018-09-08,1.5668665193952032,1.301854742466525,0.2638628878800001,False,False,False,False,69.0286,80.3562,6.97,123.35,0.2638628878800001,1.5668665193952032,1.301854742466525,0.12458207884216607,1.5405326283129308,1.4088631729015693,0.24440958356413786,1.4220301184427053,1.1754378810215305,-0.1829053502343553,1.235955067511602,1.4220301184427053,0.15227564753211892,0.23958853209231243,-0.1829053502343553,0.38877482273764724,0.23702467650321943,0.24198722086503913,-0.1829053502343553,0.6079887556326539,0.0,8,0,0,0.0,0.0,7.5,3.4,4.0,0.6000000000000001,2.75,0,0,0,0.0,1.0,0,0,0,0,0,0,0,1,0,0,0,0,1,0,1,0,0,0,0,0,0,0,1,0,0.2638628878800001
2018-09-09,1.5668665193952032,1.301854742466525,0.2638628878800001,False,False,False,False,69.0286,80.3562,6.97,123.35,0.2638628878800001,1.5668665193952032,1.301854742466525,0.2638628878800001,1.5668665193952032,1.301854742466525,0.12458207884216607,1.5405326283129308,1.4088631729015693,-0.16156931280241116,1.1650617795054994,1.3298614996547522,0.13443108540959786,0.22312434568159645,-0.1829053502343553,0.38877482273764724,0.21244425737802988,0.21766219051375207,-0.1829053502343553,0.6079887556326539,0.0,9,0,0,0.0,0.0,7.5,3.4,4.0,0.6000000000000001,2.75,0,0,0,0.0,1.0,0,0,0,0,0,0,0,1,0,0,0,0,1,0,1,0,0,0,0,0,0,0,0,1,0.2638628878800001
2018-09-10,1.7775376480533818,1.5800334649363392,0.18867013244397998,False,True,False,False,69.0286,80.3562,6.98,136.45,0.2638628878800001,1.5668665193952032,1.301854742466525,0.2638628878800001,1.5668665193952032,1.301854742466525,0.2638628878800001,1.5668665193952032,1.301854742466525,0.24440958356413786,1.4220301184427053,1.1754378810215305,0.11658652328707686,0.20352710622354017,-0.1829053502343553,0.2638628878800001,0.18786383825284036,0.1868006849625475,-0.1829053502343553,0.38877482273764724,-0.07519275543602014,10,0,0,0.0,0.0,7.5,3.4,4.0,0.6000000000000001,2.75,0,0,0,0.0,0.0,0,0,0,0,0,0,0,1,0,0,0,0,1,0,1,0,0,0,0,0,0,0,0,0,0.0
2018-09-11,1.461530955066114,1.382529281819297,0.07499455706520025,False,True,False,False,69.8685,80.6702,7.01,123.04,0.18867013244397998,1.7775376480533818,1.5800334649363392,0.2638628878800001,1.5668665193952032,1.301854742466525,0.2638628878800001,1.5668665193952032,1.301854742466525,0.12458207884216607,1.5405326283129308,1.4088631729015693,0.1696687350982676,0.15508939021023746,-0.16156931280241116,0.2638628878800001,0.20236169768432552,0.17755092204510012,-0.1829053502343553,0.38877482273764724,-0.11367557537877973,11,0,0,0.0,0.0,7.5,3.4,4.0,0.6000000000000001,2.75,0,0,0,0.0,0.0,0,0,0,0,0,0,0,1,0,0,0,0,1,0,1,0,0,0,1,0,0,0,0,0,0.0
2018-09-12,1.3693623362781608,1.3430284451958885,0.020106200029788867,False,True,False,False,69.9744,81.3942,6.81,104.95,0.07499455706520025,1.461530955066114,1.382529281819297,0.18867013244397998,1.7775376480533818,1.5800334649363392,0.2638628878800001,1.5668665193952032,1.301854742466525,0.2638628878800001,1.5668665193952032,1.301854742466525,0.20346357365078352,0.07699159213224725,0.07499455706520025,0.2638628878800001,0.19138205324638088,0.18052417914110194,-0.1829053502343553,0.38877482273764724,-0.05488835703541138,12,0,0,0.0,0.0,7.5,3.4,4.0,0.6000000000000001,2.75,0,0,0,0.0,0.0,0,0,0,0,0,0,0,1,0,0,0,0,1,0,1,0,0,0,0,1,0,0,0,0,0.0
2018-09-13,1.711702920347701,1.1754888890970425,0.5336826405707468,False,True,False,False,69.5728,80.6488,7.0,114.1,0.020106200029788867,1.3693623362781608,1.3430284451958885,0.07499455706520025,1.461530955066114,1.382529281819297,0.18867013244397998,1.7775376480533818,1.5800334649363392,0.2638628878800001,1.5668665193952032,1.301854742466525,0.17142023314587654,0.10026810110292693,0.020106200029788867,0.2638628878800001,0.18063239517939153,0.186246846357249,-0.1829053502343553,0.38877482273764724,0.5135764405409579,13,0,0,0.0,0.0,7.5,3.4,4.0,0.6000000000000001,2.75,0,0,0,0.0,1.0,0,0,0,0,0,0,0,1,0,0,0,0,1,0,1,0,0,0,0,0,1,0,0,0,0.0
2018-09-14,1.487864846148386,1.487864846148386,0.001998579591014275,False,True,False,False,68.637,79.7699,7.02,152.2,0.5336826405707468,1.711702920347701,1.1754888890970425,0.020106200029788867,1.3693623362781608,1.3430284451958885,0.07499455706520025,1.461530955066114,1.382529281819297,0.2638628878800001,1.5668665193952032,1.301854742466525,0.22986317053567376,0.16605890180503755,0.020106200029788867,0.5336826405707468,0.19999169009515683,0.20821822228096798,-0.1829053502343553,0.5336826405707468,-0.5316840609797325,14,0,0,0.0,0.0,7.5,3.4,4.0,0.6000000000000001,2.75,0,0,0,0.0,0.0,0,0,0,0,0,0,0,1,0,0,0,0,1,0,1,0,0,0,0,0,0,1,0,0,0.0
2018-09-15,1.487864846148386,1.487864846148386,0.001998579591014275,False,False,False,False,68.2826,79.9521,7.02,152.2,0.001998579591014275,1.487864846148386,1.487864846148386,0.5336826405707468,1.711702920347701,1.1754888890970425,0.020106200029788867,1.3693623362781608,1.3430284451958885,0.18867013244397998,1.7775376480533818,1.5800334649363392,0.19245398363724722,0.18548293425013695,0.001998579591014275,0.5336826405707468,0.17236481558468306,0.20689825575941628,-0.1829053502343553,0.5336826405707468,0.0,15,0,0,0.0,0.0,7.5,3.4,4.0,0.6000000000000001,2.75,0,0,0,0.0,0.0,0,0,0,0,0,0,0,1,0,0,0,0,1,0,1,0,0,0,0,0,0,0,1,0,0.001998579591014275
2018-09-16,1.487864846148386,1.487864846148386,0.001998579591014275,False,False,False,False,68.2826,79.9521,7.02,152.2,0.001998579591014275,1.487864846148386,1.487864846148386,0.001998579591014275,1.487864846148386,1.487864846148386,0.5336826405707468,1.711702920347701,1.1754888890970425,0.07499455706520025,1.461530955066114,1.382529281819297,0.15504479673882068,0.19485097376486527,0.001998579591014275,0.5336826405707468,0.14473794107420926,0.20153172903643865,-0.1829053502343553,0.5336826405707468,0.0,16,0,0,0.0,0.0,7.5,3.4,4.0,0.6000000000000001,2.75,0,0,0,0.0,0.0,0,0,0,0,0,0,0,1,0,0,0,0,1,0,1,0,0,0,0,0,0,0,0,1,0.001998579591014275
2018-09-17,1.5668665193952032,1.6063673560186116,-0.03369292592566046,False,True,False,False,68.2826,79.9521,7.24,124.2,0.001998579591014275,1.487864846148386,1.487864846148386,0.001998579591014275,1.487864846148386,1.487864846148386,0.001998579591014275,1.487864846148386,1.487864846148386,0.020106200029788867,1.3693623362781608,1.3430284451958885,0.11763560984039413,0.19561315933730491,0.001998579591014275,0.5336826405707468,0.11711106656373547,0.19177923976861957,-0.1829053502343553,0.5336826405707468,-0.03569150551667473,17,0,0,0.0,0.0,7.5,3.4,4.0,0.6000000000000001,2.75,0,0,0,0.0,0.0,0,0,0,0,0,0,0,1,0,0,0,0,1,0,1,0,0,0,0,0,0,0,0,0,-0.0
2018-09-18,1.1955893342499437,1.2649533251535339,-0.06936399090359015,False,True,False,False,68.1958,79.3595,7.24,148.3,-0.03369292592566046,1.5668665193952032,1.6063673560186116,0.001998579591014275,1.487864846148386,1.487864846148386,0.001998579591014275,1.487864846148386,1.487864846148386,0.5336826405707468,1.711702920347701,1.1754888890970425,0.08586945864473121,0.20015737659760377,-0.03369292592566046,0.5336826405707468,0.12776909687149937,0.17743303866806615,-0.16156931280241116,0.5336826405707468,-0.03567106497792969,18,0,0,0.0,0.0,7.5,3.4,4.0,0.6000000000000001,2.75,0,0,0,0.0,0.0,0,0,0,0,0,0,0,1,0,0,0,0,1,0,1,0,0,0,1,0,0,0,0,0,-0.0
2018-09-19,1.2305634179995537,1.395696227360433,-0.1608692121008547,False,True,False,False,67.7519,79.1749,7.01,186.45,-0.06936399090359015,1.1955893342499437,1.2649533251535339,-0.03369292592566046,1.5668665193952032,1.6063673560186116,0.001998579591014275,1.487864846148386,1.487864846148386,0.001998579591014275,1.487864846148386,1.487864846148386,0.06524680893490402,0.20871829381790225,-0.06936399090359015,0.5336826405707468,0.13435519129284373,0.16728826980112968,-0.06936399090359015,0.5336826405707468,-0.09150522119726455,19,0,0,0.0,0.0,7.5,3.4,4.0,0.6000000000000001,2.75,0,0,0,0.0,0.0,0,0,0,0,0,0,0,1,0,0,0,0,1,0,1,0,0,0,0,1,0,0,0,0,-0.0
2018-09-20,1.7907045935945178,1.711702920347701,0.07741357906998896,False,True,False,False,67.0098,78.3613,7.29,103.0,-0.1608692121008547,1.2305634179995537,1.395696227360433,-0.06936399090359015,1.1955893342499437,1.2649533251535339,-0.03369292592566046,1.5668665193952032,1.6063673560186116,0.001998579591014275,1.487864846148386,1.487864846148386,0.03939317863052636,0.22575498002733266,-0.1608692121008547,0.5336826405707468,0.10540670588820142,0.1812611841789811,-0.1608692121008547,0.5336826405707468,0.23828279117084367,20,0,0,0.0,0.0,7.5,3.4,4.0,0.6000000000000001,2.75,0,0,0,0.0,0.0,0,0,0,0,0,0,0,1,0,0,0,0,1,0,1,0,0,0,0,0,1,0,0,0,0.0
2018-09-21,1.7907045935945178,1.395696227360433,0.3864375474904126,False,True,False,False,66.4725,77.7529,7.23,138.6,0.07741357906998896,1.7907045935945178,1.711702920347701,-0.1608692121008547,1.2305634179995537,1.395696227360433,-0.06936399090359015,1.1955893342499437,1.2649533251535339,0.001998579591014275,1.487864846148386,1.487864846148386,-0.0257881158695819,0.07435851961757534,-0.1608692121008547,0.07741357906998896,0.1020375273330459,0.1813157086607162,-0.1608692121008547,0.5336826405707468,0.3090239684204236,21,0,0,0.0,0.0,7.5,3.4,4.0,0.6000000000000001,2.75,0,0,0,0.0,1.0,0,0,0,0,0,0,0,1,0,0,0,0,1,0,1,0,0,0,0,0,0,1,0,0,0.0
2018-09-22,1.7907045935945178,1.395696227360433,0.3864375474904126,False,False,False,False,66.2497,78.0753,7.23,138.6,0.3864375474904126,1.7907045935945178,1.395696227360433,0.07741357906998896,1.7907045935945178,1.711702920347701,-0.1608692121008547,1.2305634179995537,1.395696227360433,-0.03369292592566046,1.5668665193952032,1.6063673560186116,0.029131736687475006,0.17379091954225212,-0.1608692121008547,0.3864375474904126,0.11079286016236109,0.19235439306351257,-0.1608692121008547,0.5336826405707468,0.0,22,0,0,0.0,0.0,7.5,3.4,4.0,0.6000000000000001,2.75,0,0,0,0.0,1.0,0,0,0,0,0,0,0,1,0,0,0,0,1,0,1,0,0,0,0,0,0,0,1,0,0.3864375474904126
2018-09-23,1.7907045935945178,1.395696227360433,0.3864375474904126,False,False,False,False,66.2497,78.0753,7.23,138.6,0.3864375474904126,1.7907045935945178,1.395696227360433,0.3864375474904126,1.7907045935945178,1.395696227360433,0.07741357906998896,1.7907045935945178,1.711702920347701,-0.06936399090359015,1.1955893342499437,1.2649533251535339,0.0840515892445319,0.21872265736824126,-0.1608692121008547,0.3864375474904126,0.11954819299167625,0.20238560704871342,-0.1608692121008547,0.5336826405707468,0.0,23,0,0,0.0,0.0,7.5,3.4,4.0,0.6000000000000001,2.75,0,0,0,0.0,1.0,0,0,0,0,0,0,0,1,0,0,0,0,1,0,1,0,0,0,0,0,0,0,0,1,0.3864375474904126
2018-09-24,1.9882087767115604,1.64586819264202,0.3442974892627453,False,True,False,False,66.2497,78.0753,7.22,134.65,0.3864375474904126,1.7907045935945178,1.395696227360433,0.3864375474904126,1.7907045935945178,1.395696227360433,0.3864375474904126,1.7907045935945178,1.395696227360433,-0.1608692121008547,1.2305634179995537,1.395696227360433,0.1389714418015888,0.24173982053515278,-0.1608692121008547,0.3864375474904126,0.12830352582099144,0.21155271313804874,-0.1608692121008547,0.5336826405707468,-0.04214005822766731,24,0,0,0.0,0.0,7.5,3.4,4.0,0.6000000000000001,2.75,0,0,0,0.0,1.0,0,0,0,0,0,0,0,1,0,0,0,0,1,0,1,0,0,0,0,0,0,0,0,0,0.0
2018-09-25,2.027709613334969,2.7518916180974577,-0.7125150497709888,False,True,False,False,66.1594,77.6844,7.47,116.9,0.3442974892627453,1.9882087767115604,1.64586819264202,0.3864375474904126,1.7907045935945178,1.395696227360433,0.3864375474904126,1.7907045935945178,1.395696227360433,0.07741357906998896,1.7907045935945178,1.711702920347701,0.19297007254278964,0.23894339707139342,-0.1608692121008547,0.3864375474904126,0.1394197655937604,0.21892893643361636,-0.1608692121008547,0.5336826405707468,-1.056812539033734,25,0,0,0.0,0.0,7.5,3.4,4.0,0.6000000000000001,2.75,1,1,1,1.0,0.0,0,0,0,0,0,0,0,1,0,0,0,0,1,0,1,0,0,0,1,0,0,0,0,0,-0.0
2018-09-26,1.5536995738540669,1.7380368114299731,-0.17734894669600146,False,True,False,False,65.8244,77.3832,7.24,193.25,-0.7125150497709888,2.027709613334969,2.7518916180974577,0.3442974892627453,1.9882087767115604,1.64586819264202,0.3864375474904126,1.7907045935945178,1.395696227360433,0.3864375474904126,1.7907045935945178,1.395696227360433,0.10109134984744697,0.4152420840350283,-0.7125150497709888,0.3864375474904126,0.08316907939117546,0.3162804009181586,-0.7125150497709888,0.5336826405707468,0.5351661030749874,26,0,0,0.0,0.0,7.5,3.4,4.0,0.6000000000000001,2.75,1,0,1,0.0,0.0,0,0,0,0,0,0,0,1,0,0,0,0,1,0,1,0,0,0,0,1,0,0,0,0,-0.0
2018-09-27,2.0145426677938327,1.9092071034647433,0.09902609992182176,False,True,False,False,65.7585,77.3846,7.23,159.3,-0.17734894669600146,1.5536995738540669,1.7380368114299731,-0.7125150497709888,2.027709613334969,2.7518916180974577,0.3442974892627453,1.9882087767115604,1.64586819264202,0.3864375474904126,1.7907045935945178,1.395696227360433,0.09873710204814028,0.4170177445198527,-0.7125150497709888,0.3864375474904126,0.0690651403393333,0.32362616323259846,-0.7125150497709888,0.5336826405707468,0.2763750466178232,27,0,0,0.0,0.0,7.5,3.4,4.0,0.6000000000000001,2.75,1,0,1,0.0,0.0,0,0,0,0,0,0,0,1,0,0,0,0,1,0,1,0,0,0,0,0,1,0,0,0,0.0
2018-09-28,2.291048524157692,2.7518916180974577,-0.4616807416763866,False,True,False,True,65.8355,77.0407,7.4,99.2,0.09902609992182176,2.0145426677938327,1.9092071034647433,-0.17734894669600146,1.5536995738540669,1.7380368114299731,-0.7125150497709888,2.027709613334969,2.7518916180974577,0.3864375474904126,1.7907045935945178,1.395696227360433,0.10182460502697355,0.416913551716982,-0.7125150497709888,0.3864375474904126,0.03801824457869579,0.29522795848698286,-0.7125150497709888,0.3864375474904126,-0.5607068415982084,28,0,0,0.0,0.0,7.5,3.4,4.0,0.6000000000000001,2.75,1,0,1,0.0,0.0,0,0,0,0,0,0,0,1,0,0,0,0,1,0,1,0,0,0,0,0,0,1,0,0,-0.0
2018-09-29,2.291048524157692,2.7518916180974577,-0.4616807416763866,False,False,False,False,65.5906,76.2294,7.4,99.2,-0.4616807416763866,2.291048524157692,2.7518916180974577,0.09902609992182176,2.0145426677938327,1.9092071034647433,-0.17734894669600146,1.5536995738540669,1.7380368114299731,0.3442974892627453,1.9882087767115604,1.64586819264202,-0.01933515056828348,0.44284636194845134,-0.7125150497709888,0.3864375474904126,0.004898293059595731,0.3241697965690249,-0.7125150497709888,0.3864375474904126,0.0,29,0,0,0.0,0.0,7.5,3.4,4.0,0.6000000000000001,2.75,1,0,0,0.0,0.0,0,0,0,0,0,0,0,1,0,0,0,0,1,0,1,0,0,0,0,0,0,0,1,0,-0.4616807416763866
2018-09-30,2.291048524157692,2.7518916180974577,-0.4616807416763866,False,False,False,False,65.5906,76.2294,7.4,99.2,-0.4616807416763866,2.291048524157692,2.7518916180974577,-0.4616807416763866,2.291048524157692,2.7518916180974577,0.09902609992182176,2.0145426677938327,1.9092071034647433,-0.7125150497709888,2.027709613334969,2.7518916180974577,-0.14049490616354052,0.42913434893156316,-0.7125150497709888,0.3864375474904126,-0.028221658459504334,0.347347010237824,-0.7125150497709888,0.3864375474904126,0.0,30,0,1,0.0,0.0,7.5,3.4,4.0,0.6000000000000001,2.75,1,0,0,0.0,0.0,0,0,0,0,0,0,0,1,0,0,0,0,1,0,1,0,0,0,0,0,0,0,0,1,-0.4616807416763866
2018-10-01,1.8302054302179263,1.5141987372306585,0.3181382166717069,False,True,True,False,65.5906,76.2294,7.27,151.85,-0.4616807416763866,2.291048524157692,2.7518916180974577,-0.4616807416763866,2.291048524157692,2.7518916180974577,-0.4616807416763866,2.291048524157692,2.7518916180974577,-0.17734894669600146,1.5536995738540669,1.7380368114299731,-0.26165466175879754,0.3714122736677964,-0.7125150497709888,0.3442974892627453,-0.0613416099786044,0.3658568203724616,-0.7125150497709888,0.3864375474904126,0.7798189583480934,1,1,0,0.0,1.0,7.5,3.5,4.0,0.5,2.75,0,0,0,0.0,1.0,0,0,0,0,0,0,0,0,1,0,0,0,0,1,1,0,0,0,0,0,0,0,0,0,0.0
2018-10-02,1.395696227360433,1.2409156927689369,0.1558946678678841,False,True,False,False,65.5745,75.9877,7.25,166.9,0.3181382166717069,1.8302054302179263,1.5141987372306585,-0.4616807416763866,2.291048524157692,2.7518916180974577,-0.4616807416763866,2.291048524157692,2.7518916180974577,0.09902609992182176,2.0145426677938327,1.9092071034647433,-0.2653917007003745,0.3643639381436349,-0.7125150497709888,0.3181382166717069,-0.03621081407879245,0.3797230227049608,-0.7125150497709888,0.3864375474904126,-0.16224354880382277,2,0,0,1.0,0.0,7.5,3.5,4.0,0.5,2.75,0,0,0,0.0,0.0,0,0,0,0,0,0,0,0,1,0,0,0,0,1,1,0,0,0,1,0,0,0,0,0,0.0
2018-10-03,1.3430284451958885,1.1773945864590047,0.16800387674110642,False,True,False,False,65.2221,75.2272,7.36,120.95,0.1558946678678841,1.395696227360433,1.2409156927689369,0.3181382166717069,1.8302054302179263,1.5141987372306585,-0.4616807416763866,2.291048524157692,2.7518916180974577,-0.4616807416763866,2.291048524157692,2.7518916180974577,-0.14133316960910688,0.3332655991895149,-0.4616807416763866,0.3181382166717069,-0.020120909880830002,0.3829687127670124,-0.7125150497709888,0.3864375474904126,0.01210920887322231,3,0,0,0.0,0.0,7.5,3.5,4.0,0.5,2.75,0,0,0,0.0,0.0,0,0,0,0,0,0,0,0,1,0,0,0,0,1,1,0,0,0,0,1,0,0,0,0,0.0
2018-10-04,1.4220301184427053,1.0990848681038834,0.32566452371973537,False,True,False,False,65.4244,75.7353,7.42,79.48,0.16800387674110642,1.3430284451958885,1.1773945864590047,0.1558946678678841,1.395696227360433,1.2409156927689369,0.3181382166717069,1.8302054302179263,1.5141987372306585,-0.4616807416763866,2.291048524157692,2.7518916180974577,-0.09199705197523435,0.35207708960351664,-0.4616807416763866,0.3181382166717069,0.0033700250364529388,0.38375681090394786,-0.7125150497709888,0.3864375474904126,0.15766064697862894,4,0,0,0.0,0.0,7.5,3.5,4.0,0.5,2.75,0,0,0,0.0,1.0,0,0,0,0,0,0,0,0,1,0,0,0,0,1,1,0,0,0,0,0,1,0,0,0,0.0
2018-10-05,1.285403674576536,1.395696227360433,-0.10550924260824295,False,True,False,False,66.2115,76.0505,7.53,139.5,0.32566452371973537,1.4220301184427053,1.0990848681038834,0.16800387674110642,1.3430284451958885,1.1773945864590047,0.1558946678678841,1.395696227360433,1.2409156927689369,-0.4616807416763866,2.291048524157692,2.7518916180974577,-0.05962013428981812,0.3817423118199321,-0.4616807416763866,0.32566452371973537,0.021102235368577683,0.39306390426994303,-0.7125150497709888,0.3864375474904126,-0.4311737663279783,5,0,0,0.0,0.0,7.5,3.5,4.0,0.5,2.75,0,0,0,0.0,0.0,0,0,0,0,0,0,0,0,1,0,0,0,0,1,1,0,0,0,0,0,0,1,0,0,-0.0
2018-10-06,1.285403674576536,1.395696227360433,-0.10550924260824295,False,False,False,False,66.627,76.661,7.53,139.5,-0.10550924260824295,1.285403674576536,1.395696227360433,0.32566452371973537,1.4220301184427053,1.0990848681038834,0.16800387674110642,1.3430284451958885,1.1773945864590047,0.3181382166717069,1.8302054302179263,1.5141987372306585,-0.008738491565797596,0.3407574022399458,-0.4616807416763866,0.32566452371973537,-0.014036821067040572,0.3796520732065915,-0.7125150497709888,0.3864375474904126,0.0,6,0,0,0.0,0.0,7.5,3.5,4.0,0.5,2.75,0,0,0,0.0,0.0,0,0,0,0,0,0,0,0,1,0,0,0,0,1,1,0,0,0,0,0,0,0,1,0,-0.10550924260824295
2018-10-07,1.285403674576536,1.395696227360433,-0.10550924260824295,False,False,False,False,66.627,76.661,7.53,139.5,-0.10550924260824295,1.285403674576536,1.395696227360433,-0.10550924260824295,1.285403674576536,1.395696227360433,0.32566452371973537,1.4220301184427053,1.0990848681038834,0.1558946678678841,1.395696227360433,1.2409156927689369,0.042143151158222925,0.2836602863890504,-0.4616807416763866,0.32566452371973537,-0.049175877502658824,0.3620948659145029,-0.7125150497709888,0.3864375474904126,0.0,7,0,0,0.0,0.0,7.5,3.5,4.0,0.5,2.75,0,0,0,0.0,0.0,0,0,0,0,0,0,0,0,1,0,0,0,0,1,1,0,0,0,0,0,0,0,0,1,-0.10550924260824295
2018-10-08,1.461530955066114,1.461530955066114,-0.002914184798899314,False,True,False,False,66.627,76.661,7.36,109.3,-0.10550924260824295,1.285403674576536,1.395696227360433,-0.10550924260824295,1.285403674576536,1.395696227360433,-0.10550924260824295,1.285403674576536,1.395696227360433,0.16800387674110642,1.3430284451958885,1.1773945864590047,0.09302479388224347,0.1969005975425974,-0.10550924260824295,0.32566452371973537,-0.08431493393827706,0.3397502296315147,-0.7125150497709888,0.3442974892627453,0.10259505780934364,8,0,0,0.0,0.0,7.5,3.5,4.0,0.5,2.75,0,0,0,0.0,0.0,0,0,0,0,0,0,0,0,1,0,0,0,0,1,1,0,0,0,0,0,0,0,0,0,-0.0
2018-10-09,2.198879905369739,1.461530955066114,0.745696239461465,False,True,False,False,66.9685,76.987,7.06,109.2,-0.002914184798899314,1.461530955066114,1.461530955066114,-0.10550924260824295,1.285403674576536,1.395696227360433,-0.10550924260824295,1.285403674576536,1.395696227360433,0.32566452371973537,1.4220301184427053,1.0990848681038834,0.047160165100728284,0.17147514745744807,-0.10550924260824295,0.32566452371973537,-0.10911576779982313,0.31803473135754773,-0.7125150497709888,0.32566452371973537,0.7486104242603643,9,0,0,0.0,0.0,7.5,3.5,4.0,0.5,2.75,0,0,0,0.0,1.0,0,0,0,0,0,0,0,0,1,0,0,0,0,1,1,0,0,0,1,0,0,0,0,0,0.0
2018-10-10,2.198879905369739,1.461530955066114,0.745696239461465,False,True,False,False,66.4032,76.211,7.16,87.3,0.745696239461465,2.198879905369739,1.461530955066114,-0.002914184798899314,1.461530955066114,1.461530955066114,-0.10550924260824295,1.285403674576536,1.395696227360433,-0.10550924260824295,1.285403674576536,1.395696227360433,0.13141753247123983,0.31697967457739407,-0.10550924260824295,0.745696239461465,-0.004957818568933562,0.3430213888137913,-0.4616807416763866,0.745696239461465,0.0,10,0,0,0.0,0.0,7.5,3.5,4.0,0.5,2.75,0,0,0,0.0,1.0,0,0,0,0,0,0,0,0,1,0,0,0,0,1,1,0,0,0,0,1,0,0,0,0,0.0
2018-10-11,1.4483640095249777,1.300285949662498,0.14627356772569983,False,True,False,False,66.1832,76.071,7.32,121.0,0.745696239461465,2.198879905369739,1.461530955066114,0.745696239461465,2.198879905369739,1.461530955066114,-0.002914184798899314,1.461530955066114,1.461530955066114,-0.10550924260824295,1.285403674576536,1.395696227360433,0.2139450128598625,0.39395028423872464,-0.10550924260824295,0.745696239461465,0.060973980442314044,0.3924805272462274,-0.4616807416763866,0.745696239461465,-0.5994226717357651,11,0,0,0.0,0.0,7.5,3.5,4.0,0.5,2.75,0,0,0,0.0,0.0,0,0,0,0,0,0,0,0,1,0,0,0,0,1,1,0,0,0,0,0,1,0,0,0,0.0
2018-10-12,1.632701247100884,1.5536995738540669,0.08398388974045186,False,True,False,False,66.7727,77.0824,7.33,112.0,0.14627356772569983,1.4483640095249777,1.300285949662498,0.745696239461465,2.198879905369739,1.461530955066114,0.745696239461465,2.198879905369739,1.461530955066114,-0.10550924260824295,1.285403674576536,1.395696227360433,0.18831773343214311,0.39129737879996584,-0.10550924260824295,0.745696239461465,0.06434879957116248,0.39303563545746517,-0.4616807416763866,0.745696239461465,-0.06228967798524797,12,0,0,0.0,0.0,7.5,3.5,4.0,0.5,2.75,0,0,0,0.0,0.0,0,0,0,0,0,0,0,0,1,0,0,0,0,1,1,0,0,0,0,0,0,1,0,0,0.0
2018-10-13,1.632701247100884,1.5536995738540669,0.08398388974045186,False,False,False,False,65.9751,76.5047,7.33,112.0,0.08398388974045186,1.632701247100884,1.5536995738540669,0.14627356772569983,1.4483640095249777,1.300285949662498,0.745696239461465,2.198879905369739,1.461530955066114,-0.002914184798899314,1.461530955066114,1.461530955066114,0.2153881809105281,0.37374309963262825,-0.10550924260824295,0.745696239461465,0.10332484467236523,0.36274718350489166,-0.4616807416763866,0.745696239461465,0.0,13,0,0,0.0,0.0,7.5,3.5,4.0,0.5,2.75,0,0,0,0.0,0.0,0,0,0,0,0,0,0,0,1,0,0,0,0,1,1,0,0,0,0,0,0,0,1,0,0.08398388974045186
2018-10-14,1.632701247100884,1.5536995738540669,0.08398388974045186,False,False,False,False,65.9751,76.5047,7.33,112.0,0.08398388974045186,1.632701247100884,1.5536995738540669,0.08398388974045186,1.632701247100884,1.5536995738540669,0.14627356772569983,1.4483640095249777,1.300285949662498,0.745696239461465,2.198879905369739,1.461530955066114,0.24245862838891305,0.35290832014566065,-0.10550924260824295,0.745696239461465,0.14230088977356797,0.32468762022758213,-0.4616807416763866,0.745696239461465,0.0,14,0,0,0.0,0.0,7.5,3.5,4.0,0.5,2.75,0,0,0,0.0,0.0,0,0,0,0,0,0,0,0,1,0,0,0,0,1,1,0,0,0,0,0,0,0,0,1,0.08398388974045186
2018-10-15,1.6853690292654286,2.0145426677938327,-0.3197842221824239,False,True,False,False,65.9751,76.5047,7.35,133.2,0.08398388974045186,1.632701247100884,1.5536995738540669,0.08398388974045186,1.632701247100884,1.5536995738540669,0.08398388974045186,1.632701247100884,1.5536995738540669,0.745696239461465,2.198879905369739,1.461530955066114,0.269529075867298,0.3281688168775428,-0.002914184798899314,0.745696239461465,0.18127693487477073,0.2756566805002385,-0.10550924260824295,0.745696239461465,-0.40376811192287576,15,0,0,0.0,0.0,7.5,3.5,4.0,0.5,2.75,0,0,0,0.0,0.0,0,0,0,0,0,0,0,0,1,0,0,0,0,1,1,0,0,0,0,0,0,0,0,0,-0.0
2018-10-16,1.4351970639838416,1.5405326283129308,-0.10839133199908169,False,True,False,False,65.7508,76.054,7.27,109.95,-0.3197842221824239,1.6853690292654286,2.0145426677938327,0.08398388974045186,1.632701247100884,1.5536995738540669,0.08398388974045186,1.632701247100884,1.5536995738540669,0.14627356772569983,1.4483640095249777,1.300285949662498,0.22426192766965167,0.3883489977367897,-0.3197842221824239,0.745696239461465,0.13571104638518997,0.30269172455714277,-0.3197842221824239,0.745696239461465,0.21139289018334223,16,0,0,0.0,0.0,7.5,3.5,4.0,0.5,2.75,0,0,0,0.0,0.0,0,0,0,0,0,0,0,0,1,0,0,0,0,1,1,0,0,0,1,0,0,0,0,0,-0.0
2018-10-17,1.3693623362781608,1.487864846148386,-0.10932554727299257,False,True,False,False,65.5305,75.9236,7.29,92.85,-0.10839133199908169,1.4351970639838416,1.5405326283129308,-0.3197842221824239,1.6853690292654286,2.0145426677938327,0.08398388974045186,1.632701247100884,1.5536995738540669,0.08398388974045186,1.632701247100884,1.5536995738540669,0.10224941746100215,0.3264569255357528,-0.3197842221824239,0.745696239461465,0.11683347496612097,0.3095007339644654,-0.3197842221824239,0.745696239461465,-0.0009342152739108822,17,0,0,0.0,0.0,7.5,3.5,4.0,0.5,2.75,0,0,0,0.0,0.0,0,0,0,0,0,0,0,0,1,0,0,0,0,1,1,0,0,0,0,1,0,0,0,0,-0.0
2018-10-18,1.3298614996547522,1.47469790060725,-0.14223276808783786,False,True,False,False,65.4026,75.6512,7.41,86.98,-0.10932554727299257,1.3693623362781608,1.487864846148386,-0.10839133199908169,1.4351970639838416,1.5405326283129308,-0.3197842221824239,1.6853690292654286,2.0145426677938327,0.08398388974045186,1.632701247100884,1.5536995738540669,-0.01989655207249179,0.1662064144511737,-0.3197842221824239,0.14627356772569983,0.09702423039368532,0.3148033529234458,-0.3197842221824239,0.745696239461465,-0.03290722081484529,18,0,0,0.0,0.0,7.5,3.5,4.0,0.5,2.75,0,0,0,0.0,0.0,0,0,0,0,0,0,0,0,1,0,0,0,0,1,1,0,0,0,0,0,1,0,0,0,-0.0
2018-10-19,1.3561953907370246,1.4351970639838416,-0.07886468362122498,False,True,False,False,65.7238,75.5692,7.36,115.96,-0.14223276808783786,1.3298614996547522,1.47469790060725,-0.10932554727299257,1.3693623362781608,1.487864846148386,-0.10839133199908169,1.4351970639838416,1.5405326283129308,0.08398388974045186,1.632701247100884,1.5536995738540669,-0.06111174290299717,0.15341133735654144,-0.3197842221824239,0.08398388974045186,0.06360299526457296,0.31349699855493113,-0.3197842221824239,0.745696239461465,0.06336808446661288,19,0,0,0.0,0.0,7.5,3.5,4.0,0.5,2.75,0,0,0,0.0,0.0,0,0,0,0,0,0,0,0,1,0,0,0,0,1,1,0,0,0,0,0,0,1,0,0,-0.0
2018-10-20,1.3561953907370246,1.4351970639838416,-0.07886468362122498,False,False,False,False,65.814,75.3241,7.36,115.96,-0.07886468362122498,1.3561953907370246,1.4351970639838416,-0.14223276808783786,1.3298614996547522,1.47469790060725,-0.10932554727299257,1.3693623362781608,1.487864846148386,-0.3197842221824239,1.6853690292654286,2.0145426677938327,-0.08437582481180815,0.13945377508913043,-0.3197842221824239,0.08398388974045186,0.06550617804935994,0.31247057294077113,-0.3197842221824239,0.745696239461465,0.0,20,0,0,0.0,0.0,7.5,3.5,4.0,0.5,2.75,0,0,0,0.0,0.0,0,0,0,0,0,0,0,0,1,0,0,0,0,1,1,0,0,0,0,0,0,0,1,0,-0.07886468362122498
2018-10-21,1.3561953907370246,1.4351970639838416,-0.07886468362122498,False,False,False,False,65.814,75.3241,7.36,115.96,-0.07886468362122498,1.3561953907370246,1.4351970639838416,-0.07886468362122498,1.3561953907370246,1.4351970639838416,-0.14223276808783786,1.3298614996547522,1.47469790060725,-0.10839133199908169,1.4351970639838416,1.5405326283129308,-0.10763990672061914,0.11873007830322788,-0.3197842221824239,0.08398388974045186,0.06740936083414695,0.31142823948481874,-0.3197842221824239,0.745696239461465,0.0,21,0,0,0.0,0.0,7.5,3.5,4.0,0.5,2.75,0,0,0,0.0,0.0,0,0,0,0,0,0,0,0,1,0,0,0,0,1,1,0,0,0,0,0,0,0,0,1,-0.07886468362122498
2018-10-22,1.7512037569711094,1.5273656827717947,0.2199810966291174,False,True,False,False,65.814,75.3241,7.16,123.0,-0.07886468362122498,1.3561953907370246,1.4351970639838416,-0.07886468362122498,1.3561953907370246,1.4351970639838416,-0.07886468362122498,1.3561953907370246,1.4351970639838416,-0.10932554727299257,1.3693623362781608,1.487864846148386,-0.13090398862943012,0.0865070329589746,-0.3197842221824239,-0.07886468362122498,0.06931254361893394,0.31036983791436634,-0.3197842221824239,0.745696239461465,0.29884578025034236,22,0,0,0.0,0.0,7.5,3.5,4.0,0.5,2.75,0,0,0,0.0,1.0,0,0,0,0,0,0,0,0,1,0,0,0,0,1,1,0,0,0,0,0,0,0,0,0,0.0
2018-10-23,1.5010317916895224,1.5141987372306585,-0.008337977287232252,False,True,False,False,65.3065,75.3702,7.1,187.6,0.2199810966291174,1.7512037569711094,1.5273656827717947,-0.07886468362122498,1.3561953907370246,1.4351970639838416,-0.07886468362122498,1.3561953907370246,1.4351970639838416,-0.14223276808783786,1.3298614996547522,1.47469790060725,-0.05379465737063849,0.12296643049209859,-0.14223276808783786,0.2199810966291174,0.08523363514950656,0.3120919795535828,-0.3197842221824239,0.745696239461465,-0.22831907391634967,23,0,0,0.0,0.0,7.5,3.5,4.0,0.5,2.75,0,0,0,0.0,0.0,0,0,0,0,0,0,0,0,1,0,0,0,0,1,1,0,0,0,1,0,0,0,0,0,-0.0
2018-10-24,1.3162500710548468,1.7512037569711094,-0.4380690467999328,False,True,False,False,65.3101,74.8584,7.05,165.65,-0.008337977287232252,1.5010317916895224,1.5141987372306585,0.2199810966291174,1.7512037569711094,1.5273656827717947,-0.07886468362122498,1.3561953907370246,1.4351970639838416,-0.07886468362122498,1.3561953907370246,1.4351970639838416,-0.039501320983231426,0.12136712541976695,-0.14223276808783786,0.2199810966291174,0.03137404823888533,0.2477826391836633,-0.3197842221824239,0.745696239461465,-0.42973106951270057,24,0,0,0.0,0.0,7.5,3.5,4.0,0.5,2.75,0,0,0,0.0,0.0,0,0,0,0,0,0,0,0,1,0,0,0,0,1,1,0,0,0,0,1,0,0,0,0,-0.0
2018-10-25,1.7907045935945178,3.199567766496087,-1.395696227360433,False,True,False,False,65.6299,75.0806,7.32,147.85,-0.4380690467999328,1.3162500710548468,1.7512037569711094,-0.008337977287232252,1.5010317916895224,1.5141987372306585,0.2199810966291174,1.7512037569711094,1.5273656827717947,-0.07886468362122498,1.3561953907370246,1.4351970639838416,-0.08646467805850859,0.19447441388145742,-0.4380690467999328,0.2199810966291174,-0.053180615065500224,0.1771958549276488,-0.4380690467999328,0.2199810966291174,-0.9576271805605001,25,0,0,0.0,0.0,7.5,3.5,4.0,0.5,2.75,1,1,1,1.0,0.0,0,0,0,0,0,0,0,0,1,0,0,0,0,1,1,0,0,0,0,0,1,0,0,0,-0.0
2018-10-26,1.487864846148386,1.5800334649363392,-0.09095723687451641,False,True,False,False,65.7476,74.9851,7.25,145.46,-1.395696227360433,1.7907045935945178,3.199567766496087,-0.4380690467999328,1.3162500710548468,1.7512037569711094,-0.008337977287232252,1.5010317916895224,1.5141987372306585,-0.07886468362122498,1.3561953907370246,1.4351970639838416,-0.2655308865260222,0.5343915553606581,-1.395696227360433,0.2199810966291174,-0.1633213147145097,0.39232162916122504,-1.395696227360433,0.2199810966291174,1.3047389904859166,26,0,0,0.0,0.0,7.5,3.5,4.0,0.5,2.75,1,0,1,0.0,0.0,0,0,0,0,0,0,0,0,1,0,0,0,0,1,1,0,0,0,0,0,0,1,0,0,-0.0
2018-10-27,1.487864846148386,1.5800334649363392,-0.09095723687451641,False,False,False,False,65.6345,74.6658,7.25,145.46,-0.09095723687451641,1.487864846148386,1.5800334649363392,-1.395696227360433,1.7907045935945178,3.199567766496087,-0.4380690467999328,1.3162500710548468,1.7512037569711094,0.2199810966291174,1.7512037569711094,1.5273656827717947,-0.2672583941336352,0.5337066617085817,-1.395696227360433,0.2199810966291174,-0.17581710947272172,0.38658286567132544,-1.395696227360433,0.2199810966291174,0.0,27,0,0,0.0,0.0,7.5,3.5,4.0,0.5,2.75,1,0,0,0.0,0.0,0,0,0,0,0,0,0,0,1,0,0,0,0,1,1,0,0,0,0,0,0,0,1,0,-0.09095723687451641
2018-10-28,1.487864846148386,1.5800334649363392,-0.09095723687451641,False,False,False,False,65.6345,74.6658,7.25,145.46,-0.09095723687451641,1.487864846148386,1.5800334649363392,-0.09095723687451641,1.487864846148386,1.5800334649363392,-1.395696227360433,1.7907045935945178,3.199567766496087,-0.008337977287232252,1.5010317916895224,1.5141987372306585,-0.2689859017412483,0.53301435603325,-1.395696227360433,0.2199810966291174,-0.18831290423093375,0.3803157257990516,-1.395696227360433,0.2199810966291174,0.0,28,0,0,0.0,0.0,7.5,3.5,4.0,0.5,2.75,1,0,0,0.0,0.0,0,0,0,0,0,0,0,0,1,0,0,0,0,1,1,0,0,0,0,0,0,0,0,1,-0.09095723687451641
2018-10-29,2.2515476875342837,1.9092071034647433,0.33758975391764273,False,True,False,False,65.6345,74.6658,7.2,120.75,-0.09095723687451641,1.487864846148386,1.5800334649363392,-0.09095723687451641,1.487864846148386,1.5800334649363392,-0.09095723687451641,1.487864846148386,1.5800334649363392,-0.4380690467999328,1.3162500710548468,1.7512037569711094,-0.27071340934886134,0.5323146094153798,-1.395696227360433,0.2199810966291174,-0.20080869898914577,0.3734936123763481,-1.395696227360433,0.2199810966291174,0.42854699079215913,29,0,0,0.0,0.0,7.5,3.5,4.0,0.5,2.75,1,0,1,0.0,1.0,0,0,0,0,0,0,0,0,1,0,0,0,0,1,1,0,0,0,0,0,0,0,0,0,0.0
2018-10-30,1.5668665193952032,1.395696227360433,0.17487815955583283,False,True,False,False,65.8129,75.0399,7.12,137.1,0.33758975391764273,2.2515476875342837,1.9092071034647433,-0.09095723687451641,1.487864846148386,1.5800334649363392,-0.09095723687451641,1.487864846148386,1.5800334649363392,-1.395696227360433,1.7907045935945178,3.199567766496087,-0.25391217259335774,0.5518799280232599,-1.395696227360433,0.33758975391764273,-0.15385341498199814,0.39790970734033865,-1.395696227360433,0.33758975391764273,-0.1627115943618099,30,0,0,0.0,0.0,7.5,3.5,4.0,0.5,2.75,1,0,1,0.0,0.0,0,0,0,0,0,0,0,0,1,0,0,0,0,1,1,0,0,0,1,0,0,0,0,0,0.0
2018-10-31,1.3693623362781608,2.291048524157692,-0.9207075153883547,False,True,False,True,65.7742,74.7918,7.06,120.4,0.17487815955583283,1.5668665193952032,1.395696227360433,0.33758975391764273,2.2515476875342837,1.9092071034647433,-0.09095723687451641,1.487864846148386,1.5800334649363392,-0.09095723687451641,1.487864846148386,1.5800334649363392,-0.22773843875863417,0.5695301781401574,-1.395696227360433,0.33758975391764273,-0.13361987987093285,0.4074860886204458,-1.395696227360433,0.33758975391764273,-1.0955856749441875,31,0,1,0.0,0.0,7.5,3.5,4.0,0.5,2.75,1,0,1,1.0,0.0,0,0,0,0,0,0,0,0,1,0,0,0,0,1,1,0,0,0,0,1,0,0,0,0,-0.0
2018-11-01,1.4483640095249777,1.5932004104774755,-0.147316452632055,False,True,True,False,65.5962,74.4189,6.86,122.9,-0.9207075153883547,1.3693623362781608,2.291048524157692,0.17487815955583283,1.5668665193952032,1.395696227360433,0.33758975391764273,2.2515476875342837,1.9092071034647433,-0.09095723687451641,1.487864846148386,1.5800334649363392,-0.296686791414123,0.6256833320488944,-1.395696227360433,0.33758975391764273,-0.19157573473631584,0.4582975400035533,-1.395696227360433,0.33758975391764273,0.7733910627562997,1,1,0,0.0,1.0,7.5,3.8,4.0,0.20000000000000018,2.75,0,0,0,0.0,0.0,0,0,0,0,0,0,0,0,0,1,0,0,0,1,1,0,0,0,0,0,1,0,0,0,-0.0
2018-11-02,1.5668665193952032,1.298191055591037,0.27316919894248604,False,True,False,False,65.6517,74.5803,7.28,134.35,-0.147316452632055,1.4483640095249777,1.5932004104774755,-0.9207075153883547,1.3693623362781608,2.291048524157692,0.17487815955583283,1.5668665193952032,1.395696227360433,-0.09095723687451641,1.487864846148386,1.5800334649363392,-0.11834682359578332,0.3959653901082686,-0.9207075153883547,0.33758975391764273,-0.19193885506090275,0.4582574492204591,-1.395696227360433,0.33758975391764273,0.42048565157454104,2,0,0,1.0,0.0,7.5,3.8,4.0,0.20000000000000018,2.75,0,0,0,0.0,1.0,0,0,0,0,0,0,0,0,0,1,0,0,0,1,1,0,0,0,0,0,0,1,0,0,0.0
2018-11-03,1.5668665193952032,1.298191055591037,0.27316919894248604,False,False,False,False,65.5799,74.9906,7.28,134.35,0.27316919894248604,1.5668665193952032,1.298191055591037,-0.147316452632055,1.4483640095249777,1.5932004104774755,-0.9207075153883547,1.3693623362781608,2.291048524157692,0.33758975391764273,2.2515476875342837,1.9092071034647433,-0.06632876133621153,0.42314792445359256,-0.9207075153883547,0.33758975391764273,-0.16679357773492343,0.4743162131714847,-1.395696227360433,0.33758975391764273,0.0,3,0,0,0.0,0.0,7.5,3.8,4.0,0.20000000000000018,2.75,0,0,0,0.0,1.0,0,0,0,0,0,0,0,0,0,1,0,0,0,1,1,0,0,0,0,0,0,0,1,0,0.27316919894248604
2018-11-04,1.5668665193952032,1.298191055591037,0.27316919894248604,True,False,False,False,65.5799,74.9906,7.28,134.35,0.27316919894248604,1.5668665193952032,1.298191055591037,0.27316919894248604,1.5668665193952032,1.298191055591037,-0.147316452632055,1.4483640095249777,1.5932004104774755,0.17487815955583283,1.5668665193952032,1.395696227360433,-0.014310699076639748,0.4415948647485366,-0.9207075153883547,0.33758975391764273,-0.14164830040894408,0.48845675943115574,-1.395696227360433,0.33758975391764273,0.0,4,0,0,0.0,0.0,7.5,3.8,4.0,0.20000000000000018,2.75,0,0,0,0.0,1.0,0,0,0,0,0,0,0,0,0,1,0,0,0,1,1,0,0,0,0,0,0,0,0,1,0.27316919894248604
2018-11-05,1.5668665193952032,1.298191055591037,0.27316919894248604,True,False,False,False,65.5799,74.9906,7.28,134.35,0.27316919894248604,1.5668665193952032,1.298191055591037,0.27316919894248604,1.5668665193952032,1.298191055591037,0.27316919894248604,1.5668665193952032,1.298191055591037,-0.9207075153883547,1.3693623362781608,2.291048524157692,0.03770736318293203,0.4523761332920631,-0.9207075153883547,0.33758975391764273,-0.1165030230829647,0.5008415887643393,-1.395696227360433,0.33758975391764273,0.0,5,0,0,0.0,0.0,7.5,3.8,4.0,0.20000000000000018,2.75,0,0,0,0.0,1.0,0,0,0,0,0,0,0,0,0,1,0,0,0,1,1,0,0,0,0,0,0,0,0,0,0.27316919894248604
2018-11-06,1.5800334649363392,1.6195343015597479,-0.03917553177582065,False,True,False,False,65.5799,74.9906,7.5,148.95,0.27316919894248604,1.5668665193952032,1.298191055591037,0.27316919894248604,1.5668665193952032,1.298191055591037,0.27316919894248604,1.5668665193952032,1.298191055591037,-0.147316452632055,1.4483640095249777,1.5932004104774755,0.028504426757909644,0.4458671262062019,-0.9207075153883547,0.27316919894248604,-0.11270387291772409,0.5037834294828851,-1.395696227360433,0.33758975391764273,-0.3123447307183067,6,0,0,0.0,0.0,7.5,3.8,4.0,0.20000000000000018,2.75,0,0,0,0.0,0.0,0,0,0,0,0,0,0,0,0,1,0,0,0,1,1,0,0,0,1,0,0,0,0,0,-0.0
2018-11-07,1.306520544078694,1.21267751010681,0.09384303397188397,False,True,False,False,65.9912,75.3158,7.35,110.05,-0.03917553177582065,1.5800334649363392,1.6195343015597479,0.27316919894248604,1.5668665193952032,1.298191055591037,0.27316919894248604,1.5668665193952032,1.298191055591037,0.27316919894248604,1.5668665193952032,1.298191055591037,-0.0020746720037551395,0.4414738013281316,-0.9207075153883547,0.27316919894248604,-0.1149065553811947,0.5033592478477298,-1.395696227360433,0.33758975391764273,0.13301856574770463,7,0,0,0.0,0.0,7.5,3.8,4.0,0.20000000000000018,2.75,0,0,0,0.0,0.0,0,0,0,0,0,0,0,0,0,1,0,0,0,1,1,0,0,0,0,1,0,0,0,0,0.0
2018-11-08,1.724869865888837,1.7907045935945178,-0.06026103275509674,False,True,False,False,66.0918,75.6817,7.34,141.3,0.09384303397188397,1.306520544078694,1.21267751010681,-0.03917553177582065,1.5800334649363392,1.6195343015597479,0.27316919894248604,1.5668665193952032,1.298191055591037,0.27316919894248604,1.5668665193952032,1.298191055591037,0.14286112076199323,0.17685395140103888,-0.147316452632055,0.27316919894248604,-0.07691283532606492,0.49712635737994965,-1.395696227360433,0.33758975391764273,-0.1541040667269807,8,0,0,0.0,0.0,7.5,3.8,4.0,0.20000000000000018,2.75,0,0,0,0.0,0.0,0,0,0,0,0,0,0,0,0,1,0,0,0,1,1,0,0,0,0,0,1,0,0,0,-0.0
2018-11-09,1.6195343015597479,1.4351970639838416,0.18839517658727828,False,True,False,False,66.2155,75.6711,7.37,111.5,-0.06026103275509674,1.724869865888837,1.7907045935945178,0.09384303397188397,1.306520544078694,1.21267751010681,-0.03917553177582065,1.5800334649363392,1.6195343015597479,0.27316919894248604,1.5668665193952032,1.298191055591037,0.1552976093158444,0.1547238627214505,-0.06026103275509674,0.27316919894248604,0.018475392860030523,0.32182805346675164,-0.9207075153883547,0.33758975391764273,0.24865620934237503,9,0,0,0.0,0.0,7.5,3.8,4.0,0.20000000000000018,2.75,0,0,0,0.0,0.0,0,0,0,0,0,0,0,0,0,1,0,0,0,1,1,0,0,0,0,0,0,1,0,0,0.0
2018-11-10,1.6195343015597479,1.4351970639838416,0.18839517658727828,False,False,False,False,66.8497,75.8076,7.37,111.5,0.18839517658727828,1.6195343015597479,1.4351970639838416,-0.06026103275509674,1.724869865888837,1.7907045935945178,0.09384303397188397,1.306520544078694,1.21267751010681,0.27316919894248604,1.5668665193952032,1.298191055591037,0.1431870346936719,0.14708949507420013,-0.06026103275509674,0.27316919894248604,0.038429136678730144,0.32317844010516766,-0.9207075153883547,0.33758975391764273,0.0,10,0,0,0.0,0.0,7.5,3.8,4.0,0.20000000000000018,2.75,0,0,0,0.0,0.0,0,0,0,0,0,0,0,0,0,1,0,0,0,1,1,0,0,0,0,0,0,0,1,0,0.18839517658727828
2018-11-11,1.6195343015597479,1.4351970639838416,0.18839517658727828,False,False,False,False,66.8497,75.8076,7.37,111.5,0.18839517658727828,1.6195343015597479,1.4351970639838416,0.18839517658727828,1.6195343015597479,1.4351970639838416,-0.06026103275509674,1.724869865888837,1.7907045935945178,-0.03917553177582065,1.5800334649363392,1.6195343015597479,0.13107646007149934,0.13780037996682687,-0.06026103275509674,0.27316919894248604,0.058382880497429755,0.32319924872648814,-0.9207075153883547,0.33758975391764273,0.0,11,0,0,0.0,0.0,7.5,3.8,4.0,0.20000000000000018,2.75,0,0,0,0.0,0.0,0,0,0,0,0,0,0,0,0,1,0,0,0,1,1,0,0,0,0,0,0,0,0,1,0.18839517658727828
2018-11-12,1.6853690292654286,1.7775376480533818,-0.08889221710145634,False,True,False,False,66.8497,75.8076,7.43,109.2,0.18839517658727828,1.6195343015597479,1.4351970639838416,0.18839517658727828,1.6195343015597479,1.4351970639838416,0.18839517658727828,1.6195343015597479,1.4351970639838416,0.09384303397188397,1.306520544078694,1.21267751010681,0.1189658854493268,0.12649248661047988,-0.06026103275509674,0.27316919894248604,0.0783366243161294,0.3218907371824624,-0.9207075153883547,0.33758975391764273,-0.2772873936887346,12,0,0,0.0,0.0,7.5,3.8,4.0,0.20000000000000018,2.75,0,0,0,0.0,0.0,0,0,0,0,0,0,0,0,0,1,0,0,0,1,1,0,0,0,0,0,0,0,0,0,-0.0
2018-11-13,1.7380368114299731,1.3561953907370246,0.38152414013748115,False,True,False,False,67.5238,76.0926,7.39,153.63,-0.08889221710145634,1.6853690292654286,1.7775376480533818,0.18839517658727828,1.6195343015597479,1.4351970639838416,0.18839517658727828,1.6195343015597479,1.4351970639838416,-0.06026103275509674,1.724869865888837,1.7907045935945178,0.0672428260144779,0.12695241876128943,-0.08889221710145634,0.18839517658727828,0.04787362638619374,0.31558721672508044,-0.9207075153883547,0.27316919894248604,0.4704163572389375,13,0,0,0.0,0.0,7.5,3.8,4.0,0.20000000000000018,2.75,0,0,0,0.0,1.0,0,0,0,0,0,0,0,0,0,1,0,0,0,1,1,0,0,0,1,0,0,0,0,0,0.0
2018-11-14,1.5800334649363392,1.2932350348277246,0.29107177846616644,False,True,False,False,67.6812,76.0737,7.15,183.15,0.38152414013748115,1.7380368114299731,1.3561953907370246,-0.08889221710145634,1.6853690292654286,1.7775376480533818,0.18839517658727828,1.6195343015597479,1.4351970639838416,0.18839517658727828,1.6195343015597479,1.4351970639838416,0.1273427791449496,0.1627192606629355,-0.08889221710145634,0.38152414013748115,0.06263405357059719,0.32662388609898235,-0.9207075153883547,0.38152414013748115,-0.09045236167131471,14,0,0,0.0,0.0,7.5,3.8,4.0,0.20000000000000018,2.75,0,0,0,0.0,1.0,0,0,0,0,0,0,0,0,0,1,0,0,0,1,1,0,0,0,0,1,0,0,0,0,0.0
2018-11-15,1.7775376480533818,1.6985359748065647,0.07960229958401724,False,True,False,False,67.9975,76.7556,7.01,164.41,0.29107177846616644,1.5800334649363392,1.2932350348277246,0.38152414013748115,1.7380368114299731,1.3561953907370246,-0.08889221710145634,1.6853690292654286,1.7775376480533818,0.18839517658727828,1.6195343015597479,1.4351970639838416,0.15551831407270425,0.17272004016952058,-0.08889221710145634,0.38152414013748115,0.14918971741734868,0.16807001982065448,-0.147316452632055,0.38152414013748115,-0.2114694788821492,15,0,0,0.0,0.0,7.5,3.8,4.0,0.20000000000000018,2.75,0,0,0,0.0,0.0,0,0,0,0,0,0,0,0,0,1,0,0,0,1,1,0,0,0,0,0,1,0,0,0,0.0
2018-11-16,1.382529281819297,1.6590351381831563,-0.28236839554679943,False,True,False,False,66.6159,75.5358,6.92,131.76,0.07960229958401724,1.7775376480533818,1.6985359748065647,0.29107177846616644,1.5800334649363392,1.2932350348277246,0.38152414013748115,1.7380368114299731,1.3561953907370246,0.18839517658727828,1.6195343015597479,1.4351970639838416,0.17549879012114908,0.1502227526228531,-0.08889221710145634,0.38152414013748115,0.16539819971849673,0.14688205670823876,-0.08889221710145634,0.38152414013748115,-0.3619706951308167,16,0,0,0.0,0.0,7.5,3.8,4.0,0.20000000000000018,2.75,0,0,0,0.0,0.0,0,0,0,0,0,0,0,0,0,1,0,0,0,1,1,0,0,0,0,0,0,1,0,0,-0.0
2018-11-17,1.382529281819297,1.6590351381831563,-0.28236839554679943,False,False,False,False,65.9931,74.9022,6.92,131.76,-0.28236839554679943,1.382529281819297,1.6590351381831563,0.07960229958401724,1.7775376480533818,1.6985359748065647,0.29107177846616644,1.5800334649363392,1.2932350348277246,-0.08889221710145634,1.6853690292654286,1.7775376480533818,0.10824685124485227,0.22847958784932243,-0.28236839554679943,0.38152414013748115,0.12571694296926203,0.18549358421787204,-0.28236839554679943,0.38152414013748115,0.0,17,0,0,0.0,0.0,7.5,3.8,4.0,0.20000000000000018,2.75,0,0,0,0.0,0.0,0,0,0,0,0,0,0,0,0,1,0,0,0,1,1,0,0,0,0,0,0,0,1,0,-0.28236839554679943
2018-11-18,1.382529281819297,1.6590351381831563,-0.28236839554679943,False,False,False,False,65.9931,74.9022,6.92,131.76,-0.28236839554679943,1.382529281819297,1.6590351381831563,-0.28236839554679943,1.382529281819297,1.6590351381831563,0.07960229958401724,1.7775376480533818,1.6985359748065647,0.38152414013748115,1.7380368114299731,1.3561953907370246,0.04099491236855545,0.2669938471124185,-0.28236839554679943,0.38152414013748115,0.08603568622002736,0.20940379708138054,-0.28236839554679943,0.38152414013748115,0.0,18,0,0,0.0,0.0,7.5,3.8,4.0,0.20000000000000018,2.75,0,0,0,0.0,0.0,0,0,0,0,0,0,0,0,0,1,0,0,0,1,1,0,0,0,0,0,0,0,0,1,-0.28236839554679943
2018-11-19,1.487864846148386,1.6853690292654286,-0.20462031457042992,False,True,False,False,65.9931,74.9022,7.01,110.35,-0.28236839554679943,1.382529281819297,1.6590351381831563,-0.28236839554679943,1.382529281819297,1.6590351381831563,-0.28236839554679943,1.382529281819297,1.6590351381831563,0.29107177846616644,1.5800334649363392,1.2932350348277246,-0.026257026507741366,0.2825159330053205,-0.28236839554679943,0.38152414013748115,0.04635442947079268,0.22338437707495104,-0.28236839554679943,0.38152414013748115,0.07774808097636951,19,0,0,0.0,0.0,7.5,3.8,4.0,0.20000000000000018,2.75,0,0,0,0.0,0.0,0,0,0,0,0,0,0,0,0,1,0,0,0,1,1,0,0,0,0,0,0,0,0,0,-0.0
2018-11-20,1.5141987372306585,1.487864846148386,0.020784980102110048,False,True,False,False,66.0081,75.3218,7.06,82.4,-0.20462031457042992,1.487864846148386,1.6853690292654286,-0.28236839554679943,1.382529281819297,1.6590351381831563,-0.28236839554679943,1.382529281819297,1.6590351381831563,0.07960229958401724,1.7775376480533818,1.6985359748065647,-0.042789611860451875,0.29007715214804225,-0.28236839554679943,0.38152414013748115,0.012226607077012975,0.22256287025543892,-0.28236839554679943,0.38152414013748115,0.22540529467253997,20,0,0,0.0,0.0,7.5,3.8,4.0,0.20000000000000018,2.75,0,0,0,0.0,0.0,0,0,0,0,0,0,0,0,0,1,0,0,0,1,1,0,0,0,1,0,0,0,0,0,0.0
2018-11-21,1.3298614996547522,1.4088631729015693,-0.08208689216125017,False,True,False,False,65.5871,75.1825,7.12,94.5,0.020784980102110048,1.5141987372306585,1.487864846148386,-0.20462031457042992,1.487864846148386,1.6853690292654286,-0.28236839554679943,1.382529281819297,1.6590351381831563,-0.28236839554679943,1.382529281819297,1.6590351381831563,-0.0943237775797906,0.22740481603806453,-0.28236839554679943,0.29107177846616644,0.016509500782579452,0.22207401177634062,-0.28236839554679943,0.38152414013748115,-0.10287187226336023,21,0,0,0.0,0.0,7.5,3.8,4.0,0.20000000000000018,2.75,0,0,0,0.0,0.0,0,0,0,0,0,0,0,0,0,1,0,0,0,1,1,0,0,0,0,1,0,0,0,0,-0.0
2018-11-22,1.5405326283129308,1.382529281819297,0.1643886287145478,False,True,False,False,65.9485,75.1483,6.91,104.35,-0.08208689216125017,1.3298614996547522,1.4088631729015693,0.020784980102110048,1.5141987372306585,1.487864846148386,-0.20462031457042992,1.487864846148386,1.6853690292654286,-0.28236839554679943,1.382529281819297,1.6590351381831563,-0.14763215909799296,0.153842573273232,-0.28236839554679943,0.07960229958401724,0.003943077487355585,0.22233883196730375,-0.28236839554679943,0.38152414013748115,0.24647552087579797,22,0,0,0.0,0.0,7.5,3.8,4.0,0.20000000000000018,2.75,0,0,0,0.0,0.0,0,0,0,0,0,0,0,0,0,1,0,0,0,1,1,0,0,0,0,0,1,0,0,0,0.0
2018-11-23,1.6853690292654286,1.8302054302179263,-0.1454180275057847,False,True,False,False,65.6067,74.8048,7.07,141.5,0.1643886287145478,1.5405326283129308,1.382529281819297,-0.08208689216125017,1.3298614996547522,1.4088631729015693,0.020784980102110048,1.5141987372306585,1.487864846148386,-0.28236839554679943,1.382529281819297,1.6590351381831563,-0.13551982636506005,0.1763990441645485,-0.28236839554679943,0.1643886287145478,0.01998948187804448,0.22543377305336743,-0.28236839554679943,0.38152414013748115,-0.3098066562203325,23,0,0,0.0,0.0,7.5,3.8,4.0,0.20000000000000018,2.75,0,0,0,0.0,0.0,0,0,0,0,0,0,0,0,0,1,0,0,0,1,1,0,0,0,0,0,0,1,0,0,-0.0
2018-11-24,1.6853690292654286,1.8302054302179263,-0.1454180275057847,False,False,False,False,65.6664,74.9385,7.07,141.5,-0.1454180275057847,1.6853690292654286,1.8302054302179263,0.1643886287145478,1.5405326283129308,1.382529281819297,-0.08208689216125017,1.3298614996547522,1.4088631729015693,-0.20462031457042992,1.487864846148386,1.6853690292654286,-0.11595548807348652,0.16459742073646746,-0.28236839554679943,0.1643886287145478,-0.0038543184143171594,0.22389984182608852,-0.28236839554679943,0.38152414013748115,0.0,24,0,0,0.0,0.0,7.5,3.8,4.0,0.20000000000000018,2.75,0,0,0,0.0,0.0,0,0,0,0,0,0,0,0,0,1,0,0,0,1,1,0,0,0,0,0,0,0,1,0,-0.1454180275057847
2018-11-25,1.6853690292654286,1.8302054302179263,-0.1454180275057847,False,False,False,False,65.6664,74.9385,7.07,141.5,-0.1454180275057847,1.6853690292654286,1.8302054302179263,-0.1454180275057847,1.6853690292654286,1.8302054302179263,0.1643886287145478,1.5405326283129308,1.382529281819297,0.020784980102110048,1.5141987372306585,1.487864846148386,-0.09639114978191296,0.14891233864545636,-0.28236839554679943,0.1643886287145478,-0.0276981187066788,0.2195845464011762,-0.28236839554679943,0.38152414013748115,0.0,25,0,0,0.0,0.0,7.5,3.8,4.0,0.20000000000000018,2.75,1,0,0,0.0,0.0,0,0,0,0,0,0,0,0,0,1,0,0,0,1,1,0,0,0,0,0,0,0,0,1,-0.1454180275057847
2018-11-26,1.6722020837242924,2.5017196528158707,-0.8261369367976551,False,True,False,False,65.6664,74.9385,7.43,71.55,-0.1454180275057847,1.6853690292654286,1.8302054302179263,-0.1454180275057847,1.6853690292654286,1.8302054302179263,-0.1454180275057847,1.6853690292654286,1.8302054302179263,-0.08208689216125017,1.3298614996547522,1.4088631729015693,-0.07682681149033943,0.12792319510335287,-0.20462031457042992,0.1643886287145478,-0.05154191899904044,0.21231836373348797,-0.28236839554679943,0.38152414013748115,-0.6807189092918704,26,0,0,0.0,0.0,7.5,3.8,4.0,0.20000000000000018,2.75,1,1,1,1.0,0.0,0,0,0,0,0,0,0,0,0,1,0,0,0,1,1,0,0,0,0,0,0,0,0,0,-0.0
2018-11-27,1.711702920347701,2.185712959828603,-0.4756640886391491,False,True,False,False,66.5072,75.5655,7.57,90.65,-0.8261369367976551,1.6722020837242924,2.5017196528158707,-0.1454180275057847,1.6853690292654286,1.8302054302179263,-0.1454180275057847,1.6853690292654286,1.8302054302179263,0.1643886287145478,1.5405326283129308,1.382529281819297,-0.16561490037994303,0.31308605697438585,-0.8261369367976551,0.1643886287145478,-0.1042022561201975,0.29688212888543913,-0.8261369367976551,0.38152414013748115,0.350472848158506,27,0,0,0.0,0.0,7.5,3.8,4.0,0.20000000000000018,2.75,1,0,1,0.0,0.0,0,0,0,0,0,0,0,0,0,1,0,0,0,1,1,0,0,0,1,0,0,0,0,0,-0.0
2018-11-28,1.5141987372306585,1.64586819264202,-0.12969289453601798,False,True,False,False,66.78,75.6217,7.46,119.3,-0.4756640886391491,1.711702920347701,2.185712959828603,-0.8261369367976551,1.6722020837242924,2.5017196528158707,-0.1454180275057847,1.6853690292654286,1.8302054302179263,-0.1454180275057847,1.6853690292654286,1.8302054302179263,-0.23653619591440864,0.31997761562466376,-0.8261369367976551,0.1643886287145478,-0.16542998674709966,0.27670826777269286,-0.8261369367976551,0.29107177846616644,0.34597119410313115,28,0,0,0.0,0.0,7.5,3.8,4.0,0.20000000000000018,2.75,1,0,1,0.0,0.0,0,0,0,0,0,0,0,0,0,1,0,0,0,1,1,0,0,0,0,1,0,0,0,0,-0.0
2018-11-29,1.724869865888837,1.8170384846767902,-0.09646153433260249,False,True,False,False,66.9436,75.5191,7.29,125.7,-0.12969289453601798,1.5141987372306585,1.64586819264202,-0.4756640886391491,1.711702920347701,2.185712959828603,-0.8261369367976551,1.6722020837242924,2.5017196528158707,-0.1454180275057847,1.6853690292654286,1.8302054302179263,-0.24333705339651832,0.3166362763453847,-0.8261369367976551,0.1643886287145478,-0.1954846062472557,0.24425938402091882,-0.8261369367976551,0.1643886287145478,0.033231360203415494,29,0,0,0.0,0.0,7.5,3.8,4.0,0.20000000000000018,2.75,1,0,1,0.0,0.0,0,0,0,0,0,0,0,0,0,1,0,0,0,1,1,0,0,0,0,0,1,0,0,0,-0.0
2018-11-30,1.632701247100884,1.7775376480533818,-0.14500704446137533,False,True,False,True,66.6342,75.8897,7.5,136.35,-0.09646153433260249,1.724869865888837,1.8170384846767902,-0.12969289453601798,1.5141987372306585,1.64586819264202,-0.4756640886391491,1.711702920347701,2.185712959828603,-0.1454180275057847,1.6853690292654286,1.8302054302179263,-0.28060136240325406,0.2729966343364997,-0.8261369367976551,-0.09646153433260249,-0.2080605943841571,0.2332929807369235,-0.8261369367976551,0.1643886287145478,-0.04854551012877284,30,0,1,0.0,0.0,7.5,3.8,4.0,0.20000000000000018,2.75,1,0,1,0.0,0.0,0,0,0,0,0,0,0,0,0,1,0,0,0,1,1,0,0,0,0,0,0,1,0,0,-0.0
2018-12-01,1.632701247100884,1.7775376480533818,-0.14500704446137533,False,False,False,False,66.5335,75.7484,7.5,136.35,-0.14500704446137533,1.632701247100884,1.7775376480533818,-0.09646153433260249,1.724869865888837,1.8170384846767902,-0.12969289453601798,1.5141987372306585,1.64586819264202,-0.8261369367976551,1.6722020837242924,2.5017196528158707,-0.28054265053976707,0.27303059506487565,-0.8261369367976551,-0.09646153433260249,-0.19824906930662678,0.2328154385737802,-0.8261369367976551,0.1643886287145478,0.0,1,1,0,0.0,1.0,7.75,4.3,4.0,-0.2999999999999998,3.0,0,0,0,0.0,0.0,0,0,0,0,0,0,0,0,0,0,1,0,0,1,1,0,0,0,0,0,0,0,1,0,-0.14500704446137533
2018-12-02,1.632701247100884,1.7775376480533818,-0.14500704446137533,False,False,False,False,66.5335,75.7484,7.5,136.35,-0.14500704446137533,1.632701247100884,1.7775376480533818,-0.14500704446137533,1.632701247100884,1.7775376480533818,-0.09646153433260249,1.724869865888837,1.8170384846767902,-0.4756640886391491,1.711702920347701,2.185712959828603,-0.28048393867627996,0.27306453684195287,-0.8261369367976551,-0.09646153433260249,-0.1884375442290965,0.23189027536574022,-0.8261369367976551,0.1643886287145478,0.0,2,0,0,1.0,0.0,7.75,4.3,4.0,-0.2999999999999998,3.0,0,0,0,0.0,0.0,0,0,0,0,0,0,0,0,0,0,1,0,0,1,1,0,0,0,0,0,0,0,0,1,-0.14500704446137533
2018-12-03,1.5273656827717947,1.6985359748065647,-0.1641241141008238,False,True,True,False,66.5335,75.7484,7.28,79.6,-0.14500704446137533,1.632701247100884,1.7775376480533818,-0.14500704446137533,1.632701247100884,1.7775376480533818,-0.14500704446137533,1.632701247100884,1.7775376480533818,-0.12969289453601798,1.5141987372306585,1.64586819264202,-0.2804252268127929,0.27309845967479734,-0.8261369367976551,-0.09646153433260249,-0.17862601915156623,0.23051210157779173,-0.8261369367976551,0.1643886287145478,-0.01911706963944848,3,0,0,0.0,0.0,7.75,4.3,4.0,-0.2999999999999998,3.0,0,0,0,0.0,0.0,0,0,0,0,0,0,0,0,0,0,1,0,0,1,1,0,0,0,0,0,0,0,0,0,-0.0
2018-12-04,1.4088631729015693,1.632701247100884,-0.2201784697616255,False,True,False,False,66.2921,75.3874,7.41,93.46,-0.1641241141008238,1.5273656827717947,1.6985359748065647,-0.14500704446137533,1.632701247100884,1.7775376480533818,-0.14500704446137533,1.632701247100884,1.7775376480533818,-0.09646153433260249,1.724869865888837,1.8170384846767902,-0.18585196642753132,0.1294942594639054,-0.4756640886391491,-0.09646153433260249,-0.17573343340373723,0.2304148832971633,-0.8261369367976551,0.1643886287145478,-0.05605435566080169,4,0,0,0.0,0.0,7.75,4.3,4.0,-0.2999999999999998,3.0,0,0,0,0.0,0.0,0,0,0,0,0,0,0,0,0,0,1,0,0,1,1,0,0,0,1,0,0,0,0,0,-0.0
2018-12-05,1.395696227360433,1.5536995738540669,-0.15254496073945273,False,True,False,False,66.4467,75.6562,7.41,94.9,-0.2201784697616255,1.4088631729015693,1.632701247100884,-0.1641241141008238,1.5273656827717947,1.6985359748065647,-0.14500704446137533,1.632701247100884,1.7775376480533818,-0.14500704446137533,1.632701247100884,1.7775376480533818,-0.14935402087359936,0.037583511117179266,-0.2201784697616255,-0.09646153433260249,-0.19294510839400406,0.2235021475734717,-0.8261369367976551,0.1643886287145478,0.06763350902217277,5,0,0,0.0,0.0,7.75,4.3,4.0,-0.2999999999999998,3.0,0,0,0,0.0,0.0,0,0,0,0,0,0,0,0,0,0,1,0,0,1,1,0,0,0,0,1,0,0,0,0,-0.0
2018-12-06,1.5141987372306585,1.461530955066114,0.04860970588776534,False,True,False,False,66.8242,75.7051,7.41,85.9,-0.15254496073945273,1.395696227360433,1.5536995738540669,-0.2201784697616255,1.4088631729015693,1.632701247100884,-0.1641241141008238,1.5273656827717947,1.6985359748065647,-0.14500704446137533,1.632701247100884,1.7775376480533818,-0.15261860175980432,0.03656989116107669,-0.2201784697616255,-0.09646153433260249,-0.19797782757816135,0.22159904223623042,-0.8261369367976551,0.1643886287145478,0.20115466662721807,6,0,0,0.0,0.0,7.75,4.3,4.0,-0.2999999999999998,3.0,0,0,0,0.0,0.0,0,0,0,0,0,0,0,0,0,0,1,0,0,1,1,0,0,0,0,0,1,0,0,0,0.0
2018-12-07,1.64586819264202,1.5536995738540669,0.0810475956293964,False,True,False,False,66.7377,75.6071,7.38,124.0,0.04860970588776534,1.5141987372306585,1.461530955066114,-0.15254496073945273,1.395696227360433,1.5536995738540669,-0.2201784697616255,1.4088631729015693,1.632701247100884,-0.14500704446137533,1.632701247100884,1.7775376480533818,-0.13189413887118034,0.0840206657909488,-0.2201784697616255,0.04860970588776534,-0.2062477506372172,0.20882790890536307,-0.8261369367976551,0.04860970588776534,0.03243788974163105,7,0,0,0.0,0.0,7.75,4.3,4.0,-0.2999999999999998,3.0,0,0,0,0.0,0.0,0,0,0,0,0,0,0,0,0,0,1,0,0,1,1,0,0,0,0,0,0,1,0,0,0.0
2018-12-08,1.64586819264202,1.5536995738540669,0.0810475956293964,False,False,False,False,66.9227,76.0777,7.38,124.0,0.0810475956293964,1.64586819264202,1.5536995738540669,0.04860970588776534,1.5141987372306585,1.461530955066114,-0.15254496073945273,1.395696227360433,1.5536995738540669,-0.1641241141008238,1.5273656827717947,1.6985359748065647,-0.09960061885821296,0.1156351789285503,-0.2201784697616255,0.0810475956293964,-0.19007163469899,0.22224263742855035,-0.8261369367976551,0.0810475956293964,0.0,8,0,0,0.0,0.0,7.75,4.3,4.0,-0.2999999999999998,3.0,0,0,0,0.0,0.0,0,0,0,0,0,0,0,0,0,0,1,0,0,1,1,0,0,0,0,0,0,0,1,0,0.0810475956293964
2018-12-09,1.64586819264202,1.5536995738540669,0.0810475956293964,False,False,False,False,66.9227,76.0777,7.38,124.0,0.0810475956293964,1.64586819264202,1.5536995738540669,0.0810475956293964,1.64586819264202,1.5536995738540669,0.04860970588776534,1.5141987372306585,1.461530955066114,-0.2201784697616255,1.4088631729015693,1.632701247100884,-0.06730709884524556,0.13133982735810265,-0.2201784697616255,0.0810475956293964,-0.17389551876076279,0.2336897395509711,-0.8261369367976551,0.0810475956293964,0.0,9,0,0,0.0,0.0,7.75,4.3,4.0,-0.2999999999999998,3.0,0,0,0,0.0,0.0,0,0,0,0,0,0,0,0,0,0,1,0,0,1,1,0,0,0,0,0,0,0,0,1,0.0810475956293964
2018-12-10,2.0935443410406496,2.1462121232051943,-0.0585797363805897,False,True,False,False,66.9227,76.0777,7.42,78.45,0.0810475956293964,1.64586819264202,1.5536995738540669,0.0810475956293964,1.64586819264202,1.5536995738540669,0.0810475956293964,1.64586819264202,1.5536995738540669,-0.15254496073945273,1.395696227360433,1.5536995738540669,-0.03501357883227819,0.1367312664090018,-0.2201784697616255,0.0810475956293964,-0.15771940282253558,0.2434469325713398,-0.8261369367976551,0.0810475956293964,-0.1396273320099861,10,0,0,0.0,0.0,7.75,4.3,4.0,-0.2999999999999998,3.0,0,0,0,0.0,0.0,0,0,0,0,0,0,0,0,0,0,1,0,0,1,1,0,0,0,0,0,0,0,0,0,-0.0
2018-12-11,1.7380368114299731,2.040876558876105,-0.29951372080591715,False,True,False,False,66.2416,75.7075,7.43,52.25,-0.0585797363805897,2.0935443410406496,2.1462121232051943,0.0810475956293964,1.64586819264202,1.5536995738540669,0.0810475956293964,1.64586819264202,1.5536995738540669,0.04860970588776534,1.5141987372306585,1.461530955066114,-0.019935810586530454,0.12547715268805618,-0.2201784697616255,0.0810475956293964,-0.10289388850703092,0.14972494581129392,-0.4756640886391491,0.0810475956293964,-0.24093398442532746,11,0,0,0.0,0.0,7.75,4.3,4.0,-0.2999999999999998,3.0,0,0,0,0.0,0.0,0,0,0,0,0,0,0,0,0,0,1,0,0,1,1,0,0,0,1,0,0,0,0,0,-0.0
2018-12-12,1.5273656827717947,1.5932004104774755,-0.06214287390278686,False,True,False,False,66.5022,75.6197,7.4,96.7,-0.29951372080591715,1.7380368114299731,2.040876558876105,-0.0585797363805897,2.0935443410406496,2.1462121232051943,0.0810475956293964,1.64586819264202,1.5536995738540669,0.0810475956293964,1.64586819264202,1.5536995738540669,-0.03126941787857212,0.14811854814617537,-0.29951372080591715,0.0810475956293964,-0.09031171937608577,0.12054799708085652,-0.29951372080591715,0.0810475956293964,0.2373708469031303,12,0,0,0.0,0.0,7.75,4.3,4.0,-0.2999999999999998,3.0,0,0,0,0.0,0.0,0,0,0,0,0,0,0,0,0,0,1,0,0,1,1,0,0,0,0,1,0,0,0,0,-0.0
2018-12-13,1.711702920347701,1.6063673560186116,0.10088225214809,False,True,False,False,66.4225,75.2168,7.38,58.2,-0.06214287390278686,1.5273656827717947,1.5932004104774755,-0.29951372080591715,1.7380368114299731,2.040876558876105,-0.0585797363805897,2.0935443410406496,2.1462121232051943,0.0810475956293964,1.64586819264202,1.5536995738540669,-0.018354834044762708,0.139470745732489,-0.29951372080591715,0.0810475956293964,-0.08548671790228354,0.12020185994717743,-0.29951372080591715,0.0810475956293964,0.16302512605087688,13,0,0,0.0,0.0,7.75,4.3,4.0,-0.2999999999999998,3.0,0,0,0,0.0,0.0,0,0,0,0,0,0,0,0,0,0,1,0,0,1,1,0,0,0,0,0,1,0,0,0,0.0
2018-12-14,1.724869865888837,2.0013757222526967,-0.2767550826001105,False,True,False,False,66.255,75.3916,7.5,92.65,0.10088225214809,1.711702920347701,1.6063673560186116,-0.06214287390278686,1.5273656827717947,1.5932004104774755,-0.29951372080591715,1.7380368114299731,2.040876558876105,0.0810475956293964,1.64586819264202,1.5536995738540669,-0.010887327436144898,0.1449456340734909,-0.29951372080591715,0.10088225214809,-0.07139073315366266,0.1299886161138091,-0.29951372080591715,0.10088225214809,-0.3776373347482005,14,0,0,0.0,0.0,7.75,4.3,4.0,-0.2999999999999998,3.0,0,0,0,0.0,0.0,0,0,0,0,0,0,0,0,0,0,1,0,0,1,1,0,0,0,0,0,0,1,0,0,-0.0
2018-12-15,1.724869865888837,2.0013757222526967,-0.2767550826001105,False,False,False,False,66.4337,75.389,7.5,92.65,-0.2767550826001105,1.724869865888837,2.0013757222526967,0.10088225214809,1.711702920347701,1.6063673560186116,-0.06214287390278686,1.5273656827717947,1.5932004104774755,-0.0585797363805897,2.0935443410406496,2.1462121232051943,-0.062001995754645885,0.16832512634654642,-0.29951372080591715,0.10088225214809,-0.08080130730642945,0.14010349312067755,-0.29951372080591715,0.10088225214809,0.0,15,0,0,0.0,0.0,7.75,4.3,4.0,-0.2999999999999998,3.0,0,0,0,0.0,0.0,0,0,0,0,0,0,0,0,0,0,1,0,0,1,1,0,0,0,0,0,0,0,1,0,-0.2767550826001105
2018-12-16,1.724869865888837,2.0013757222526967,-0.2767550826001105,False,False,False,False,66.4337,75.389,7.5,92.65,-0.2767550826001105,1.724869865888837,2.0013757222526967,-0.2767550826001105,1.724869865888837,2.0013757222526967,0.10088225214809,1.711702920347701,1.6063673560186116,-0.29951372080591715,1.7380368114299731,2.040876558876105,-0.11311666407314687,0.1719335271022044,-0.29951372080591715,0.10088225214809,-0.09021188145919624,0.14889659160376914,-0.29951372080591715,0.10088225214809,0.0,16,0,0,0.0,0.0,7.75,4.3,4.0,-0.2999999999999998,3.0,0,0,0,0.0,0.0,0,0,0,0,0,0,0,0,0,0,1,0,0,1,1,0,0,0,0,0,0,0,0,1,-0.2767550826001105
2018-12-17,2.133045177664058,2.4095510340279174,-0.28325852065838547,False,True,False,False,66.4337,75.389,7.57,89.7,-0.2767550826001105,1.724869865888837,2.0013757222526967,-0.2767550826001105,1.724869865888837,2.0013757222526967,-0.2767550826001105,1.724869865888837,2.0013757222526967,-0.06214287390278686,1.5273656827717947,1.5932004104774755,-0.16423133239164786,0.1571388099217925,-0.29951372080591715,0.10088225214809,-0.09962245561196305,0.15659073707916077,-0.29951372080591715,0.10088225214809,-0.0065034380582749685,17,0,0,0.0,0.0,7.75,4.3,4.0,-0.2999999999999998,3.0,0,0,0,0.0,0.0,0,0,0,0,0,0,0,0,0,0,1,0,0,1,1,0,0,0,0,0,0,0,0,0,-0.0
2018-12-18,2.0803773954995135,1.882873212382471,0.18971906324305315,False,True,False,False,66.6208,75.3814,7.67,103.0,-0.28325852065838547,2.133045177664058,2.4095510340279174,-0.2767550826001105,1.724869865888837,2.0013757222526967,-0.2767550826001105,1.724869865888837,2.0013757222526967,0.10088225214809,1.711702920347701,1.6063673560186116,-0.1963283015741901,0.15489207925406728,-0.29951372080591715,0.10088225214809,-0.10813205608036032,0.163452303191766,-0.29951372080591715,0.10088225214809,0.4729775839014386,18,0,0,0.0,0.0,7.75,4.3,4.0,-0.2999999999999998,3.0,0,0,0,0.0,0.0,0,0,0,0,0,0,0,0,0,0,1,0,0,1,1,0,0,0,1,0,0,0,0,0,0.0
2018-12-19,1.5932004104774755,1.869706266841335,-0.28062203642260375,False,True,False,False,66.7454,75.7761,7.68,116.0,0.18971906324305315,2.0803773954995135,1.882873212382471,-0.28325852065838547,2.133045177664058,2.4095510340279174,-0.2767550826001105,1.724869865888837,2.0013757222526967,-0.2767550826001105,1.724869865888837,2.0013757222526967,-0.12643790385290862,0.20336420554378434,-0.28325852065838547,0.18971906324305315,-0.07885366086574042,0.1779101477923785,-0.29951372080591715,0.18971906324305315,-0.4703410996656569,19,0,0,0.0,0.0,7.75,4.3,4.0,-0.2999999999999998,3.0,0,0,0,0.0,0.0,0,0,0,0,0,0,0,0,0,0,1,0,0,1,1,0,0,0,0,1,0,0,0,0,-0.0
2018-12-20,2.238380741993147,2.3437163063222366,-0.1067733614303083,False,True,False,False,67.1121,76.4742,7.66,151.0,-0.28062203642260375,1.5932004104774755,1.869706266841335,0.18971906324305315,2.0803773954995135,1.882873212382471,-0.28325852065838547,2.133045177664058,2.4095510340279174,-0.2767550826001105,1.724869865888837,2.0013757222526967,-0.15764921278431104,0.20855130296173718,-0.28325852065838547,0.18971906324305315,-0.0880020234145369,0.1851370891472288,-0.29951372080591715,0.18971906324305315,0.17384867499229545,20,0,0,0.0,0.0,7.75,4.3,4.0,-0.2999999999999998,3.0,0,0,0,0.0,0.0,0,0,0,0,0,0,0,0,0,0,1,0,0,1,1,0,0,0,0,0,1,0,0,0,-0.0
2018-12-21,2.9098949645910914,1.8302054302179263,1.0792755951651447,False,True,False,False,67.371,76.9377,7.66,130.7,-0.1067733614303083,2.238380741993147,2.3437163063222366,-0.28062203642260375,1.5932004104774755,1.869706266841335,0.18971906324305315,2.0803773954995135,1.882873212382471,-0.2767550826001105,1.724869865888837,2.0013757222526967,-0.18731430043836794,0.1782094216151655,-0.28325852065838547,0.18971906324305315,-0.09910081393725646,0.18092703109388353,-0.29951372080591715,0.18971906324305315,1.186048956595453,21,0,0,0.0,0.0,7.75,4.3,4.0,-0.2999999999999998,3.0,0,0,0,0.0,1.0,0,0,0,0,0,0,0,0,0,0,1,0,0,1,1,0,0,0,0,0,0,1,0,0,0.0
2018-12-22,2.9098949645910914,1.8302054302179263,1.0792755951651447,False,False,False,False,68.0085,77.9717,7.66,130.7,1.0792755951651447,2.9098949645910914,1.8302054302179263,-0.1067733614303083,2.238380741993147,2.3437163063222366,-0.28062203642260375,1.5932004104774755,1.869706266841335,-0.28325852065838547,2.133045177664058,2.4095510340279174,0.006404367813811358,0.5040028837285057,-0.28325852065838547,1.0792755951651447,-0.027798813970417297,0.3627344373818751,-0.29951372080591715,1.0792755951651447,0.0,22,0,0,0.0,0.0,7.75,4.3,4.0,-0.2999999999999998,3.0,0,0,0,0.0,1.0,0,0,0,0,0,0,0,0,0,0,1,0,0,1,1,0,0,0,0,0,0,0,1,0,1.0792755951651447
2018-12-23,2.9098949645910914,1.8302054302179263,1.0792755951651447,False,False,False,False,68.0085,77.9717,7.66,130.7,1.0792755951651447,2.9098949645910914,1.8302054302179263,1.0792755951651447,2.9098949645910914,1.8302054302179263,-0.1067733614303083,2.238380741993147,2.3437163063222366,0.18971906324305315,2.0803773954995135,1.882873212382471,0.2001230360659907,0.6234712476601939,-0.28325852065838547,1.0792755951651447,0.043503185996421875,0.46847396204681907,-0.29951372080591715,1.0792755951651447,0.0,23,0,0,0.0,0.0,7.75,4.3,4.0,-0.2999999999999998,3.0,0,0,0,0.0,1.0,0,0,0,0,0,0,0,0,0,0,1,0,0,1,1,0,0,0,0,0,0,0,0,1,1.0792755951651447
2018-12-24,2.462218816192462,2.6728899448506405,-0.2182610763336086,False,True,False,False,68.0085,77.9717,7.62,104.21,1.0792755951651447,2.9098949645910914,1.8302054302179263,1.0792755951651447,2.9098949645910914,1.8302054302179263,1.0792755951651447,2.9098949645910914,1.8302054302179263,-0.28062203642260375,1.5932004104774755,1.869706266841335,0.39384170431817,0.6601901752596291,-0.28325852065838547,1.0792755951651447,0.11480518596326104,0.5444348755725924,-0.29951372080591715,1.0792755951651447,-1.2975366714987533,24,0,0,0.0,0.0,7.75,4.3,4.0,-0.2999999999999998,3.0,0,0,0,0.0,0.0,0,0,0,0,0,0,0,0,0,0,1,0,0,1,1,0,0,0,0,0,0,0,0,0,-0.0
2018-12-25,2.962562746755636,2.9888966378379087,-0.01691692311341853,False,True,False,False,68.4073,77.8886,7.62,185.1,-0.2182610763336086,2.462218816192462,2.6728899448506405,1.0792755951651447,2.9098949645910914,1.8302054302179263,1.0792755951651447,2.9098949645910914,1.8302054302179263,-0.1067733614303083,2.238380741993147,2.3437163063222366,0.40312705350742384,0.6494495079818768,-0.28062203642260375,1.0792755951651447,0.10339937596661683,0.5499909682739125,-0.29951372080591715,1.0792755951651447,0.2013441532201901,25,0,0,0.0,0.0,7.75,4.3,4.0,-0.2999999999999998,3.0,1,1,1,0.0,0.0,0,0,0,0,0,0,0,0,0,0,1,0,0,1,1,0,0,0,1,0,0,0,0,0,-0.0
2018-12-26,2.8835610735088193,2.4095510340279174,0.46515672918742274,False,True,False,False,68.7448,78.4309,7.43,221.89,-0.01691692311341853,2.962562746755636,2.9888966378379087,-0.2182610763336086,2.462218816192462,2.6728899448506405,1.0792755951651447,2.9098949645910914,1.8302054302179263,1.0792755951651447,2.9098949645910914,1.8302054302179263,0.37360762688507076,0.6652696416563484,-0.28062203642260375,1.0792755951651447,0.12358486151608103,0.5391448743558722,-0.28325852065838547,1.0792755951651447,0.48207365230084126,26,0,0,0.0,0.0,7.75,4.3,4.0,-0.2999999999999998,3.0,1,0,1,0.0,1.0,0,0,0,0,0,0,0,0,0,0,1,0,0,1,1,0,0,0,0,1,0,0,0,0,0.0
2018-12-27,3.713078642600397,3.3707380585308573,0.33652461192255156,False,True,False,False,68.8865,78.5237,7.55,155.15,0.46515672918742274,2.8835610735088193,2.4095510340279174,-0.01691692311341853,2.962562746755636,2.9888966378379087,-0.2182610763336086,2.462218816192462,2.6728899448506405,1.0792755951651447,2.9098949645910914,1.8302054302179263,0.480147450543646,0.599501435119451,-0.2182610763336086,1.0792755951651447,0.16124911887966742,0.5435722118326903,-0.28325852065838547,1.0792755951651447,-0.12863211726487117,27,0,0,0.0,0.0,7.75,4.3,4.0,-0.2999999999999998,3.0,1,0,1,0.0,1.0,0,0,0,0,0,0,0,0,0,0,1,0,0,1,1,0,0,0,0,0,1,0,0,0,0.0
2018-12-28,3.8710819890940313,3.1600669298726785,0.7098058183454296,False,True,False,False,68.8762,78.388,7.07,80.78,0.33652461192255156,3.713078642600397,3.3707380585308573,0.46515672918742274,2.8835610735088193,2.4095510340279174,-0.01691692311341853,2.962562746755636,2.9888966378379087,1.0792755951651447,2.9098949645910914,1.8302054302179263,0.5434757324511974,0.5484052646054083,-0.2182610763336086,1.0792755951651447,0.17808071600641467,0.5452050317078041,-0.28325852065838547,1.0792755951651447,0.373281206422878,28,0,0,0.0,0.0,7.75,4.3,4.0,-0.2999999999999998,3.0,1,0,1,0.0,1.0,0,0,0,0,0,0,0,0,0,0,1,0,0,1,1,0,0,0,0,0,0,1,0,0,0.0
2018-12-29,2.3305493607811005,2.238380741993147,0.09657344881393899,False,False,False,False,69.5218,79.6581,7.07,80.78,0.7098058183454296,3.8710819890940313,3.1600669298726785,0.33652461192255156,3.713078642600397,3.3707380585308573,0.46515672918742274,2.8835610735088193,2.4095510340279174,-0.2182610763336086,2.462218816192462,2.6728899448506405,0.49069433576266663,0.5042441669165381,-0.2182610763336086,1.0792755951651447,0.24854935178823895,0.5456517081401681,-0.28325852065838547,1.0792755951651447,-0.6132323695314905,29,0,0,0.0,0.0,7.75,4.3,4.0,-0.2999999999999998,3.0,1,0,0,0.0,0.0,0,0,0,0,0,0,0,0,0,0,1,0,0,1,1,0,0,0,0,0,0,0,1,0,0.09657344881393899
2018-12-30,0.006266927319086633,0.040260088234608075,-0.03399316090893797,False,False,False,False,69.4706,79.4605,7.07,80.78,0.09657344881393899,2.3305493607811005,2.238380741993147,0.7098058183454296,3.8710819890940313,3.1600669298726785,0.33652461192255156,3.713078642600397,3.3707380585308573,-0.01691692311341853,2.962562746755636,2.9888966378379087,0.3503083148553515,0.4465644428601994,-0.2182610763336086,1.0792755951651447,0.27521567546067105,0.5268018057174846,-0.28325852065838547,1.0792755951651447,-0.13056660972287695,30,0,0,0.0,0.0,7.75,4.3,4.0,-0.2999999999999998,3.0,1,0,0,0.0,0.0,0,0,0,0,0,0,0,0,0,0,1,0,0,1,1,0,0,0,0,0,0,0,0,1,-0.03399316090893797
2018-12-31,0.0036355273650228027,4.623359622252196e-07,0.003635065028797238,True,True,False,True,69.4706,79.4605,7.07,80.78,-0.03399316090893797,0.006266927319086633,0.040260088234608075,0.09657344881393899,2.3305493607811005,2.238380741993147,0.7098058183454296,3.8710819890940313,3.1600669298726785,0.46515672918742274,2.8835610735088193,2.4095510340279174,0.19126992113048255,0.32551514647926183,-0.2182610763336086,0.7098058183454296,0.29255581272432624,0.5109938065471403,-0.28325852065838547,1.0792755951651447,0.0376282259377352,31,0,1,0.0,0.0,7.75,4.3,4.0,-0.2999999999999998,3.0,1,0,0,0.0,0.0,0,0,0,0,0,0,0,0,0,0,1,0,0,1,1,0,0,0,0,0,0,0,0,0,0.003635065028797238
2019-01-01,0.0036355273650228027,4.623359622252196e-07,0.003635065028797238,True,False,False,False,69.4706,79.4605,7.07,80.78,0.003635065028797238,0.0036355273650228027,4.623359622252196e-07,-0.03399316090893797,0.006266927319086633,0.040260088234608075,0.09657344881393899,2.3305493607811005,2.238380741993147,0.33652461192255156,3.713078642600397,3.3707380585308573,0.22296936989654054,0.2875812579371712,-0.03399316090893797,0.7098058183454296,0.3130482117019821,0.49150668110193463,-0.28062203642260375,1.0792755951651447,0.0,1,1,0,0.0,1.0,7.75,5.0,4.0,-1.0,3.0,0,0,0,0.0,0.0,0,0,0,0,0,0,0,0,0,0,0,0,0,0,0,1,0,0,1,0,0,0,0,0,0.003635065028797238
2019-01-02,0.0036355273650228027,4.623359622252196e-07,0.003635065028797238,True,False,False,False,69.4706,79.4605,7.07,80.78,0.003635065028797238,0.0036355273650228027,4.623359622252196e-07,0.003635065028797238,0.0036355273650228027,4.623359622252196e-07,-0.03399316090893797,0.006266927319086633,0.040260088234608075,0.7098058183454296,3.8710819890940313,3.1600669298726785,0.22590536820257134,0.28481562533673715,-0.03399316090893797,0.7098058183454296,0.29975649754382105,0.49757702685829547,-0.28062203642260375,1.0792755951651447,0.0,2,0,0,1.0,0.0,7.75,5.0,4.0,-1.0,3.0,0,0,0,0.0,0.0,0,0,0,0,0,0,0,0,0,0,0,0,0,0,0,1,0,0,0,1,0,0,0,0,0.003635065028797238
2019-01-03,0.01818247710621397,0.07794543213324547,-0.05976295502703149,True,False,False,False,69.4706,79.4605,7.07,80.78,0.003635065028797238,0.0036355273650228027,4.623359622252196e-07,0.003635065028797238,0.0036355273650228027,4.623359622252196e-07,0.003635065028797238,0.0036355273650228027,4.623359622252196e-07,0.09657344881393899,2.3305493607811005,2.238380741993147,0.1599737018941963,0.27339032663946666,-0.03399316090893797,0.7098058183454296,0.3200605762189211,0.47746564524796636,-0.2182610763336086,1.0792755951651447,-0.06339802005582873,3,0,0,0.0,0.0,7.75,5.0,4.0,-1.0,3.0,0,0,0,0.0,0.0,0,0,0,0,0,0,0,0,0,0,0,0,0,0,0,1,0,0,0,0,1,0,0,0,-0.05976295502703149
2019-01-04,0.007365565936732647,0.0009124851697863056,0.006453080766946342,True,False,False,False,69.4706,79.4605,7.07,80.78,-0.05976295502703149,0.01818247710621397,0.07794543213324547,0.003635065028797238,0.0036355273650228027,4.623359622252196e-07,0.003635065028797238,0.0036355273650228027,4.623359622252196e-07,-0.03399316090893797,0.006266927319086633,0.040260088234608075,0.10336119232997014,0.27176361207526345,-0.05976295502703149,0.7098058183454296,0.32341846239058375,0.47438831870932263,-0.2182610763336086,1.0792755951651447,0.06621603579397783,4,0,0,0.0,0.0,7.75,5.0,4.0,-1.0,3.0,0,0,0,0.0,0.0,0,0,0,0,0,0,0,0,0,0,0,0,0,0,0,1,0,0,0,0,0,1,0,0,0.006453080766946342
2019-01-05,0.007365565936732647,0.0009124851697863056,0.006453080766946342,True,False,False,False,69.4706,79.4605,7.07,80.78,0.006453080766946342,0.007365565936732647,0.0009124851697863056,-0.05976295502703149,0.01818247710621397,0.07794543213324547,0.003635065028797238,0.0036355273650228027,4.623359622252196e-07,0.003635065028797238,0.0036355273650228027,4.623359622252196e-07,0.002882229818758259,0.04843674466342774,-0.05976295502703149,0.09657344881393899,0.2467882827907124,0.42720127359420773,-0.2182610763336086,1.0792755951651447,0.0,5,0,0,0.0,0.0,7.75,5.0,4.0,-1.0,3.0,0,0,0,0.0,0.0,0,0,0,0,0,0,0,0,0,0,0,0,0,0,0,1,0,0,0,0,0,0,1,0,0.006453080766946342
2019-01-06,0.00921896753935964,0.061997119594559856,-0.0527781520578336,True,False,False,False,69.4706,79.4605,7.07,80.78,0.006453080766946342,0.007365565936732647,0.0009124851697863056,0.006453080766946342,0.007365565936732647,0.0009124851697863056,-0.05976295502703149,0.01818247710621397,0.07794543213324547,0.003635065028797238,0.0036355273650228027,4.623359622252196e-07,-0.009992108473669261,0.026303281658241955,-0.05976295502703149,0.006453080766946342,0.1701581031908411,0.3568049853261744,-0.2182610763336086,1.0792755951651447,-0.05923123282477994,6,0,0,0.0,0.0,7.75,5.0,4.0,-1.0,3.0,0,0,0,0.0,0.0,0,0,0,0,0,0,0,0,0,0,0,0,0,0,0,1,0,0,0,0,0,0,0,1,-0.0527781520578336
2019-01-07,0.00921896753935964,0.061997119594559856,-0.0527781520578336,True,False,False,False,69.4706,79.4605,7.07,80.78,-0.0527781520578336,0.00921896753935964,0.061997119594559856,0.006453080766946342,0.007365565936732647,0.0009124851697863056,0.006453080766946342,0.007365565936732647,0.0009124851697863056,0.003635065028797238,0.0036355273650228027,4.623359622252196e-07,-0.01267567863779721,0.029875742450360874,-0.05976295502703149,0.006453080766946342,0.08929712124634263,0.24599786588711656,-0.2182610763336086,0.7098058183454296,0.0,7,0,0,0.0,0.0,7.75,5.0,4.0,-1.0,3.0,0,0,0,0.0,0.0,0,0,0,0,0,0,0,0,0,0,0,0,0,0,0,1,0,0,0,0,0,0,0,0,-0.0527781520578336
2019-01-08,0.006095640889325412,0.0018974453843861505,0.0041981955049392615,True,False,False,False,69.4706,79.4605,7.07,80.78,-0.0527781520578336,0.00921896753935964,0.061997119594559856,-0.0527781520578336,0.00921896753935964,0.061997119594559856,0.006453080766946342,0.007365565936732647,0.0009124851697863056,-0.05976295502703149,0.01818247710621397,0.07794543213324547,-0.020734709650173044,0.03225650340422361,-0.05976295502703149,0.006453080766946342,0.1011173301231837,0.23375392155139807,-0.05976295502703149,0.7098058183454296,0.05697634756277286,8,0,0,0.0,0.0,7.75,5.0,4.0,-1.0,3.0,0,0,0,0.0,0.0,0,0,0,0,0,0,0,0,0,0,0,0,0,0,0,1,0,0,1,0,0,0,0,0,0.0041981955049392615
2019-01-09,1.6853690292654286,2.198879905369739,-0.515724768473809,False,True,True,False,69.4706,79.4605,7.59,121.6,0.0041981955049392615,0.006095640889325412,0.0018974453843861505,-0.0527781520578336,0.00921896753935964,0.061997119594559856,-0.0527781520578336,0.00921896753935964,0.061997119594559856,0.006453080766946342,0.007365565936732647,0.0009124851697863056,-0.02065426243929561,0.032328033785178914,-0.05976295502703149,0.006453080766946342,0.10262555288163784,0.23300066578711784,-0.05976295502703149,0.7098058183454296,-0.5199229639787483,9,0,0,0.0,0.0,7.75,5.0,4.0,-1.0,3.0,0,0,0,0.0,0.0,0,0,0,0,0,0,0,0,0,0,0,0,0,0,0,1,0,0,0,1,0,0,0,0,-0.0
2019-01-10,1.975041831170424,1.7907045935945178,0.18666943772931763,False,True,False,False,67.0795,76.9066,7.53,144.19,-0.515724768473809,1.6853690292654286,2.198879905369739,0.0041981955049392615,0.006095640889325412,0.0018974453843861505,-0.0527781520578336,0.00921896753935964,0.061997119594559856,0.006453080766946342,0.007365565936732647,0.0009124851697863056,-0.09484852436823935,0.18807885119662193,-0.515724768473809,0.006453080766946342,0.03256258876297844,0.26135237549442925,-0.515724768473809,0.7098058183454296,0.7023942062031266,10,0,0,0.0,0.0,7.75,5.0,4.0,-1.0,3.0,0,0,0,0.0,0.0,0,0,0,0,0,0,0,0,0,0,0,0,0,0,0,1,0,0,0,0,1,0,0,0,0.0
2019-01-11,2.0145426677938327,1.5273656827717947,0.4873593090336406,False,True,False,False,66.8605,77.2105,7.53,177.0,0.18666943772931763,1.975041831170424,1.7907045935945178,-0.515724768473809,1.6853690292654286,2.198879905369739,0.0041981955049392615,0.006095640889325412,0.0018974453843861505,-0.0527781520578336,0.00921896753935964,0.061997119594559856,-0.05964389683161807,0.21663630459530758,-0.515724768473809,0.18666943772931763,0.021858647749176015,0.25080145422309513,-0.515724768473809,0.7098058183454296,0.300689871304323,11,0,0,0.0,0.0,7.75,5.0,4.0,-1.0,3.0,0,0,0,0.0,1.0,0,0,0,0,0,0,0,0,0,0,0,0,0,0,0,1,0,0,0,0,0,1,0,0,0.0
2019-01-12,2.0145426677938327,1.5273656827717947,0.4873593090336406,False,False,False,False,66.9167,77.1282,7.53,177.0,0.4873593090336406,2.0145426677938327,1.5273656827717947,0.18666943772931763,1.975041831170424,1.7907045935945178,-0.515724768473809,1.6853690292654286,2.198879905369739,-0.0527781520578336,0.00921896753935964,0.061997119594559856,0.009056992920766829,0.30094095263082343,-0.515724768473809,0.4873593090336406,0.005969611369762516,0.20710511975460588,-0.515724768473809,0.4873593090336406,0.0,12,0,0,0.0,0.0,7.75,5.0,4.0,-1.0,3.0,0,0,0,0.0,1.0,0,0,0,0,0,0,0,0,0,0,0,0,0,0,0,1,0,0,0,0,0,0,1,0,0.4873593090336406
2019-01-13,2.0145426677938327,1.5273656827717947,0.4873593090336406,False,False,False,False,66.9167,77.1282,7.53,177.0,0.4873593090336406,2.0145426677938327,1.5273656827717947,0.4873593090336406,2.0145426677938327,1.5273656827717947,0.18666943772931763,1.975041831170424,1.7907045935945178,0.0041981955049392615,0.006095640889325412,0.0018974453843861505,0.07775788267315173,0.3509796720830457,-0.515724768473809,0.4873593090336406,0.0338828870997412,0.24340876830818897,-0.515724768473809,0.4873593090336406,0.0,13,0,0,0.0,0.0,7.75,5.0,4.0,-1.0,3.0,0,0,0,0.0,1.0,0,0,0,0,0,0,0,0,0,0,0,0,0,0,0,1,0,0,0,0,0,0,0,1,0.4873593090336406
2019-01-14,1.7775376480533818,1.7907045935945178,-0.008353478395144028,False,True,False,False,66.9167,77.1282,7.53,145.73,0.4873593090336406,2.0145426677938327,1.5273656827717947,0.4873593090336406,2.0145426677938327,1.5273656827717947,0.4873593090336406,2.0145426677938327,1.5273656827717947,-0.515724768473809,1.6853690292654286,2.198879905369739,0.1549203771147909,0.37598220249705067,-0.515724768473809,0.4873593090336406,0.07112234923849682,0.2705891850917957,-0.515724768473809,0.4873593090336406,-0.49571278742878466,14,0,0,0.0,0.0,7.75,5.0,4.0,-1.0,3.0,0,0,0,0.0,0.0,0,0,0,0,0,0,0,0,0,0,0,0,0,0,0,1,0,0,0,0,0,0,0,0,-0.0
2019-01-15,2.1593790687463303,1.5932004104774755,0.5656009328181929,False,True,False,False,67.192,77.0692,7.53,146.5,-0.008353478395144028,1.7775376480533818,1.7907045935945178,0.4873593090336406,2.0145426677938327,1.5273656827717947,0.4873593090336406,2.0145426677938327,1.5273656827717947,0.18666943772931763,1.975041831170424,1.7907045935945178,0.1612667590666037,0.3722484467155099,-0.515724768473809,0.4873593090336406,0.07026602470821529,0.27083804410024226,-0.515724768473809,0.4873593090336406,0.5739544112133369,15,0,0,0.0,0.0,7.75,5.0,4.0,-1.0,3.0,0,0,0,0.0,1.0,0,0,0,0,0,0,0,0,0,0,0,0,0,0,0,1,0,0,1,0,0,0,0,0,0.0
2019-01-16,1.2258530644997807,1.975041831170424,-0.7531341927235033,False,True,False,False,67.082,76.9498,7.56,100.4,0.5656009328181929,2.1593790687463303,1.5932004104774755,-0.008353478395144028,1.7775376480533818,1.7907045935945178,0.4873593090336406,2.0145426677938327,1.5273656827717947,0.4873593090336406,2.0145426677938327,1.5273656827717947,0.24146715011135425,0.3926839925076731,-0.515724768473809,0.5656009328181929,0.11040644383602927,0.3002501060849758,-0.515724768473809,0.5656009328181929,-1.3187351255416964,16,0,0,0.0,0.0,7.75,5.0,4.0,-1.0,3.0,0,0,0,1.0,0.0,0,0,0,0,0,0,0,0,0,0,0,0,0,0,0,1,0,0,0,1,0,0,0,0,-0.0
2019-01-17,1.487864846148386,1.3049747384046986,0.18706169311107712,False,True,False,False,66.7617,76.135,7.58,116.9,-0.7531341927235033,1.2258530644997807,1.975041831170424,0.5656009328181929,2.1593790687463303,1.5932004104774755,-0.008353478395144028,1.7775376480533818,1.7907045935945178,0.4873593090336406,2.0145426677938327,1.5273656827717947,0.2075515180756836,0.4713534849689361,-0.7531341927235033,0.5656009328181929,0.05635149685372209,0.37879838581047864,-0.7531341927235033,0.5656009328181929,0.9401958858345805,17,0,0,0.0,0.0,7.75,5.0,4.0,-1.0,3.0,0,0,0,0.0,0.0,0,0,0,0,0,0,0,0,0,0,0,0,0,0,0,1,0,0,0,0,1,0,0,0,0.0
2019-01-18,1.487864846148386,1.47469790060725,0.011810050664317432,False,True,False,False,66.4438,75.633,7.63,89.8,0.18706169311107712,1.487864846148386,1.3049747384046986,-0.7531341927235033,1.2258530644997807,1.975041831170424,0.5656009328181929,2.1593790687463303,1.5932004104774755,0.4873593090336406,2.0145426677938327,1.5273656827717947,0.2076075545587921,0.4713506119689536,-0.7531341927235033,0.5656009328181929,0.07398182886358698,0.3787223268569539,-0.7531341927235033,0.5656009328181929,-0.1752516424467597,18,0,0,0.0,0.0,7.75,5.0,4.0,-1.0,3.0,0,0,0,0.0,0.0,0,0,0,0,0,0,0,0,0,0,0,0,0,0,0,1,0,0,0,0,0,1,0,0,0.0
2019-01-19,1.487864846148386,1.47469790060725,0.011810050664317432,False,False,False,False,66.3309,75.5841,7.63,89.8,0.011810050664317432,1.487864846148386,1.47469790060725,0.18706169311107712,1.487864846148386,1.3049747384046986,-0.7531341927235033,1.2258530644997807,1.975041831170424,-0.008353478395144028,1.7775376480533818,1.7907045935945178,0.13967194622031734,0.4584025317444562,-0.7531341927235033,0.5656009328181929,0.07436446957054207,0.3786515507560501,-0.7531341927235033,0.5656009328181929,0.0,19,0,0,0.0,0.0,7.75,5.0,4.0,-1.0,3.0,0,0,0,0.0,0.0,0,0,0,0,0,0,0,0,0,0,0,0,0,0,0,1,0,0,0,0,0,0,1,0,0.011810050664317432
2019-01-20,1.487864846148386,1.47469790060725,0.011810050664317432,False,False,False,False,66.3309,75.5841,7.63,89.8,0.011810050664317432,1.487864846148386,1.47469790060725,0.011810050664317432,1.487864846148386,1.47469790060725,0.18706169311107712,1.487864846148386,1.3049747384046986,0.5656009328181929,2.1593790687463303,1.5932004104774755,0.07173633788184261,0.4328111059440795,-0.7531341927235033,0.5656009328181929,0.07474711027749714,0.37858034492950055,-0.7531341927235033,0.5656009328181929,0.0,20,0,0,0.0,0.0,7.75,5.0,4.0,-1.0,3.0,0,0,0,0.0,0.0,0,0,0,0,0,0,0,0,0,0,0,0,0,0,0,1,0,0,0,0,0,0,0,1,0.011810050664317432
2019-01-21,1.8302054302179263,1.8565393213001986,-0.033657914056279555,False,True,False,False,66.3309,75.5841,7.62,75.15,0.011810050664317432,1.487864846148386,1.47469790060725,0.011810050664317432,1.487864846148386,1.47469790060725,0.011810050664317432,1.487864846148386,1.47469790060725,-0.7531341927235033,1.2258530644997807,1.975041831170424,0.0038007295433678694,0.3921085517556803,-0.7531341927235033,0.5656009328181929,0.07936055332907935,0.3772981289392953,-0.7531341927235033,0.5656009328181929,-0.045467964720596984,21,0,0,0.0,0.0,7.75,5.0,4.0,-1.0,3.0,0,0,0,0.0,0.0,0,0,0,0,0,0,0,0,0,0,0,0,0,0,0,1,0,0,0,0,0,0,0,0,-0.0
2019-01-22,2.3963840884867813,1.7907045935945178,0.6060090525447586,False,True,False,False,66.3634,75.5481,7.66,81.9,-0.033657914056279555,1.8302054302179263,1.8565393213001986,0.011810050664317432,1.487864846148386,1.47469790060725,0.011810050664317432,1.487864846148386,1.47469790060725,0.18706169311107712,1.487864846148386,1.3049747384046986,0.0001858101632056509,0.39235584398911394,-0.7531341927235033,0.5656009328181929,0.08072628461490465,0.3768173234948595,-0.7531341927235033,0.5656009328181929,0.6396669666010382,22,0,0,0.0,0.0,7.75,5.0,4.0,-1.0,3.0,0,0,0,0.0,1.0,0,0,0,0,0,0,0,0,0,0,0,0,0,0,0,1,0,0,1,0,0,0,0,0,0.0
2019-01-23,1.47469790060725,1.2063837809236462,0.26717369404468,False,True,False,False,66.5499,75.5541,7.56,160.05,0.6060090525447586,2.3963840884867813,1.7907045935945178,-0.033657914056279555,1.8302054302179263,1.8565393213001986,0.011810050664317432,1.487864846148386,1.47469790060725,0.011810050664317432,1.487864846148386,1.47469790060725,0.005958398695572179,0.402233955658614,-0.7531341927235033,0.6060090525447586,0.12371277440346318,0.4009683030169903,-0.7531341927235033,0.6060090525447586,-0.33883535850007857,23,0,0,0.0,0.0,7.75,5.0,4.0,-1.0,3.0,0,0,0,0.0,1.0,0,0,0,0,0,0,0,0,0,0,0,0,0,0,0,1,0,0,0,1,0,0,0,0,0.0
2019-01-24,1.2930787602616798,1.5932004104774755,-0.30146218407782327,False,True,False,False,66.3318,75.3861,7.55,128.33,0.26717369404468,1.47469790060725,1.2063837809236462,0.6060090525447586,2.3963840884867813,1.7907045935945178,-0.033657914056279555,1.8302054302179263,1.8565393213001986,0.011810050664317432,1.487864846148386,1.47469790060725,0.1517166682338841,0.22878173248536324,-0.033657914056279555,0.6060090525447586,0.17963409315478382,0.3571255424666395,-0.7531341927235033,0.6060090525447586,-0.5686358781225033,24,0,0,0.0,0.0,7.75,5.0,4.0,-1.0,3.0,0,0,0,0.0,0.0,0,0,0,0,0,0,0,0,0,0,0,0,0,0,0,1,0,0,0,0,1,0,0,0,-0.0
2019-01-25,1.961874885629288,2.040876558876105,-0.08028111561526668,False,True,False,False,66.0016,75.0306,7.71,150.81,-0.30146218407782327,1.2930787602616798,1.5932004104774755,0.26717369404468,1.47469790060725,1.2063837809236462,0.6060090525447586,2.3963840884867813,1.7907045935945178,0.011810050664317432,1.487864846148386,1.47469790060725,0.08192754292118402,0.28404067608637523,-0.30146218407782327,0.6060090525447586,0.144767548739988,0.3795125577215895,-0.7531341927235033,0.6060090525447586,0.22118106846255658,25,0,0,0.0,0.0,7.75,5.0,4.0,-1.0,3.0,1,1,1,0.0,0.0,0,0,0,0,0,0,0,0,0,0,0,0,0,0,0,1,0,0,0,0,0,1,0,0,-0.0
2019-01-26,1.961874885629288,2.040876558876105,-0.08028111561526668,False,False,False,False,65.917,74.6312,7.71,150.81,-0.08028111561526668,1.961874885629288,2.040876558876105,-0.30146218407782327,1.2930787602616798,1.5932004104774755,0.26717369404468,1.47469790060725,1.2063837809236462,-0.033657914056279555,1.8302054302179263,1.8565393213001986,0.0687716620241006,0.28990178790933846,-0.30146218407782327,0.6060090525447586,0.10422180412220894,0.3703064783188083,-0.7531341927235033,0.6060090525447586,0.0,26,0,0,0.0,0.0,7.75,5.0,4.0,-1.0,3.0,1,0,0,0.0,0.0,0,0,0,0,0,0,0,0,0,0,0,0,0,0,0,1,0,0,0,0,0,0,1,0,-0.08028111561526668
2019-01-27,1.961874885629288,2.040876558876105,-0.08028111561526668,False,False,False,False,65.917,74.6312,7.71,150.81,-0.08028111561526668,1.961874885629288,2.040876558876105,-0.08028111561526668,1.961874885629288,2.040876558876105,-0.30146218407782327,1.2930787602616798,1.5932004104774755,0.6060090525447586,2.3963840884867813,1.7907045935945178,0.05561578112701714,0.29496294816362006,-0.30146218407782327,0.6060090525447586,0.06367605950442985,0.35592578294366245,-0.7531341927235033,0.6060090525447586,0.0,27,0,0,0.0,0.0,7.75,5.0,4.0,-1.0,3.0,1,0,0,0.0,0.0,0,0,0,0,0,0,0,0,0,0,0,0,0,0,0,1,0,0,0,0,0,0,0,1,-0.08028111561526668
2019-01-28,1.64586819264202,2.0013757222526967,-0.3526325746897782,False,True,False,False,65.917,74.6312,7.76,118.48,-0.08028111561526668,1.961874885629288,2.040876558876105,-0.08028111561526668,1.961874885629288,2.040876558876105,-0.08028111561526668,1.961874885629288,2.040876558876105,0.26717369404468,1.47469790060725,1.2063837809236462,0.04245990022993369,0.2992647459034144,-0.30146218407782327,0.6060090525447586,0.02313031488665076,0.33570613146906625,-0.7531341927235033,0.6060090525447586,-0.2723514590745115,28,0,0,0.0,0.0,7.75,5.0,4.0,-1.0,3.0,1,0,1,0.0,0.0,0,0,0,0,0,0,0,0,0,0,0,0,0,0,0,1,0,0,0,0,0,0,0,0,-0.0
2019-01-29,1.5010317916895224,1.4088631729015693,0.09417661262521011,False,True,False,False,65.93,75.1932,7.78,140.38,-0.3526325746897782,1.64586819264202,2.0013757222526967,-0.08028111561526668,1.961874885629288,2.040876558876105,-0.08028111561526668,1.961874885629288,2.040876558876105,-0.30146218407782327,1.2930787602616798,1.5932004104774755,-0.0031079084319946865,0.33494414823632246,-0.3526325746897782,0.6060090525447586,-0.0014610491343945392,0.3504746358142425,-0.7531341927235033,0.6060090525447586,0.4468091873149883,29,0,0,0.0,0.0,7.75,5.0,4.0,-1.0,3.0,1,0,1,0.0,0.0,0,0,0,0,0,0,0,0,0,0,0,0,0,0,0,1,0,0,1,0,0,0,0,0,0.0
2019-01-30,1.6985359748065647,1.5273656827717947,0.16935732125408015,False,True,False,False,66.3412,75.8811,7.72,133.98,0.09417661262521011,1.5010317916895224,1.4088631729015693,-0.3526325746897782,1.64586819264202,2.0013757222526967,-0.08028111561526668,1.961874885629288,2.040876558876105,-0.08028111561526668,1.961874885629288,2.040876558876105,-0.07622682842050159,0.21375284220032734,-0.3526325746897782,0.26717369404468,-0.03513421486246474,0.31237736501365726,-0.7531341927235033,0.6060090525447586,0.07518070862887004,30,0,0,0.0,0.0,7.75,5.0,4.0,-1.0,3.0,1,0,1,0.0,0.0,0,0,0,0,0,0,0,0,0,0,0,0,0,0,0,1,0,0,0,1,0,0,0,0,0.0
2019-01-31,1.7512037569711094,1.6195343015597479,0.13392842010515393,False,True,False,True,66.0987,75.5706,7.62,136.33,0.16935732125408015,1.6985359748065647,1.5273656827717947,0.09417661262521011,1.5010317916895224,1.4088631729015693,-0.3526325746897782,1.64586819264202,2.0013757222526967,-0.08028111561526668,1.961874885629288,2.040876558876105,-0.09020059596201588,0.18936844940450792,-0.3526325746897782,0.16935732125408015,0.030758036135934086,0.2376232981971727,-0.3526325746897782,0.6060090525447586,-0.03542890114892622,31,0,1,0.0,0.0,7.75,5.0,4.0,-1.0,3.0,1,0,1,0.0,0.0,0,0,0,0,0,0,0,0,0,0,0,0,0,0,0,1,0,0,0,0,1,0,0,0,0.0
2019-02-01,1.5668665193952032,1.6195343015597479,-0.05228170102688828,False,True,True,False,65.3577,75.2006,7.6,192.68,0.13392842010515393,1.7512037569711094,1.6195343015597479,0.16935732125408015,1.6985359748065647,1.5273656827717947,0.09417661262521011,1.5010317916895224,1.4088631729015693,-0.08028111561526668,1.961874885629288,2.040876558876105,-0.028001938221590552,0.1796682608940972,-0.3526325746897782,0.16935732125408015,0.026962802349796717,0.23534826170706857,-0.3526325746897782,0.6060090525447586,-0.18621012113204222,1,1,0,0.0,1.0,7.75,5.2,4.0,-1.2000000000000002,3.0,0,0,0,0.0,0.0,1,0,0,0,0,0,0,0,0,0,0,0,0,0,0,1,0,0,0,0,0,1,0,0,-0.0
2019-02-02,1.5668665193952032,1.6195343015597479,-0.05228170102688828,False,False,False,False,65.6601,75.148,7.6,192.68,-0.05228170102688828,1.5668665193952032,1.6195343015597479,0.13392842010515393,1.7512037569711094,1.6195343015597479,0.16935732125408015,1.6985359748065647,1.5273656827717947,-0.3526325746897782,1.64586819264202,2.0013757222526967,-0.02400202185182221,0.17861900935250535,-0.3526325746897782,0.16935732125408015,0.02238482008613916,0.23628716724819457,-0.3526325746897782,0.6060090525447586,0.0,2,0,0,1.0,0.0,7.75,5.2,4.0,-1.2000000000000002,3.0,0,0,0,0.0,0.0,1,0,0,0,0,0,0,0,0,0,0,0,0,0,0,1,0,0,0,0,0,0,1,0,-0.05228170102688828
2019-02-03,1.5668665193952032,1.6195343015597479,-0.05228170102688828,False,False,False,False,65.6601,75.148,7.6,192.68,-0.05228170102688828,1.5668665193952032,1.6195343015597479,-0.05228170102688828,1.5668665193952032,1.6195343015597479,0.13392842010515393,1.7512037569711094,1.6195343015597479,0.09417661262521011,1.5010317916895224,1.4088631729015693,-0.020002105482053865,0.1774584043069795,-0.3526325746897782,0.16935732125408015,0.017806837822481613,0.23712719452852563,-0.3526325746897782,0.6060090525447586,0.0,3,0,0,0.0,0.0,7.75,5.2,4.0,-1.2000000000000002,3.0,0,0,0,0.0,0.0,1,0,0,0,0,0,0,0,0,0,0,0,0,0,0,1,0,0,0,0,0,0,0,1,-0.05228170102688828
2019-02-04,1.5273656827717947,2.6728899448506405,-1.1463043660500296,False,True,False,False,65.6601,75.148,7.5,100.75,-0.05228170102688828,1.5668665193952032,1.6195343015597479,-0.05228170102688828,1.5668665193952032,1.6195343015597479,-0.05228170102688828,1.5668665193952032,1.6195343015597479,0.16935732125408015,1.6985359748065647,1.5273656827717947,-0.01600218911228552,0.17618424516407938,-0.3526325746897782,0.16935732125408015,0.013228855558824063,0.23786939110553443,-0.3526325746897782,0.6060090525447586,-1.0940226650231413,4,0,0,0.0,0.0,7.75,5.2,4.0,-1.2000000000000002,3.0,0,0,0,1.0,0.0,1,0,0,0,0,0,0,0,0,0,0,0,0,0,0,1,0,0,0,0,0,0,0,0,-0.0
2019-02-05,1.4220301184427053,1.4351970639838416,-0.01113695974475855,False,True,False,False,65.5859,75.0565,7.53,100.1,-1.1463043660500296,1.5273656827717947,2.6728899448506405,-0.05228170102688828,1.5668665193952032,1.6195343015597479,-0.05228170102688828,1.5668665193952032,1.6195343015597479,0.13392842010515393,1.7512037569711094,1.6195343015597479,-0.12938387359232142,0.4583522080110553,-1.1463043660500296,0.16935732125408015,-0.06624589101215808,0.39119694449592207,-1.1463043660500296,0.6060090525447586,1.135167406305271,5,0,0,0.0,0.0,7.75,5.2,4.0,-1.2000000000000002,3.0,0,0,0,0.0,0.0,1,0,0,0,0,0,0,0,0,0,0,0,0,0,0,1,0,0,1,0,0,0,0,0,-0.0
2019-02-06,1.3430284451958885,1.3430284451958885,0.00888023589787711,False,True,False,False,65.5691,74.9127,7.58,122.5,-0.01113695974475855,1.4220301184427053,1.4351970639838416,-1.1463043660500296,1.5273656827717947,2.6728899448506405,-0.05228170102688828,1.5668665193952032,1.6195343015597479,-0.05228170102688828,1.5668665193952032,1.6195343015597479,-0.14442866964517412,0.45146780984370094,-1.1463043660500296,0.16935732125408015,-0.11032774903283789,0.3411925899023147,-1.1463043660500296,0.26717369404468,0.02001719564263566,6,0,0,0.0,0.0,7.75,5.2,4.0,-1.2000000000000002,3.0,0,0,0,0.0,0.0,1,0,0,0,0,0,0,0,0,0,0,0,0,0,0,1,0,0,0,1,0,0,0,0,0.0
2019-02-07,1.47469790060725,1.3166945541136161,0.1551528056968243,False,True,False,False,65.6686,74.7703,7.61,104.05,0.00888023589787711,1.3430284451958885,1.3430284451958885,-0.01113695974475855,1.4220301184427053,1.4351970639838416,-1.1463043660500296,1.5273656827717947,2.6728899448506405,-0.05228170102688828,1.5668665193952032,1.6195343015597479,-0.16735396755320306,0.43671159197563997,-1.1463043660500296,0.13392842010515393,-0.12877728175760952,0.32584786383929326,-1.1463043660500296,0.16935732125408015,0.14627256979894718,7,0,0,0.0,0.0,7.75,5.2,4.0,-1.2000000000000002,3.0,0,0,0,0.0,0.0,1,0,0,0,0,0,0,0,0,0,0,0,0,0,0,1,0,0,0,0,1,0,0,0,0.0
2019-02-08,1.64586819264202,1.3298614996547522,0.3186062003713839,False,True,False,False,66.0199,74.9656,7.6,92.9,0.1551528056968243,1.47469790060725,1.3166945541136161,0.00888023589787711,1.3430284451958885,1.3430284451958885,-0.01113695974475855,1.4220301184427053,1.4351970639838416,-0.05228170102688828,1.5668665193952032,1.6195343015597479,-0.16432191246867875,0.43921848693032073,-1.1463043660500296,0.1551528056968243,-0.09616192534513468,0.3300585441344471,-1.1463043660500296,0.16935732125408015,0.16345339467455958,8,0,0,0.0,0.0,7.75,5.2,4.0,-1.2000000000000002,3.0,0,0,0,0.0,1.0,1,0,0,0,0,0,0,0,0,0,0,0,0,0,0,1,0,0,0,0,0,1,0,0,0.0
2019-02-09,1.64586819264202,1.3298614996547522,0.3186062003713839,False,False,False,False,66.0628,74.8954,7.6,92.9,0.3186062003713839,1.64586819264202,1.3298614996547522,0.1551528056968243,1.47469790060725,1.3166945541136161,0.00888023589787711,1.3430284451958885,1.3430284451958885,-1.1463043660500296,1.5273656827717947,2.6728899448506405,-0.11133792655463988,0.47583132680536616,-1.1463043660500296,0.3186062003713839,-0.06766997420323108,0.3482503159537427,-1.1463043660500296,0.3186062003713839,0.0,9,0,0,0.0,0.0,7.75,5.2,4.0,-1.2000000000000002,3.0,0,0,0,0.0,1.0,1,0,0,0,0,0,0,0,0,0,0,0,0,0,0,1,0,0,0,0,0,0,1,0,0.3186062003713839
2019-02-10,1.64586819264202,1.3298614996547522,0.3186062003713839,False,False,False,False,66.0628,74.8954,7.6,92.9,0.3186062003713839,1.64586819264202,1.3298614996547522,0.3186062003713839,1.64586819264202,1.3298614996547522,0.1551528056968243,1.47469790060725,1.3166945541136161,-0.01113695974475855,1.4220301184427053,1.4351970639838416,-0.058353940640601,0.5033563854396726,-1.1463043660500296,0.3186062003713839,-0.03917802306132746,0.36313833320338534,-1.1463043660500296,0.3186062003713839,0.0,10,0,0,0.0,0.0,7.75,5.2,4.0,-1.2000000000000002,3.0,0,0,0,0.0,1.0,1,0,0,0,0,0,0,0,0,0,0,0,0,0,0,1,0,0,0,0,0,0,0,1,0.3186062003713839
2019-02-11,1.5932004104774755,1.7907045935945178,-0.201240963920652,False,True,False,False,66.0628,74.8954,7.61,96.7,0.3186062003713839,1.64586819264202,1.3298614996547522,0.3186062003713839,1.64586819264202,1.3298614996547522,0.3186062003713839,1.64586819264202,1.3298614996547522,0.00888023589787711,1.3430284451958885,1.3430284451958885,-0.005369954726562122,0.5232298508705057,-1.1463043660500296,0.3186062003713839,-0.010686071919423853,0.37511617133323477,-1.1463043660500296,0.3186062003713839,-0.5198471642920359,11,0,0,0.0,0.0,7.75,5.2,4.0,-1.2000000000000002,3.0,0,0,0,0.0,0.0,1,0,0,0,0,0,0,0,0,0,0,0,0,0,0,1,0,0,0,0,0,0,0,0,-0.0
2019-02-12,2.514886598357007,1.5932004104774755,0.9249945659936186,False,True,False,False,65.6517,74.3243,7.48,90.8,-0.201240963920652,1.5932004104774755,1.7907045935945178,0.3186062003713839,1.64586819264202,1.3298614996547522,0.3186062003713839,1.64586819264202,1.3298614996547522,0.1551528056968243,1.47469790060725,1.3166945541136161,0.1296391027204918,0.2048002535819227,-0.201240963920652,0.3186062003713839,0.00012761456408516163,0.3665855447061745,-1.1463043660500296,0.3186062003713839,1.1262355299142706,12,0,0,0.0,0.0,7.75,5.2,4.0,-1.2000000000000002,3.0,0,0,0,0.0,1.0,1,0,0,0,0,0,0,0,0,0,0,0,0,0,0,1,0,0,1,0,0,0,0,0,0.0
2019-02-13,1.6590351381831563,1.47469790060725,0.19597577571820718,False,True,False,False,65.7147,74.1459,7.53,104.4,0.9249945659936186,2.514886598357007,1.5932004104774755,-0.201240963920652,1.5932004104774755,1.7907045935945178,0.3186062003713839,1.64586819264202,1.3298614996547522,0.3186062003713839,1.64586819264202,1.3298614996547522,0.2633721778259743,0.3510079602037367,-0.201240963920652,0.9249945659936186,0.05947175409040006,0.44239157627798736,-1.1463043660500296,0.9249945659936186,-0.7290187902754115,13,0,0,0.0,0.0,7.75,5.2,4.0,-1.2000000000000002,3.0,0,0,0,0.0,0.0,1,0,0,0,0,0,0,0,0,0,0,0,0,0,0,1,0,0,0,1,0,0,0,0,0.0
2019-02-14,1.8565393213001986,1.47469790060725,0.3868328144027893,False,True,False,False,65.6783,74.3872,7.34,89.4,0.19597577571820718,1.6590351381831563,1.47469790060725,0.9249945659936186,2.514886598357007,1.5932004104774755,-0.201240963920652,1.5932004104774755,1.7907045935945178,0.3186062003713839,1.64586819264202,1.3298614996547522,0.29010011208602143,0.33516537658803597,-0.201240963920652,0.9249945659936186,0.06137307226640914,0.442957011961899,-1.1463043660500296,0.9249945659936186,0.19085703868458215,14,0,0,0.0,0.0,7.75,5.2,4.0,-1.2000000000000002,3.0,0,0,0,0.0,1.0,1,0,0,0,0,0,0,0,0,0,0,0,0,0,0,1,0,0,0,0,1,0,0,0,0.0
2019-02-15,1.8170384846767902,1.7775376480533818,0.03706315074982107,False,True,False,False,66.5429,75.0471,7.54,44.0,0.3868328144027893,1.8565393213001986,1.47469790060725,0.19597577571820718,1.6590351381831563,1.47469790060725,0.9249945659936186,2.514886598357007,1.5932004104774755,0.3186062003713839,1.64586819264202,1.3298614996547522,0.3231972561868736,0.33103209097779235,-0.201240963920652,0.9249945659936186,0.07943767185909736,0.45122338288718705,-1.1463043660500296,0.9249945659936186,-0.34976966365296824,15,0,0,0.0,0.0,7.75,5.2,4.0,-1.2000000000000002,3.0,0,0,0,0.0,0.0,1,0,0,0,0,0,0,0,0,0,0,0,0,0,0,1,0,0,0,0,0,1,0,0,0.0
2019-02-16,1.8170384846767902,1.7775376480533818,0.03706315074982107,False,False,False,False,66.7044,75.2492,7.54,44.0,0.03706315074982107,1.8170384846767902,1.7775376480533818,0.3868328144027893,1.8565393213001986,1.47469790060725,0.19597577571820718,1.6590351381831563,1.47469790060725,-0.201240963920652,1.5932004104774755,1.7907045935945178,0.28297682052665035,0.3483344503803422,-0.201240963920652,0.9249945659936186,0.08581944698600519,0.4498468512494018,-1.1463043660500296,0.9249945659936186,0.0,16,0,0,0.0,0.0,7.75,5.2,4.0,-1.2000000000000002,3.0,0,0,0,0.0,0.0,1,0,0,0,0,0,0,0,0,0,0,0,0,0,0,1,0,0,0,0,0,0,1,0,0.03706315074982107
2019-02-17,1.8170384846767902,1.7775376480533818,0.03706315074982107,False,False,False,False,66.7044,75.2492,7.54,44.0,0.03706315074982107,1.8170384846767902,1.7775376480533818,0.03706315074982107,1.8170384846767902,1.7775376480533818,0.3868328144027893,1.8565393213001986,1.47469790060725,0.9249945659936186,2.514886598357007,1.5932004104774755,0.2427563848664271,0.359606644379835,-0.201240963920652,0.9249945659936186,0.092201222112913,0.4483682839873099,-1.1463043660500296,0.9249945659936186,0.0,17,0,0,0.0,0.0,7.75,5.2,4.0,-1.2000000000000002,3.0,0,0,0,0.0,0.0,1,0,0,0,0,0,0,0,0,0,0,0,0,0,0,1,0,0,0,0,0,0,0,1,0.03706315074982107
2019-02-18,1.5932004104774755,2.1725460142874664,-0.5795129659580365,False,True,False,False,66.7044,75.2492,7.56,73.8,0.03706315074982107,1.8170384846767902,1.7775376480533818,0.03706315074982107,1.8170384846767902,1.7775376480533818,0.03706315074982107,1.8170384846767902,1.7775376480533818,0.19597577571820718,1.6590351381831563,1.47469790060725,0.20253594920620382,0.36540716103844967,-0.201240963920652,0.9249945659936186,0.09858299723982081,0.4467866680915261,-1.1463043660500296,0.9249945659936186,-0.6165761167078575,18,0,0,0.0,0.0,7.75,5.2,4.0,-1.2000000000000002,3.0,0,0,0,0.0,0.0,1,0,0,0,0,0,0,0,0,0,0,0,0,0,0,1,0,0,0,0,0,0,0,0,-0.0
2019-02-19,1.3430284451958885,1.2064994946349499,0.1316148745246777,False,True,False,False,66.247,74.9055,7.62,82.27,-0.5795129659580365,1.5932004104774755,2.1725460142874664,0.03706315074982107,1.8170384846767902,1.7775376480533818,0.03706315074982107,1.8170384846767902,1.7775376480533818,0.3868328144027893,1.8565393213001986,1.47469790060725,0.14849709177229173,0.4526326110241158,-0.5795129659580365,0.9249945659936186,0.13906809724639174,0.3376572260224337,-0.5795129659580365,0.9249945659936186,0.7111278404827142,19,0,0,0.0,0.0,7.75,5.2,4.0,-1.2000000000000002,3.0,0,0,0,0.0,0.0,1,0,0,0,0,0,0,0,0,0,0,0,0,0,0,1,0,0,1,0,0,0,0,0,0.0
2019-02-20,1.9355409945470157,1.4351970639838416,0.4959178522339848,False,True,False,False,66.2022,74.8151,7.54,109.15,0.1316148745246777,1.3430284451958885,1.2064994946349499,-0.5795129659580365,1.5932004104774755,2.1725460142874664,0.03706315074982107,1.8170384846767902,1.7775376480533818,0.03706315074982107,1.8170384846767902,1.7775376480533818,0.03515713584815734,0.2990743346561057,-0.5795129659580365,0.3868328144027893,0.14926465683706577,0.33491671105900594,-0.5795129659580365,0.9249945659936186,0.3643029777093071,20,0,0,0.0,0.0,7.75,5.2,4.0,-1.2000000000000002,3.0,0,0,0,0.0,1.0,1,0,0,0,0,0,0,0,0,0,0,0,0,0,0,1,0,0,0,1,0,0,0,0,0.0
2019-02-21,1.8302054302179263,1.869706266841335,-0.03526479925509935,False,True,False,False,65.8568,74.6816,7.38,139.6,0.4959178522339848,1.9355409945470157,1.4351970639838416,0.1316148745246777,1.3430284451958885,1.2064994946349499,-0.5795129659580365,1.5932004104774755,2.1725460142874664,0.03706315074982107,1.8170384846767902,1.7775376480533818,0.07800600392183986,0.3440587087180304,-0.5795129659580365,0.4959178522339848,0.1840530580039306,0.3443742413937277,-0.5795129659580365,0.9249945659936186,-0.5311826514890842,21,0,0,0.0,0.0,7.75,5.2,4.0,-1.2000000000000002,3.0,0,0,0,0.0,0.0,1,0,0,0,0,0,0,0,0,0,0,0,0,0,0,1,0,0,0,0,1,0,0,0,-0.0
2019-02-22,1.7643707025122455,2.514886598357007,-0.7478045557197066,False,True,False,False,65.5401,74.2963,7.2,204.55,-0.03526479925509935,1.8302054302179263,1.869706266841335,0.4959178522339848,1.9355409945470157,1.4351970639838416,0.1316148745246777,1.3430284451958885,1.2064994946349499,0.03706315074982107,1.8170384846767902,1.7775376480533818,0.01770634482785577,0.3168233745692987,-0.5795129659580365,0.4959178522339848,0.17045180050736466,0.3493281700211265,-0.5795129659580365,0.9249945659936186,-0.7125397564646072,22,0,0,0.0,0.0,7.75,5.2,4.0,-1.2000000000000002,3.0,0,0,0,1.0,0.0,1,0,0,0,0,0,0,0,0,0,0,0,0,0,0,1,0,0,0,0,0,1,0,0,-0.0
2019-02-23,1.7643707025122455,2.514886598357007,-0.7478045557197066,True,False,False,False,65.5149,74.3332,7.2,204.55,-0.7478045557197066,1.7643707025122455,2.514886598357007,-0.03526479925509935,1.8302054302179263,1.869706266841335,0.4959178522339848,1.9355409945470157,1.4351970639838416,-0.5795129659580365,1.5932004104774755,2.1725460142874664,-0.09441761323921961,0.4281534154860299,-0.7478045557197066,0.4959178522339848,0.09427960364371532,0.4230299475047095,-0.7478045557197066,0.9249945659936186,0.0,23,0,0,0.0,0.0,7.75,5.2,4.0,-1.2000000000000002,3.0,0,0,0,1.0,0.0,1,0,0,0,0,0,0,0,0,0,0,0,0,0,0,1,0,0,0,0,0,0,1,0,-0.7478045557197066
2019-02-24,1.7643707025122455,2.514886598357007,-0.7478045557197066,False,False,False,False,65.5149,74.3332,7.2,204.55,-0.7478045557197066,1.7643707025122455,2.514886598357007,-0.7478045557197066,1.7643707025122455,2.514886598357007,-0.03526479925509935,1.8302054302179263,1.869706266841335,0.1316148745246777,1.3430284451958885,1.2064994946349499,-0.206541571306295,0.4867437578183181,-0.7478045557197066,0.4959178522339848,0.01810740678006598,0.47263246687827626,-0.7478045557197066,0.9249945659936186,0.0,24,0,0,0.0,0.0,7.75,5.2,4.0,-1.2000000000000002,3.0,0,0,0,1.0,0.0,1,0,0,0,0,0,0,0,0,0,0,0,0,0,0,1,0,0,0,0,0,0,0,1,-0.7478045557197066
2019-02-25,2.027709613334969,2.5938882716038236,-0.5673445258041354,False,False,False,False,65.5149,74.3332,7.5,80.1,-0.7478045557197066,1.7643707025122455,2.514886598357007,-0.7478045557197066,1.7643707025122455,2.514886598357007,-0.7478045557197066,1.7643707025122455,2.514886598357007,0.4959178522339848,1.9355409945470157,1.4351970639838416,-0.31866552937337034,0.511066988194025,-0.7478045557197066,0.4959178522339848,-0.05806479008358333,0.5052835908231456,-0.7478045557197066,0.9249945659936186,0.1804600299155712,25,0,0,0.0,0.0,7.75,5.2,4.0,-1.2000000000000002,3.0,1,1,0,0.0,0.0,1,0,0,0,0,0,0,0,0,0,0,0,0,0,0,1,0,0,0,0,0,0,0,0,-0.5673445258041354
2019-02-26,1.961874885629288,1.724869865888837,0.23970750663516172,False,True,False,False,65.2582,74.0876,7.49,90.0,-0.5673445258041354,2.027709613334969,2.5938882716038236,-0.7478045557197066,1.7643707025122455,2.514886598357007,-0.7478045557197066,1.7643707025122455,2.514886598357007,-0.03526479925509935,1.8302054302179263,1.869706266841335,-0.31692718077995596,0.5100515502757974,-0.7478045557197066,0.4959178522339848,-0.08421504450383215,0.5224456043963794,-0.7478045557197066,0.9249945659936186,0.8070520324392971,26,0,0,0.0,0.0,7.75,5.2,4.0,-1.2000000000000002,3.0,1,0,1,0.0,1.0,1,0,0,0,0,0,0,0,0,0,0,0,0,0,0,1,0,0,1,0,0,0,0,0,0.0
2019-02-27,1.6985359748065647,1.7512037569711094,-0.05079179052457979,False,True,False,False,65.6182,74.4898,7.64,48.8,0.23970750663516172,1.961874885629288,1.724869865888837,-0.5673445258041354,2.027709613334969,2.5938882716038236,-0.7478045557197066,1.7643707025122455,2.514886598357007,-0.7478045557197066,1.7643707025122455,2.514886598357007,-0.30148537619274396,0.5272410198677197,-0.7478045557197066,0.4959178522339848,-0.13316412017229334,0.4473185009917086,-0.7478045557197066,0.4959178522339848,-0.2904992971597415,27,0,0,0.0,0.0,7.75,5.2,4.0,-1.2000000000000002,3.0,1,0,1,0.0,0.0,1,0,0,0,0,0,0,0,0,0,0,0,0,0,0,1,0,0,0,1,0,0,0,0,-0.0
2019-02-28,2.462218816192462,1.9355409945470157,0.5209887695839447,False,True,False,True,65.757,74.8249,7.54,219.85,-0.05079179052457979,1.6985359748065647,1.7512037569711094,0.23970750663516172,1.961874885629288,1.724869865888837,-0.5673445258041354,2.027709613334969,2.5938882716038236,-0.7478045557197066,1.7643707025122455,2.514886598357007,-0.3795867537296817,0.4187670687395996,-0.7478045557197066,0.23970750663516172,-0.150790374903921,0.43811857184361747,-0.7478045557197066,0.4959178522339848,0.5717805601085245,28,0,1,0.0,0.0,7.75,5.2,4.0,-1.2000000000000002,3.0,1,0,1,0.0,1.0,1,0,0,0,0,0,0,0,0,0,0,0,0,0,0,1,0,0,0,0,1,0,0,0,0.0
2019-03-01,1.6985359748065647,1.5405326283129308,0.1593501452278508,False,True,True,False,65.8895,74.9691,7.51,136.1,0.5209887695839447,2.462218816192462,1.9355409945470157,-0.05079179052457979,1.6985359748065647,1.7512037569711094,0.23970750663516172,1.961874885629288,1.724869865888837,-0.7478045557197066,1.7643707025122455,2.514886598357007,-0.30012195818124693,0.5323644171527108,-0.7478045557197066,0.5209887695839447,-0.1412078066766956,0.45202837263066886,-0.7478045557197066,0.5209887695839447,-0.3616386243560939,1,1,0,0.0,1.0,7.75,5.3,4.0,-1.2999999999999998,3.0,0,0,0,0.0,0.0,0,1,0,0,0,0,0,0,0,0,0,0,0,0,0,1,0,0,0,0,0,1,0,0,0.0
2019-03-02,1.6985359748065647,1.5405326283129308,0.1593501452278508,False,False,False,False,65.8145,74.8048,7.51,136.1,0.1593501452278508,1.6985359748065647,1.5405326283129308,0.5209887695839447,2.462218816192462,1.9355409945470157,-0.05079179052457979,1.6985359748065647,1.7512037569711094,-0.5673445258041354,2.027709613334969,2.5938882716038236,-0.17052842947445296,0.5153647192030967,-0.7478045557197066,0.5209887695839447,-0.13247302135683633,0.45689351083559715,-0.7478045557197066,0.5209887695839447,0.0,2,0,0,1.0,0.0,7.75,5.3,4.0,-1.2999999999999998,3.0,0,0,0,0.0,0.0,0,1,0,0,0,0,0,0,0,0,0,0,0,0,0,1,0,0,0,0,0,0,1,0,0.1593501452278508
2019-03-03,1.6985359748065647,1.5405326283129308,0.1593501452278508,False,False,False,False,65.8145,74.8048,7.51,136.1,0.1593501452278508,1.6985359748065647,1.5405326283129308,0.1593501452278508,1.6985359748065647,1.5405326283129308,0.5209887695839447,2.462218816192462,1.9355409945470157,0.23970750663516172,1.961874885629288,1.724869865888837,-0.04093490076765906,0.456730323811157,-0.7478045557197066,0.5209887695839447,-0.12373823603697708,0.46152939229900647,-0.7478045557197066,0.5209887695839447,0.0,3,0,0,0.0,0.0,7.75,5.3,4.0,-1.2999999999999998,3.0,0,0,0,0.0,0.0,0,1,0,0,0,0,0,0,0,0,0,0,0,0,0,1,0,0,0,0,0,0,0,1,0.1593501452278508
2019-03-04,1.5536995738540669,1.9882087767115604,-0.4385532152169004,False,True,False,False,65.8145,74.8048,7.59,121.7,0.1593501452278508,1.6985359748065647,1.5405326283129308,0.1593501452278508,1.6985359748065647,1.5405326283129308,0.1593501452278508,1.6985359748065647,1.5405326283129308,-0.05079179052457979,1.6985359748065647,1.7512037569711094,0.08865862793913484,0.3352868284296576,-0.5673445258041354,0.5209887695839447,-0.11500345071711782,0.46594286001586893,-0.7478045557197066,0.5209887695839447,-0.5979033604447512,4,0,0,0.0,0.0,7.75,5.3,4.0,-1.2999999999999998,3.0,0,0,0,0.0,0.0,0,1,0,0,0,0,0,0,0,0,0,0,0,0,0,1,0,0,0,0,0,0,0,0,-0.0
2019-03-05,1.6063673560186116,1.8565393213001986,-0.24990610274131414,False,True,False,False,65.7956,74.7438,7.72,58.55,-0.4385532152169004,1.5536995738540669,1.9882087767115604,0.1593501452278508,1.6985359748065647,1.5405326283129308,0.1593501452278508,1.6985359748065647,1.5405326283129308,0.5209887695839447,2.462218816192462,1.9355409945470157,0.10705738659445416,0.29432015830638764,-0.4385532152169004,0.5209887695839447,-0.10493489709275095,0.456561718293652,-0.7478045557197066,0.5209887695839447,0.18864711247558624,5,0,0,0.0,0.0,7.75,5.3,4.0,-1.2999999999999998,3.0,0,0,0,0.0,0.0,0,1,0,0,0,0,0,0,0,0,0,0,0,0,0,1,0,0,1,0,0,0,0,0,-0.0
2019-03-06,1.5141987372306585,1.2344608872585272,0.27538315256461543,False,True,False,False,65.8004,74.5058,7.73,72.0,-0.24990610274131414,1.6063673560186116,1.8565393213001986,-0.4385532152169004,1.5536995738540669,1.9882087767115604,0.1593501452278508,1.6985359748065647,1.5405326283129308,0.1593501452278508,1.6985359748065647,1.5405326283129308,0.03711258525495759,0.3149939378369009,-0.4385532152169004,0.5209887695839447,-0.13218639546889324,0.45272641353579507,-0.7478045557197066,0.5209887695839447,0.5252892553059296,6,0,0,0.0,0.0,7.75,5.3,4.0,-1.2999999999999998,3.0,0,0,0,0.0,1.0,0,1,0,0,0,0,0,0,0,0,0,0,0,0,0,1,0,0,0,1,0,0,0,0,0.0
2019-03-07,1.7512037569711094,1.5536995738540669,0.19569705910535307,False,True,False,False,65.843,74.4158,7.78,114.2,0.27538315256461543,1.5141987372306585,1.2344608872585272,-0.24990610274131414,1.6063673560186116,1.8565393213001986,-0.4385532152169004,1.5536995738540669,1.9882087767115604,0.1593501452278508,1.6985359748065647,1.5405326283129308,0.0837090056962712,0.32382458842796735,-0.4385532152169004,0.5209887695839447,-0.14793887401670533,0.4325790007034765,-0.7478045557197066,0.5209887695839447,-0.07968609345926236,7,0,0,0.0,0.0,7.75,5.3,4.0,-1.2999999999999998,3.0,0,0,0,0.0,0.0,0,1,0,0,0,0,0,0,0,0,0,0,0,0,0,1,0,0,0,0,1,0,0,0,0.0
2019-03-08,1.7512037569711094,1.5536995738540669,0.19569705910535307,True,False,False,False,65.9646,74.573,7.78,114.2,0.19569705910535307,1.7512037569711094,1.5536995738540669,0.27538315256461543,1.5141987372306585,1.2344608872585272,-0.24990610274131414,1.6063673560186116,1.8565393213001986,0.1593501452278508,1.6985359748065647,1.5405326283129308,0.03723876134218668,0.2693775328888351,-0.4385532152169004,0.27538315256461543,-0.13144159841953015,0.44151832961554505,-0.7478045557197066,0.5209887695839447,0.0,8,0,0,0.0,0.0,7.75,5.3,4.0,-1.2999999999999998,3.0,0,0,0,0.0,0.0,0,1,0,0,0,0,0,0,0,0,0,0,0,0,0,1,0,0,0,0,0,1,0,0,0.19569705910535307
2019-03-09,1.7512037569711094,1.5536995738540669,0.19569705910535307,False,False,False,False,65.9646,74.573,7.78,114.2,0.19569705910535307,1.7512037569711094,1.5536995738540669,0.19569705910535307,1.7512037569711094,1.5536995738540669,0.27538315256461543,1.5141987372306585,1.2344608872585272,-0.4385532152169004,1.5536995738540669,1.9882087767115604,0.042431177610401286,0.27245630998390175,-0.4385532152169004,0.27538315256461543,-0.06404862593202588,0.4111644521983178,-0.7478045557197066,0.5209887695839447,0.0,9,0,0,0.0,0.0,7.75,5.3,4.0,-1.2999999999999998,3.0,0,0,0,0.0,0.0,0,1,0,0,0,0,0,0,0,0,0,0,0,0,0,1,0,0,0,0,0,0,1,0,0.19569705910535307
2019-03-10,1.7512037569711094,1.5536995738540669,0.19569705910535307,False,False,False,False,65.9646,74.573,7.78,114.2,0.19569705910535307,1.7512037569711094,1.5536995738540669,0.19569705910535307,1.7512037569711094,1.5536995738540669,0.19569705910535307,1.7512037569711094,1.5536995738540669,-0.24990610274131414,1.6063673560186116,1.8565393213001986,0.0476235938786159,0.2753864866676895,-0.4385532152169004,0.27538315256461543,0.0033443465554783757,0.3652281645951405,-0.7478045557197066,0.5209887695839447,0.0,10,0,0,0.0,0.0,7.75,5.3,4.0,-1.2999999999999998,3.0,0,0,0,0.0,0.0,0,1,0,0,0,0,0,0,0,0,0,0,0,0,0,1,0,0,0,0,0,0,0,1,0.19569705910535307
2019-03-11,2.1198782321229217,1.9092071034647433,0.21294790846629308,False,True,False,False,65.9646,74.573,7.69,97.9,0.19569705910535307,1.7512037569711094,1.5536995738540669,0.19569705910535307,1.7512037569711094,1.5536995738540669,0.19569705910535307,1.7512037569711094,1.5536995738540669,0.27538315256461543,1.5141987372306585,1.2344608872585272,0.05281601014683051,0.2781727588975314,-0.4385532152169004,0.27538315256461543,0.07073731904298264,0.29655463539199317,-0.5673445258041354,0.5209887695839447,0.017250849360940013,11,0,0,0.0,0.0,7.75,5.3,4.0,-1.2999999999999998,3.0,0,0,0,0.0,1.0,0,1,0,0,0,0,0,0,0,0,0,0,0,0,0,1,0,0,0,0,0,0,0,0,0.0
2019-03-12,2.6333891082272323,2.9888966378379087,-0.36245728895182067,False,True,False,False,66.0763,74.2896,7.54,153.9,0.21294790846629308,2.1198782321229217,1.9092071034647433,0.19569705910535307,1.7512037569711094,1.5536995738540669,0.19569705910535307,1.7512037569711094,1.5536995738540669,0.19569705910535307,1.7512037569711094,1.5536995738540669,0.14588759924442957,0.1769382034782953,-0.24990610274131414,0.27538315256461543,0.12647249291944182,0.23417057385331647,-0.4385532152169004,0.5209887695839447,-0.5754051974181138,12,0,0,0.0,0.0,7.75,5.3,4.0,-1.2999999999999998,3.0,0,0,0,0.0,0.0,0,1,0,0,0,0,0,0,0,0,0,0,0,0,0,1,0,0,1,0,0,0,0,0,-0.0
2019-03-13,1.5141987372306585,1.8038715391356541,-0.28725573787767655,False,True,False,False,65.7674,74.0672,7.53,96.91,-0.36245728895182067,2.6333891082272323,2.9888966378379087,0.21294790846629308,2.1198782321229217,1.9092071034647433,0.19569705910535307,1.7512037569711094,1.5536995738540669,0.19569705910535307,1.7512037569711094,1.5536995738540669,0.12980885835721434,0.21901101820258986,-0.36245728895182067,0.27538315256461543,0.08346072180608592,0.2650393495420086,-0.4385532152169004,0.5209887695839447,0.07520155107414411,13,0,0,0.0,0.0,7.75,5.3,4.0,-1.2999999999999998,3.0,0,0,0,0.0,0.0,0,1,0,0,0,0,0,0,0,0,0,0,0,0,0,1,0,0,0,1,0,0,0,0,-0.0
2019-03-14,1.724869865888837,1.4483640095249777,0.2837458581089728,False,True,False,False,65.589,74.0237,7.48,96.07,-0.28725573787767655,1.5141987372306585,1.8038715391356541,-0.36245728895182067,2.6333891082272323,2.9888966378379087,0.21294790846629308,2.1198782321229217,1.9092071034647433,0.19569705910535307,1.7512037569711094,1.5536995738540669,0.04943187400831551,0.25668487215917724,-0.36245728895182067,0.21294790846629308,0.0665704398522933,0.28128949666520403,-0.4385532152169004,0.5209887695839447,0.5710015959866493,14,0,0,0.0,0.0,7.75,5.3,4.0,-1.2999999999999998,3.0,0,0,0,0.0,1.0,0,1,0,0,0,0,0,0,0,0,0,0,0,0,0,1,0,0,0,0,1,0,0,0,0.0
2019-03-15,1.64586819264202,1.6853690292654286,-0.03256291701286168,False,True,False,False,65.4021,74.0613,7.5,131.26,0.2837458581089728,1.724869865888837,1.4483640095249777,-0.28725573787767655,1.5141987372306585,1.8038715391356541,-0.36245728895182067,2.6333891082272323,2.9888966378379087,0.19569705910535307,1.7512037569711094,1.5536995738540669,0.06201027386597546,0.26699711838177737,-0.36245728895182067,0.2837458581089728,0.04962451760408103,0.2579889675803383,-0.4385532152169004,0.2837458581089728,-0.3163087751218345,15,0,0,0.0,0.0,7.75,5.3,4.0,-1.2999999999999998,3.0,0,0,0,0.0,0.0,0,1,0,0,0,0,0,0,0,0,0,0,0,0,0,1,0,0,0,0,0,1,0,0,-0.0
2019-03-16,1.64586819264202,1.6853690292654286,-0.03256291701286168,False,False,False,False,65.4201,74.0686,7.5,131.26,-0.03256291701286168,1.64586819264202,1.6853690292654286,0.2837458581089728,1.724869865888837,1.4483640095249777,-0.28725573787767655,1.5141987372306585,1.8038715391356541,0.21294790846629308,2.1198782321229217,1.9092071034647433,0.02940170584908764,0.2618375667831804,-0.36245728895182067,0.2837458581089728,0.03591644172974443,0.2568061673031608,-0.4385532152169004,0.2837458581089728,0.0,16,0,0,0.0,0.0,7.75,5.3,4.0,-1.2999999999999998,3.0,0,0,0,0.0,0.0,0,1,0,0,0,0,0,0,0,0,0,0,0,0,0,1,0,0,0,0,0,0,1,0,-0.03256291701286168
2019-03-17,1.64586819264202,1.6853690292654286,-0.03256291701286168,False,False,False,False,65.4201,74.0686,7.5,131.26,-0.03256291701286168,1.64586819264202,1.6853690292654286,-0.03256291701286168,1.64586819264202,1.6853690292654286,0.2837458581089728,1.724869865888837,1.4483640095249777,-0.36245728895182067,2.6333891082272323,2.9888966378379087,-0.003206862167800179,0.2516928376972722,-0.36245728895182067,0.2837458581089728,0.022208365855407818,0.25482499016146437,-0.4385532152169004,0.2837458581089728,0.0,17,0,0,0.0,0.0,7.75,5.3,4.0,-1.2999999999999998,3.0,0,0,0,0.0,0.0,0,1,0,0,0,0,0,0,0,0,0,0,0,0,0,1,0,0,0,0,0,0,0,1,-0.03256291701286168
2019-03-18,1.6853690292654286,1.8302054302179263,-0.15279951345285142,False,True,False,False,65.4201,74.0686,7.45,108.35,-0.03256291701286168,1.64586819264202,1.6853690292654286,-0.03256291701286168,1.64586819264202,1.6853690292654286,-0.03256291701286168,1.64586819264202,1.6853690292654286,-0.28725573787767655,1.5141987372306585,1.8038715391356541,-0.035815430184688,0.23592070856895897,-0.36245728895182067,0.2837458581089728,0.008500289981071215,0.25202660877519073,-0.4385532152169004,0.2837458581089728,-0.12023659643998974,18,0,0,0.0,0.0,7.75,5.3,4.0,-1.2999999999999998,3.0,0,0,0,0.0,0.0,0,1,0,0,0,0,0,0,0,0,0,0,0,0,0,1,0,0,0,0,0,0,0,0,-0.0
2019-03-19,1.4088631729015693,1.5010317916895224,-0.09528013938711982,False,True,False,False,64.6694,73.361,7.46,114.9,-0.15279951345285142,1.6853690292654286,1.8302054302179263,-0.03256291701286168,1.64586819264202,1.6853690292654286,-0.03256291701286168,1.64586819264202,1.6853690292654286,0.2837458581089728,1.724869865888837,1.4483640095249777,-0.08806506188742293,0.21080931090280303,-0.36245728895182067,0.2837458581089728,0.028911268678503278,0.22292714009083264,-0.36245728895182067,0.2837458581089728,0.0575193740657316,19,0,0,0.0,0.0,7.75,5.3,4.0,-1.2999999999999998,3.0,0,0,0,0.0,0.0,0,1,0,0,0,0,0,0,0,0,0,0,0,0,0,1,0,0,1,0,0,0,0,0,-0.0
2019-03-20,1.382529281819297,1.711702920347701,-0.32932276493088497,False,True,False,False,64.3167,72.9995,7.42,118.98,-0.09528013938711982,1.4088631729015693,1.5010317916895224,-0.15279951345285142,1.6853690292654286,1.8302054302179263,-0.03256291701286168,1.64586819264202,1.6853690292654286,-0.03256291701286168,1.64586819264202,1.6853690292654286,-0.049896897663894234,0.17378468245144366,-0.28725573787767655,0.2837458581089728,0.03995598034666002,0.21159307959241339,-0.36245728895182067,0.2837458581089728,-0.23404262554376515,20,0,0,0.0,0.0,7.75,5.3,4.0,-1.2999999999999998,3.0,0,0,0,0.0,0.0,0,1,0,0,0,0,0,0,0,0,0,0,0,0,0,1,0,0,0,1,0,0,0,0,-0.0
2019-03-21,2.054043504417241,1.869706266841335,0.17771993713153839,False,True,False,False,64.2803,72.9389,7.44,149.6,-0.32932276493088497,1.382529281819297,1.711702920347701,-0.09528013938711982,1.4088631729015693,1.5010317916895224,-0.15279951345285142,1.6853690292654286,1.8302054302179263,-0.03256291701286168,1.64586819264202,1.6853690292654286,-0.05590647295720973,0.1837994769816328,-0.32932276493088497,0.2837458581089728,-0.003237299474447151,0.22133386089094018,-0.36245728895182067,0.2837458581089728,0.5070427020624233,21,0,0,0.0,0.0,7.75,5.3,4.0,-1.2999999999999998,3.0,0,0,0,0.0,0.0,0,1,0,0,0,0,0,0,0,0,0,0,0,0,0,1,0,0,0,0,1,0,0,0,0.0
2019-03-22,1.2603216243107822,1.711702920347701,-0.45694251346323017,False,True,False,False,63.742,72.787,7.45,123.5,0.17771993713153839,2.054043504417241,1.869706266841335,-0.32932276493088497,1.382529281819297,1.711702920347701,-0.09528013938711982,1.4088631729015693,1.5010317916895224,-0.03256291701286168,1.64586819264202,1.6853690292654286,-0.07105303309684322,0.15291890657913548,-0.32932276493088497,0.17771993713153839,-0.004521379615433914,0.22013988072111199,-0.36245728895182067,0.2837458581089728,-0.6346624505947686,22,0,0,0.0,0.0,7.75,5.3,4.0,-1.2999999999999998,3.0,0,0,0,0.0,0.0,0,1,0,0,0,0,0,0,0,0,0,0,0,0,0,1,0,0,0,0,0,1,0,0,-0.0
2019-03-23,1.2603216243107822,1.711702920347701,-0.45694251346323017,False,False,False,False,63.7705,72.59,7.45,123.5,-0.45694251346323017,1.2603216243107822,1.711702920347701,0.17771993713153839,2.054043504417241,1.869706266841335,-0.32932276493088497,1.382529281819297,1.711702920347701,-0.15279951345285142,1.6853690292654286,1.8302054302179263,-0.13167868973261013,0.20896812446710897,-0.45694251346323017,0.17771993713153839,-0.05113849194176129,0.24245120983819696,-0.45694251346323017,0.2837458581089728,0.0,23,0,0,0.0,0.0,7.75,5.3,4.0,-1.2999999999999998,3.0,0,0,0,0.0,0.0,0,1,0,0,0,0,0,0,0,0,0,0,0,0,0,1,0,0,0,0,0,0,1,0,-0.45694251346323017
2019-03-24,1.2603216243107822,1.711702920347701,-0.45694251346323017,False,False,False,False,63.7705,72.59,7.45,123.5,-0.45694251346323017,1.2603216243107822,1.711702920347701,-0.45694251346323017,1.2603216243107822,1.711702920347701,0.17771993713153839,2.054043504417241,1.869706266841335,-0.09528013938711982,1.4088631729015693,1.5010317916895224,-0.19230434636837707,0.2353190703379183,-0.45694251346323017,0.17771993713153839,-0.09775560426808867,0.2538168027012485,-0.45694251346323017,0.2837458581089728,0.0,24,0,0,0.0,0.0,7.75,5.3,4.0,-1.2999999999999998,3.0,0,0,0,0.0,0.0,0,1,0,0,0,0,0,0,0,0,0,0,0,0,0,1,0,0,0,0,0,0,0,1,-0.45694251346323017
2019-03-25,2.3305493607811005,2.9888966378379087,-0.6506686485416275,False,True,False,False,63.7705,72.59,7.81,174.95,-0.45694251346323017,1.2603216243107822,1.711702920347701,-0.45694251346323017,1.2603216243107822,1.711702920347701,-0.45694251346323017,1.2603216243107822,1.711702920347701,-0.32932276493088497,1.382529281819297,1.711702920347701,-0.25293000300414403,0.24188087037540057,-0.45694251346323017,0.17771993713153839,-0.14437271659441603,0.2557004255536988,-0.45694251346323017,0.2837458581089728,-0.19372613507839737,25,0,0,0.0,0.0,7.75,5.3,4.0,-1.2999999999999998,3.0,1,1,1,1.0,0.0,0,1,0,0,0,0,0,0,0,0,0,0,0,0,0,1,0,0,0,0,0,0,0,0,-0.0
2019-03-26,1.3133453518585445,1.6590351381831563,-0.3465657592607896,False,True,False,False,64.4993,72.9229,7.76,134.3,-0.6506686485416275,2.3305493607811005,2.9888966378379087,-0.45694251346323017,1.2603216243107822,1.711702920347701,-0.45694251346323017,1.2603216243107822,1.711702920347701,0.17771993713153839,2.054043504417241,1.869706266841335,-0.32405416515968344,0.2780280330114473,-0.6506686485416275,0.17771993713153839,-0.20605961352355323,0.2667985288914768,-0.6506686485416275,0.2837458581089728,0.30410288928083795,26,0,0,0.0,0.0,7.75,5.3,4.0,-1.2999999999999998,3.0,1,0,1,0.0,0.0,0,1,0,0,0,0,0,0,0,0,0,0,0,0,0,1,0,0,1,0,0,0,0,0,-0.0
2019-03-27,1.724869865888837,1.5405326283129308,0.19344070159844734,False,True,False,False,64.1683,72.5808,7.63,142.16,-0.3465657592607896,1.3133453518585445,1.6590351381831563,-0.6506686485416275,2.3305493607811005,2.9888966378379087,-0.45694251346323017,1.2603216243107822,1.711702920347701,-0.45694251346323017,1.2603216243107822,1.711702920347701,-0.359952110855922,0.25914799578156217,-0.6506686485416275,0.17771993713153839,-0.20492450425990816,0.2661148711958417,-0.6506686485416275,0.2837458581089728,0.540006460859237,27,0,0,0.0,0.0,7.75,5.3,4.0,-1.2999999999999998,3.0,1,0,1,0.0,0.0,0,1,0,0,0,0,0,0,0,0,0,0,0,0,0,1,0,0,0,1,0,0,0,0,0.0
2019-03-28,2.040876558876105,2.2647146330754198,-0.2228700867634465,False,True,False,False,64.5925,72.7182,7.52,122.04,0.19344070159844734,1.724869865888837,1.5405326283129308,-0.3465657592607896,1.3133453518585445,1.6590351381831563,-0.6506686485416275,2.3305493607811005,2.9888966378379087,-0.45694251346323017,1.2603216243107822,1.711702920347701,-0.2852716156374459,0.3339688897156506,-0.6506686485416275,0.19344070159844734,-0.17058904429732788,0.28501472196635896,-0.6506686485416275,0.2837458581089728,-0.41631078836189384,28,0,0,0.0,0.0,7.75,5.3,4.0,-1.2999999999999998,3.0,1,0,1,0.0,0.0,0,1,0,0,0,0,0,0,0,0,0,0,0,0,0,1,0,0,0,0,1,0,0,0,-0.0
2019-03-29,3.0942322021669977,2.0145426677938327,1.0819422604101567,False,True,False,True,64.8012,72.8884,7.81,137.8,-0.2228700867634465,2.040876558876105,2.2647146330754198,0.19344070159844734,1.724869865888837,1.5405326283129308,-0.3465657592607896,1.3133453518585445,1.6590351381831563,-0.45694251346323017,1.2603216243107822,1.711702920347701,-0.34249876190815803,0.2695117390040051,-0.6506686485416275,0.19344070159844734,-0.20677589750250067,0.25328827596187325,-0.6506686485416275,0.19344070159844734,1.3048123471736033,29,0,0,0.0,0.0,7.75,5.3,4.0,-1.2999999999999998,3.0,1,0,1,0.0,1.0,0,1,0,0,0,0,0,0,0,0,0,0,0,0,0,1,0,0,0,0,0,1,0,0,0.0
2019-03-30,3.0942322021669977,2.0145426677938327,1.0819422604101567,False,False,False,False,64.7347,72.723,7.81,137.8,1.0819422604101567,3.0942322021669977,2.0145426677938327,-0.2228700867634465,2.040876558876105,2.2647146330754198,0.19344070159844734,1.724869865888837,1.5405326283129308,-0.6506686485416275,2.3305493607811005,2.9888966378379087,-0.12265807992624565,0.5934987841014107,-0.6506686485416275,1.0819422604101567,-0.1271683848294279,0.42749140365116806,-0.6506686485416275,1.0819422604101567,0.0,30,0,0,0.0,0.0,7.75,5.3,4.0,-1.2999999999999998,3.0,1,0,0,0.0,1.0,0,1,0,0,0,0,0,0,0,0,0,0,0,0,0,1,0,0,0,0,0,0,1,0,1.0819422604101567
2019-03-31,3.0942322021669977,2.0145426677938327,1.0819422604101567,False,False,False,False,64.7347,72.723,7.81,137.8,1.0819422604101567,3.0942322021669977,2.0145426677938327,1.0819422604101567,3.0942322021669977,2.0145426677938327,-0.2228700867634465,2.040876558876105,2.2647146330754198,-0.3465657592607896,1.3133453518585445,1.6590351381831563,0.09718260205566676,0.7204687432073469,-0.6506686485416275,1.0819422604101567,-0.04756087215635518,0.5363703567927942,-0.6506686485416275,1.0819422604101567,0.0,31,0,1,0.0,0.0,7.75,5.3,4.0,-1.2999999999999998,3.0,1,0,0,0.0,1.0,0,1,0,0,0,0,0,0,0,0,0,0,0,0,0,1,0,0,0,0,0,0,0,1,1.0819422604101567
2019-04-01,1.47469790060725,3.1337330387904063,-1.6590351381831563,False,True,True,False,64.7347,72.723,7.61,89.7,1.0819422604101567,3.0942322021669977,2.0145426677938327,1.0819422604101567,3.0942322021669977,2.0145426677938327,1.0819422604101567,3.0942322021669977,2.0145426677938327,0.19344070159844734,1.724869865888837,1.5405326283129308,0.3170232840375792,0.7570599626764885,-0.6506686485416275,1.0819422604101567,0.03204664051671756,0.6156197926406269,-0.6506686485416275,1.0819422604101567,-2.740977398593313,1,1,0,0.0,1.0,7.75,5.2,4.0,-1.2000000000000002,3.0,0,0,0,1.0,0.0,0,0,1,0,0,0,0,0,0,0,0,1,0,0,0,1,0,0,0,0,0,0,0,0,-0.0
2019-04-02,1.254440684900794,1.5010317916895224,-0.2503199934423073,False,True,False,False,65.4176,73.4967,7.61,63.0,-1.6590351381831563,1.47469790060725,3.1337330387904063,1.0819422604101567,3.0942322021669977,2.0145426677938327,1.0819422604101567,3.0942322021669977,2.0145426677938327,-0.2228700867634465,2.040876558876105,2.2647146330754198,0.17297092837450362,1.021596819197966,-1.6590351381831563,1.0819422604101567,-0.07554161839258992,0.7641172227541164,-1.6590351381831563,1.0819422604101567,1.408715144740849,2,0,0,1.0,0.0,7.75,5.2,4.0,-1.2000000000000002,3.0,0,0,0,0.0,0.0,0,0,1,0,0,0,0,0,0,0,0,1,0,0,0,1,0,0,1,0,0,0,0,0,-0.0
2019-04-03,1.5800334649363392,1.382529281819297,0.19545752979781517,False,True,False,False,65.4726,73.3162,7.64,69.3,-0.2503199934423073,1.254440684900794,1.5010317916895224,-1.6590351381831563,1.47469790060725,3.1337330387904063,1.0819422604101567,3.0942322021669977,2.0145426677938327,1.0819422604101567,3.0942322021669977,2.0145426677938327,0.18672032349142967,1.014058995621336,-1.6590351381831563,1.0819422604101567,-0.08661589368224619,0.7655474465812696,-1.6590351381831563,1.0819422604101567,0.4457775232401225,3,0,0,0.0,0.0,7.75,5.2,4.0,-1.2000000000000002,3.0,0,0,0,0.0,0.0,0,0,1,0,0,0,0,0,0,0,0,1,0,0,0,1,0,0,0,1,0,0,0,0,0.0
2019-04-04,1.8038715391356541,1.975041831170424,-0.1734304524715548,False,True,False,False,65.1639,73.1725,7.72,55.5,0.19545752979781517,1.5800334649363392,1.382529281819297,-0.2503199934423073,1.254440684900794,1.5010317916895224,-1.6590351381831563,1.47469790060725,3.1337330387904063,1.0819422604101567,3.0942322021669977,2.0145426677938327,0.18700844180562506,1.0140615097887564,-1.6590351381831563,1.0819422604101567,-0.04913158691591046,0.7655970708640135,-1.6590351381831563,1.0819422604101567,-0.36888798226937,4,0,0,0.0,0.0,7.75,5.2,4.0,-1.2000000000000002,3.0,0,0,0,0.0,0.0,0,0,1,0,0,0,0,0,0,0,0,1,0,0,0,1,0,0,0,0,1,0,0,0,-0.0
2019-04-05,2.1593790687463303,1.4483640095249777,0.7087622109029379,False,True,False,False,65.3281,73.4223,7.82,68.66,-0.1734304524715548,1.8038715391356541,1.975041831170424,0.19545752979781517,1.5800334649363392,1.382529281819297,-0.2503199934423073,1.254440684900794,1.5010317916895224,1.0819422604101567,3.0942322021669977,2.0145426677938327,0.19407124670446674,1.0108982045393138,-1.6590351381831563,1.0819422604101567,-0.07421375760184569,0.763342163117591,-1.6590351381831563,1.0819422604101567,0.8821926633744928,5,0,0,0.0,0.0,7.75,5.2,4.0,-1.2000000000000002,3.0,0,0,0,0.0,1.0,0,0,1,0,0,0,0,0,0,0,0,1,0,0,0,1,0,0,0,0,0,1,0,0,0.0
2019-04-06,2.1593790687463303,1.4483640095249777,0.7087622109029379,False,False,False,False,65.4072,73.4392,7.82,68.66,0.7087622109029379,2.1593790687463303,1.4483640095249777,-0.1734304524715548,1.8038715391356541,1.975041831170424,0.19545752979781517,1.5800334649363392,1.382529281819297,-1.6590351381831563,1.47469790060725,3.1337330387904063,0.14075981106057833,0.9650723778643707,-1.6590351381831563,1.0819422604101567,0.009050865567166317,0.7817384205435823,-1.6590351381831563,1.0819422604101567,0.0,6,0,0,0.0,0.0,7.75,5.2,4.0,-1.2000000000000002,3.0,0,0,0,0.0,1.0,0,0,1,0,0,0,0,0,0,0,0,1,0,0,0,1,0,0,0,0,0,0,1,0,0.7087622109029379
2019-04-07,2.1593790687463303,1.4483640095249777,0.7087622109029379,False,False,False,False,65.4072,73.4392,7.82,68.66,0.7087622109029379,2.1593790687463303,1.4483640095249777,0.7087622109029379,2.1593790687463303,1.4483640095249777,-0.1734304524715548,1.8038715391356541,1.975041831170424,-0.2503199934423073,1.254440684900794,1.5010317916895224,0.08744837541668993,0.9133359847441015,-1.6590351381831563,1.0819422604101567,0.09231548873617833,0.7903202188836747,-1.6590351381831563,1.0819422604101567,0.0,7,0,0,0.0,0.0,7.75,5.2,4.0,-1.2000000000000002,3.0,0,0,0,0.0,1.0,0,0,1,0,0,0,0,0,0,0,0,1,0,0,0,1,0,0,0,0,0,0,0,1,0.7087622109029379
2019-04-08,1.6853690292654286,1.7907045935945178,-0.09891806109140447,False,True,False,False,65.4072,73.4392,7.64,83.1,0.7087622109029379,2.1593790687463303,1.4483640095249777,0.7087622109029379,2.1593790687463303,1.4483640095249777,0.7087622109029379,2.1593790687463303,1.4483640095249777,0.19545752979781517,1.5800334649363392,1.382529281819297,0.03413693977280152,0.8546162644578377,-1.6590351381831563,0.7087622109029379,0.17558011190519032,0.78940770749983,-1.6590351381831563,1.0819422604101567,-0.8076802719943423,8,0,0,0.0,0.0,7.75,5.2,4.0,-1.2000000000000002,3.0,0,0,0,0.0,0.0,0,0,1,0,0,0,0,0,0,0,0,1,0,0,0,1,0,0,0,0,0,0,0,0,-0.0
2019-04-09,1.724869865888837,1.632701247100884,0.09065800073572765,False,True,False,False,65.3498,73.3617,7.7,92.93,-0.09891806109140447,1.6853690292654286,1.7907045935945178,0.7087622109029379,2.1593790687463303,1.4483640095249777,0.7087622109029379,2.1593790687463303,1.4483640095249777,-0.1734304524715548,1.8038715391356541,1.975041831170424,0.25701080792876607,0.44448029142525414,-0.2503199934423073,0.7087622109029379,0.21499086815163482,0.7581382154030875,-1.6590351381831563,1.0819422604101567,0.1895760618271321,9,0,0,0.0,0.0,7.75,5.2,4.0,-1.2000000000000002,3.0,0,0,0,0.0,0.0,0,0,1,0,0,0,0,0,0,0,0,1,0,0,0,1,0,0,1,0,0,0,0,0,0.0
2019-04-10,1.8565393213001986,1.2374223225592371,0.6201162649669779,False,True,False,False,64.7766,72.9708,7.64,114.85,0.09065800073572765,1.724869865888837,1.632701247100884,-0.09891806109140447,1.6853690292654286,1.7907045935945178,0.7087622109029379,2.1593790687463303,1.4483640095249777,0.7087622109029379,2.1593790687463303,1.4483640095249777,0.3057219499541997,0.3956125342916787,-0.1734304524715548,0.7087622109029379,0.24622113672281462,0.7420612870287618,-1.6590351381831563,1.0819422604101567,0.5294582642312503,10,0,0,0.0,0.0,7.75,5.2,4.0,-1.2000000000000002,3.0,0,0,0,0.0,1.0,0,0,1,0,0,0,0,0,0,0,0,1,0,0,0,1,0,0,0,1,0,0,0,0,0.0
2019-04-11,1.3561953907370246,1.4351970639838416,-0.07920856504076258,False,True,False,False,64.7373,72.946,7.79,135.55,0.6201162649669779,1.8565393213001986,1.2374223225592371,0.09065800073572765,1.724869865888837,1.632701247100884,-0.09891806109140447,1.6853690292654286,1.7907045935945178,0.7087622109029379,2.1593790687463303,1.4483640095249777,0.36638748354979433,0.40824401565872553,-0.1734304524715548,0.7087622109029379,0.2766979626777097,0.7484611121852719,-1.6590351381831563,1.0819422604101567,-0.6993248300077405,11,0,0,0.0,0.0,7.75,5.2,4.0,-1.2000000000000002,3.0,0,0,0,0.0,0.0,0,0,1,0,0,0,0,0,0,0,0,1,0,0,0,1,0,0,0,0,1,0,0,0,-0.0
2019-04-12,1.869706266841335,1.6853690292654286,0.18495449084226306,False,True,False,False,64.3991,72.6551,7.89,96.87,-0.07920856504076258,1.3561953907370246,1.4351970639838416,0.6201162649669779,1.8565393213001986,1.2374223225592371,0.09065800073572765,1.724869865888837,1.632701247100884,0.7087622109029379,2.1593790687463303,1.4483640095249777,0.3798477531827647,0.3885578550627935,-0.09891806109140447,0.7087622109029379,0.28695949994361564,0.7420423741937532,-1.6590351381831563,1.0819422604101567,0.26416305588302563,12,0,0,0.0,0.0,7.75,5.2,4.0,-1.2000000000000002,3.0,0,0,0,0.0,0.0,0,0,1,0,0,0,0,0,0,0,0,1,0,0,0,1,0,0,0,0,0,1,0,0,0.0
2019-04-13,1.869706266841335,1.6853690292654286,0.18495449084226306,False,False,False,False,64.5171,72.8398,7.89,96.87,0.18495449084226306,1.869706266841335,1.6853690292654286,-0.07920856504076258,1.3561953907370246,1.4351970639838416,0.6201162649669779,1.8565393213001986,1.2374223225592371,-0.09891806109140447,1.6853690292654286,1.7907045935945178,0.3050180788883825,0.36434085289038026,-0.09891806109140447,0.7087622109029379,0.22288894497448042,0.7059683167075914,-1.6590351381831563,1.0819422604101567,0.0,13,0,0,0.0,0.0,7.75,5.2,4.0,-1.2000000000000002,3.0,0,0,0,0.0,0.0,0,0,1,0,0,0,0,0,0,0,0,1,0,0,0,1,0,0,0,0,0,0,1,0,0.18495449084226306
2019-04-14,1.869706266841335,1.6853690292654286,0.18495449084226306,False,False,False,False,64.5171,72.8398,7.89,96.87,0.18495449084226306,1.869706266841335,1.6853690292654286,0.18495449084226306,1.869706266841335,1.6853690292654286,-0.07920856504076258,1.3561953907370246,1.4351970639838416,0.09065800073572765,1.724869865888837,1.632701247100884,0.2301884045940004,0.3185056573183165,-0.09891806109140447,0.7087622109029379,0.15881839000534517,0.6612972306463487,-1.6590351381831563,1.0819422604101567,0.0,14,0,0,0.0,0.0,7.75,5.2,4.0,-1.2000000000000002,3.0,0,0,0,0.0,0.0,0,0,1,0,0,0,0,0,0,0,0,1,0,0,0,1,0,0,0,0,0,0,0,1,0.18495449084226306
2019-04-15,1.8960401579236073,1.975041831170424,-0.08712659719815281,False,True,False,False,64.5171,72.8398,7.89,128.39,0.18495449084226306,1.869706266841335,1.6853690292654286,0.18495449084226306,1.869706266841335,1.6853690292654286,0.18495449084226306,1.869706266841335,1.6853690292654286,0.6201162649669779,1.8565393213001986,1.2374223225592371,0.15535873029961828,0.2389183892203533,-0.09891806109140447,0.6201162649669779,0.09474783503620988,0.6061313176992608,-1.6590351381831563,0.7087622109029379,-0.27208108804041586,15,0,0,0.0,0.0,7.75,5.2,4.0,-1.2000000000000002,3.0,0,0,0,0.0,0.0,0,0,1,0,0,0,0,0,0,0,0,1,0,0,0,1,0,0,0,0,0,0,0,0,-0.0
2019-04-16,1.4088631729015693,1.382529281819297,0.02684660473932495,False,True,False,False,64.2469,72.7018,7.98,66.54,-0.08712659719815281,1.8960401579236073,1.975041831170424,0.18495449084226306,1.869706266841335,1.6853690292654286,0.18495449084226306,1.869706266841335,1.6853690292654286,-0.07920856504076258,1.3561953907370246,1.4351970639838416,0.15704322514151134,0.2368595100466978,-0.08712659719815281,0.6201162649669779,0.20702701653513872,0.34607338632805656,-0.2503199934423073,0.7087622109029379,0.11397320193747776,16,0,0,0.0,0.0,7.75,5.2,4.0,-1.2000000000000002,3.0,0,0,0,0.0,0.0,0,0,1,0,0,0,0,0,0,0,0,1,0,0,0,1,0,0,1,0,0,0,0,0,0.0
2019-04-17,1.2233451476397086,1.5010317916895224,-0.2817807086829891,False,True,False,False,64.2422,72.6515,7.59,47.8,0.02684660473932495,1.4088631729015693,1.382529281819297,-0.08712659719815281,1.8960401579236073,1.975041831170424,0.18495449084226306,1.869706266841335,1.6853690292654286,0.18495449084226306,1.869706266841335,1.6853690292654286,0.14792731142773954,0.2410314736579218,-0.08712659719815281,0.6201162649669779,0.2268246306909696,0.3251957646274604,-0.1734304524715548,0.7087622109029379,-0.30862731342231403,17,0,0,0.0,0.0,7.75,5.2,4.0,-1.2000000000000002,3.0,0,0,0,0.0,0.0,0,0,1,0,0,0,0,0,0,0,0,1,0,0,0,1,0,0,0,1,0,0,0,0,-0.0
2019-04-18,1.632701247100884,1.7907045935945178,-0.1534347755456332,False,True,False,False,63.945,72.3602,7.59,43.67,-0.2817807086829891,1.2233451476397086,1.5010317916895224,0.02684660473932495,1.4088631729015693,1.382529281819297,-0.08712659719815281,1.8960401579236073,1.975041831170424,0.18495449084226306,1.869706266841335,1.6853690292654286,0.01908488662060141,0.17984299145549962,-0.2817807086829891,0.18495449084226306,0.19273618508519785,0.35259552942310907,-0.2817807086829891,0.7087622109029379,0.1283459331373559,18,0,0,0.0,0.0,7.75,5.2,4.0,-1.2000000000000002,3.0,0,0,0,0.0,0.0,0,0,1,0,0,0,0,0,0,0,0,1,0,0,0,1,0,0,0,0,1,0,0,0,-0.0
2019-04-19,1.8433723757590625,1.9487079400881517,-0.10465841433779305,False,True,False,False,64.0688,72.244,7.61,68.5,-0.1534347755456332,1.632701247100884,1.7907045935945178,-0.2817807086829891,1.2233451476397086,1.5010317916895224,0.02684660473932495,1.4088631729015693,1.382529281819297,0.18495449084226306,1.869706266841335,1.6853690292654286,0.00848114226276275,0.1885803828996977,-0.2817807086829891,0.18495449084226306,0.19416444772276367,0.3510352452439566,-0.2817807086829891,0.7087622109029379,0.04877636120784015,19,0,0,0.0,0.0,7.75,5.2,4.0,-1.2000000000000002,3.0,0,0,0,0.0,0.0,0,0,1,0,0,0,0,0,0,0,0,1,0,0,0,1,0,0,0,0,0,1,0,0,-0.0
2019-04-20,1.8433723757590625,1.9487079400881517,-0.10465841433779305,False,False,False,False,63.9602,71.9232,7.61,68.5,-0.10465841433779305,1.8433723757590625,1.9487079400881517,-0.1534347755456332,1.632701247100884,1.7907045935945178,-0.2817807086829891,1.2233451476397086,1.5010317916895224,-0.08712659719815281,1.8960401579236073,1.975041831170424,-0.0328921299058167,0.1746667531076158,-0.2817807086829891,0.18495449084226306,0.13606297449128288,0.32571317875394207,-0.2817807086829891,0.7087622109029379,0.0,20,0,0,0.0,0.0,7.75,5.2,4.0,-1.2000000000000002,3.0,0,0,0,0.0,0.0,0,0,1,0,0,0,0,0,0,0,0,1,0,0,0,1,0,0,0,0,0,0,1,0,-0.10465841433779305
2019-04-21,1.8433723757590625,1.9487079400881517,-0.10465841433779305,False,False,False,False,63.9602,71.9232,7.61,68.5,-0.10465841433779305,1.8433723757590625,1.9487079400881517,-0.10465841433779305,1.8433723757590625,1.9487079400881517,-0.1534347755456332,1.632701247100884,1.7907045935945178,0.02684660473932495,1.4088631729015693,1.382529281819297,-0.07426540207439615,0.14649338079881932,-0.2817807086829891,0.18495449084226306,0.0779615012598021,0.28579974263215985,-0.2817807086829891,0.7087622109029379,0.0,21,0,0,0.0,0.0,7.75,5.2,4.0,-1.2000000000000002,3.0,0,0,0,0.0,0.0,0,0,1,0,0,0,0,0,0,0,0,1,0,0,0,1,0,0,0,0,0,0,0,1,-0.10465841433779305
2019-04-22,2.185712959828603,1.7907045935945178,0.39324889663737744,False,True,False,False,63.9602,71.9232,7.45,118.36,-0.10465841433779305,1.8433723757590625,1.9487079400881517,-0.10465841433779305,1.8433723757590625,1.9487079400881517,-0.10465841433779305,1.8433723757590625,1.9487079400881517,-0.2817807086829891,1.2233451476397086,1.5010317916895224,-0.11563867424297558,0.09175003403121879,-0.2817807086829891,0.02684660473932495,0.019860028028321326,0.22361350054797413,-0.2817807086829891,0.6201162649669779,0.4979073109751705,22,0,0,0.0,0.0,7.75,5.2,4.0,-1.2000000000000002,3.0,0,0,0,0.0,1.0,0,0,1,0,0,0,0,0,0,0,0,1,0,0,0,1,0,0,0,0,0,0,0,0,0.0
2019-04-23,2.238380741993147,1.7512037569711094,0.4938895631960444,False,True,False,False,63.786,71.721,7.36,74.9,0.39324889663737744,2.185712959828603,1.7907045935945178,-0.10465841433779305,1.8433723757590625,1.9487079400881517,-0.10465841433779305,1.8433723757590625,1.9487079400881517,-0.1534347755456332,1.632701247100884,1.7907045935945178,-0.0470136036950427,0.21435804610258727,-0.2817807086829891,0.39324889663737744,0.055014810723234324,0.24147749687366005,-0.2817807086829891,0.6201162649669779,0.10064066655866694,23,0,0,0.0,0.0,7.75,5.2,4.0,-1.2000000000000002,3.0,0,0,0,0.0,1.0,0,0,1,0,0,0,0,0,0,0,0,1,0,0,0,1,0,0,1,0,0,0,0,0,0.0
2019-04-24,1.724869865888837,1.8038715391356541,-0.06983370060549036,False,True,False,False,63.7906,71.7453,7.32,156.1,0.4938895631960444,2.238380741993147,1.7512037569711094,0.39324889663737744,2.185712959828603,1.7907045935945178,-0.10465841433779305,1.8433723757590625,1.9487079400881517,-0.10465841433779305,1.8433723757590625,1.9487079400881517,0.01970681894163151,0.29767315228805263,-0.2817807086829891,0.4938895631960444,0.08381706518468553,0.2685824028756171,-0.2817807086829891,0.6201162649669779,-0.5637232638015347,24,0,0,0.0,0.0,7.75,5.2,4.0,-1.2000000000000002,3.0,0,0,0,0.0,0.0,0,0,1,0,0,0,0,0,0,0,0,1,0,0,0,1,0,0,0,1,0,0,0,0,-0.0
2019-04-25,2.0803773954995135,3.0678983110847255,-0.9814275857726517,False,True,False,False,63.9798,71.715,7.49,76.1,-0.06983370060549036,1.724869865888837,1.8038715391356541,0.4938895631960444,2.238380741993147,1.7512037569711094,0.39324889663737744,2.185712959828603,1.7907045935945178,-0.10465841433779305,1.8433723757590625,1.9487079400881517,0.04998496295270276,0.2715269313999727,-0.1534347755456332,0.4938895631960444,0.03453492478665207,0.22183918427156313,-0.2817807086829891,0.4938895631960444,-0.9115938851671613,25,0,0,0.0,0.0,7.75,5.2,4.0,-1.2000000000000002,3.0,1,1,1,1.0,0.0,0,0,1,0,0,0,0,0,0,0,0,1,0,0,0,1,0,0,0,0,1,0,0,0,-0.0
2019-04-26,1.6195343015597479,2.027709613334969,-0.4028313729273461,False,True,False,False,64.6794,72.1111,7.56,69.84,-0.9814275857726517,2.0803773954995135,3.0678983110847255,-0.06983370060549036,1.724869865888837,1.8038715391356541,0.4938895631960444,2.238380741993147,1.7512037569711094,-0.10465841433779305,1.8433723757590625,1.9487079400881517,-0.0682997242225856,0.4772935211462689,-0.9814275857726517,0.4938895631960444,-0.02990929097991143,0.3509178680985321,-0.9814275857726517,0.4938895631960444,0.5785962128453055,26,0,0,0.0,0.0,7.75,5.2,4.0,-1.2000000000000002,3.0,1,0,1,0.0,0.0,0,0,1,0,0,0,0,0,0,0,0,1,0,0,0,1,0,0,0,0,0,1,0,0,-0.0
2019-04-27,1.6195343015597479,2.027709613334969,-0.4028313729273461,False,False,False,False,64.7053,72.0882,7.56,69.84,-0.4028313729273461,1.6195343015597479,2.027709613334969,-0.9814275857726517,2.0803773954995135,3.0678983110847255,-0.06983370060549036,1.724869865888837,1.8038715391356541,0.39324889663737744,2.185712959828603,1.7907045935945178,-0.11089586116395031,0.49408890654603893,-0.9814275857726517,0.4938895631960444,-0.07189399553488351,0.35831764706684593,-0.9814275857726517,0.4938895631960444,0.0,27,0,0,0.0,0.0,7.75,5.2,4.0,-1.2000000000000002,3.0,1,0,0,0.0,0.0,0,0,1,0,0,0,0,0,0,0,0,1,0,0,0,1,0,0,0,0,0,0,1,0,-0.4028313729273461
2019-04-28,1.6195343015597479,2.027709613334969,-0.4028313729273461,False,False,False,False,64.7053,72.0882,7.56,69.84,-0.4028313729273461,1.6195343015597479,2.027709613334969,-0.4028313729273461,1.6195343015597479,2.027709613334969,-0.9814275857726517,2.0803773954995135,3.0678983110847255,0.4938895631960444,2.238380741993147,1.7512037569711094,-0.15349199810531505,0.5061668872582962,-0.9814275857726517,0.4938895631960444,-0.1138787000898556,0.3603374868479851,-0.9814275857726517,0.4938895631960444,0.0,28,0,0,0.0,0.0,7.75,5.2,4.0,-1.2000000000000002,3.0,1,0,0,0.0,0.0,0,0,1,0,0,0,0,0,0,0,0,1,0,0,0,1,0,0,0,0,0,0,0,1,-0.4028313729273461
2019-04-29,2.488552707274734,2.6465560537683683,-0.15916454650472342,False,True,False,False,64.7053,72.0882,7.96,71.39,-0.4028313729273461,1.6195343015597479,2.027709613334969,-0.4028313729273461,1.6195343015597479,2.027709613334969,-0.4028313729273461,1.6195343015597479,2.027709613334969,-0.06983370060549036,1.724869865888837,1.8038715391356541,-0.19608813504667974,0.5138602104491853,-0.9814275857726517,0.4938895631960444,-0.1558634046448277,0.3570686976423752,-0.9814275857726517,0.4938895631960444,0.2436668264226227,29,0,0,0.0,0.0,7.75,5.2,4.0,-1.2000000000000002,3.0,1,0,1,0.0,0.0,0,0,1,0,0,0,0,0,0,0,0,1,0,0,0,1,0,0,0,0,0,0,0,0,-0.0
2019-04-30,2.238380741993147,2.040876558876105,0.19571621487807025,False,True,False,True,64.6917,72.2024,7.96,96.09,-0.15916454650472342,2.488552707274734,2.6465560537683683,-0.4028313729273461,1.6195343015597479,2.027709613334969,-0.4028313729273461,1.6195343015597479,2.027709613334969,-0.9814275857726517,2.0803773954995135,3.0678983110847255,-0.275004341209837,0.44623699544218753,-0.9814275857726517,0.4938895631960444,-0.1610089724524399,0.3565205987743016,-0.9814275857726517,0.4938895631960444,0.3548807613827937,30,0,1,0.0,0.0,7.75,5.2,4.0,-1.2000000000000002,3.0,1,0,1,0.0,0.0,0,0,1,0,0,0,0,0,0,0,0,1,0,0,0,1,0,0,1,0,0,0,0,0,0.0
2019-05-01,2.238380741993147,2.040876558876105,0.19571621487807025,True,False,False,False,64.6314,72.3096,7.96,96.09,0.19571621487807025,2.238380741993147,2.040876558876105,-0.15916454650472342,2.488552707274734,2.6465560537683683,-0.4028313729273461,1.6195343015597479,2.027709613334969,-0.4028313729273461,1.6195343015597479,2.027709613334969,-0.31760053382669046,0.36797728483350906,-0.9814275857726517,0.19571621487807025,-0.1489468574425295,0.36609334689075695,-0.9814275857726517,0.4938895631960444,0.0,1,1,0,0.0,1.0,7.75,5.1,4.0,-1.0999999999999996,3.0,0,0,0,0.0,0.0,0,0,0,1,0,0,0,0,0,0,0,1,0,0,0,1,0,0,0,1,0,0,0,0,0.19571621487807025
2019-05-02,2.238380741993147,2.040876558876105,0.19571621487807025,True,True,True,False,64.6314,72.3096,7.96,96.09,0.19571621487807025,2.238380741993147,2.040876558876105,0.19571621487807025,2.238380741993147,2.040876558876105,-0.15916454650472342,2.488552707274734,2.6465560537683683,-0.4028313729273461,1.6195343015597479,2.027709613334969,-0.27966483161475325,0.40916083864026376,-0.9814275857726517,0.19571621487807025,-0.11483993433102525,0.37490288514986575,-0.9814275857726517,0.4938895631960444,0.0,2,0,0,1.0,0.0,7.75,5.1,4.0,-1.0999999999999996,3.0,0,0,0,0.0,0.0,0,0,0,1,0,0,0,0,0,0,0,1,0,0,0,1,0,0,0,0,1,0,0,0,0.19571621487807025
2019-05-03,2.238380741993147,2.040876558876105,0.19571621487807025,True,True,False,False,64.6314,72.3096,7.96,96.09,0.19571621487807025,2.238380741993147,2.040876558876105,0.19571621487807025,2.238380741993147,2.040876558876105,0.19571621487807025,2.238380741993147,2.040876558876105,-0.4028313729273461,1.6195343015597479,2.027709613334969,-0.11150143152179297,0.30001089524281743,-0.4028313729273461,0.19571621487807025,-0.0899005778721893,0.3836490996744374,-0.9814275857726517,0.4938895631960444,0.0,3,0,0,0.0,0.0,7.75,5.1,4.0,-1.0999999999999996,3.0,0,0,0,0.0,0.0,0,0,0,1,0,0,0,0,0,0,0,1,0,0,0,1,0,0,0,0,0,1,0,0,0.19571621487807025
2019-05-04,2.238380741993147,2.040876558876105,0.19571621487807025,False,False,False,False,64.6314,72.3096,7.96,96.09,0.19571621487807025,2.238380741993147,2.040876558876105,0.19571621487807025,2.238380741993147,2.040876558876105,0.19571621487807025,2.238380741993147,2.040876558876105,-0.15916454650472342,2.488552707274734,2.6465560537683683,-0.025994633263876358,0.28820388710316636,-0.4028313729273461,0.19571621487807025,-0.06844524721391335,0.3910873140189953,-0.9814275857726517,0.4938895631960444,0.0,4,0,0,0.0,0.0,7.75,5.1,4.0,-1.0999999999999996,3.0,0,0,0,0.0,0.0,0,0,0,1,0,0,0,0,0,0,0,1,0,0,0,1,0,0,0,0,0,0,1,0,0.19571621487807025
2019-05-05,2.238380741993147,2.040876558876105,0.19571621487807025,False,False,False,False,64.6314,72.3096,7.96,96.09,0.19571621487807025,2.238380741993147,2.040876558876105,0.19571621487807025,2.238380741993147,2.040876558876105,0.19571621487807025,2.238380741993147,2.040876558876105,0.19571621487807025,2.238380741993147,2.040876558876105,0.059512164994040266,0.24301535178997605,-0.4028313729273461,0.19571621487807025,-0.04698991655563739,0.3971403531223563,-0.9814275857726517,0.4938895631960444,0.0,5,0,0,0.0,0.0,7.75,5.1,4.0,-1.0999999999999996,3.0,0,0,0,0.0,0.0,0,0,0,1,0,0,0,0,0,0,0,1,0,0,0,1,0,0,0,0,0,0,0,1,0.19571621487807025
2019-05-06,1.6985359748065647,2.2515476875342837,-0.5458754997995078,False,True,False,False,64.6314,72.3096,7.37,66.9,0.19571621487807025,2.238380741993147,2.040876558876105,0.19571621487807025,2.238380741993147,2.040876558876105,0.19571621487807025,2.238380741993147,2.040876558876105,0.19571621487807025,2.238380741993147,2.040876558876105,0.1450189632519569,0.13413231995716074,-0.15916454650472342,0.19571621487807025,-0.025534585897361444,0.40187081301791405,-0.9814275857726517,0.4938895631960444,-0.741591714677578,6,0,0,0.0,0.0,7.75,5.1,4.0,-1.0999999999999996,3.0,0,0,0,0.0,0.0,0,0,0,1,0,0,0,0,0,0,0,1,0,0,0,1,0,0,0,0,0,0,0,0,-0.0
2019-05-07,2.8177263458031385,1.6722020837242924,1.1536042096534205,False,True,False,False,65.335,73.1099,7.5,116.72,-0.5458754997995078,1.6985359748065647,2.2515476875342837,0.19571621487807025,2.238380741993147,2.040876558876105,0.19571621487807025,2.238380741993147,2.040876558876105,0.19571621487807025,2.238380741993147,2.040876558876105,0.08977454135270198,0.28029532162612,-0.5458754997995078,0.19571621487807025,-0.09261489992856753,0.40495776196015176,-0.9814275857726517,0.4938895631960444,1.6994797094529281,7,0,0,0.0,0.0,7.75,5.1,4.0,-1.0999999999999996,3.0,0,0,0,0.0,1.0,0,0,0,1,0,0,0,0,0,0,0,1,0,0,0,1,0,0,1,0,0,0,0,0,0.0
2019-05-08,1.6722020837242924,1.461530955066114,0.20937370660175436,False,True,False,False,65.2166,73.0817,7.59,36.1,1.1536042096534205,2.8177263458031385,1.6722020837242924,-0.5458754997995078,1.6985359748065647,2.2515476875342837,0.19571621487807025,2.238380741993147,2.040876558876105,0.19571621487807025,2.238380741993147,2.040876558876105,0.2266156834634663,0.493427509316406,-0.5458754997995078,1.1536042096534205,-0.0454924251816121,0.5045841740930708,-0.9814275857726517,1.1536042096534205,-0.9442305030516661,8,0,0,0.0,0.0,7.75,5.1,4.0,-1.0999999999999996,3.0,0,0,0,0.0,1.0,0,0,0,1,0,0,0,0,0,0,0,1,0,0,0,1,0,0,0,1,0,0,0,0,0.0
2019-05-09,1.6722020837242924,1.461530955066114,0.20937370660175436,True,False,False,False,65.2287,73.0888,7.59,36.1,0.20937370660175436,1.6722020837242924,1.461530955066114,1.1536042096534205,2.8177263458031385,1.6722020837242924,-0.5458754997995078,1.6985359748065647,2.2515476875342837,0.19571621487807025,2.238380741993147,2.040876558876105,0.22856675370970692,0.49331195397075256,-0.5458754997995078,1.1536042096534205,-0.02554903895252319,0.5090461185067633,-0.9814275857726517,1.1536042096534205,0.0,9,0,0,0.0,0.0,7.75,5.1,4.0,-1.0999999999999996,3.0,0,0,0,0.0,1.0,0,0,0,1,0,0,0,0,0,0,0,1,0,0,0,1,0,0,0,0,1,0,0,0,0.20937370660175436
2019-05-10,1.6722020837242924,1.461530955066114,0.20937370660175436,True,True,False,False,65.2287,73.0888,7.59,36.1,0.20937370660175436,1.6722020837242924,1.461530955066114,0.20937370660175436,1.6722020837242924,1.461530955066114,1.1536042096534205,2.8177263458031385,1.6722020837242924,0.19571621487807025,2.238380741993147,2.040876558876105,0.2305178239559475,0.49318736669624696,-0.5458754997995078,1.1536042096534205,0.059508196217077244,0.43046146924063383,-0.5458754997995078,1.1536042096534205,0.0,10,0,0,0.0,0.0,7.75,5.1,4.0,-1.0999999999999996,3.0,0,0,0,0.0,1.0,0,0,0,1,0,0,0,0,0,0,0,1,0,0,0,1,0,0,0,0,0,1,0,0,0.20937370660175436
2019-05-11,1.6722020837242924,1.461530955066114,0.20937370660175436,False,False,False,False,65.2287,73.0888,7.59,36.1,0.20937370660175436,1.6722020837242924,1.461530955066114,0.20937370660175436,1.6722020837242924,1.461530955066114,0.20937370660175436,1.6722020837242924,1.461530955066114,-0.5458754997995078,1.6985359748065647,2.2515476875342837,0.23246889420218805,0.493053740646191,-0.5458754997995078,1.1536042096534205,0.10323713046915585,0.4105149404987649,-0.5458754997995078,1.1536042096534205,0.0,11,0,0,0.0,0.0,7.75,5.1,4.0,-1.0999999999999996,3.0,0,0,0,0.0,1.0,0,0,0,1,0,0,0,0,0,0,0,1,0,0,0,1,0,0,0,0,0,0,1,0,0.20937370660175436
2019-05-12,1.6722020837242924,1.461530955066114,0.20937370660175436,False,False,False,False,65.2287,73.0888,7.59,36.1,0.20937370660175436,1.6722020837242924,1.461530955066114,0.20937370660175436,1.6722020837242924,1.461530955066114,0.20937370660175436,1.6722020837242924,1.461530955066114,1.1536042096534205,2.8177263458031385,1.6722020837242924,0.23441996444842864,0.49291106846946636,-0.5458754997995078,1.1536042096534205,0.14696606472123447,0.38422562280282235,-0.5458754997995078,1.1536042096534205,0.0,12,0,0,0.0,0.0,7.75,5.1,4.0,-1.0999999999999996,3.0,0,0,0,0.0,1.0,0,0,0,1,0,0,0,0,0,0,0,1,0,0,0,1,0,0,0,0,0,0,0,1,0.20937370660175436
2019-05-13,2.277881578616556,2.0013757222526967,0.281145888156893,False,True,False,False,65.2287,73.0888,7.76,30.5,0.20937370660175436,1.6722020837242924,1.461530955066114,0.20937370660175436,1.6722020837242924,1.461530955066114,0.20937370660175436,1.6722020837242924,1.461530955066114,0.20937370660175436,1.6722020837242924,1.461530955066114,0.23637103469466922,0.49275934230850166,-0.5458754997995078,1.1536042096534205,0.19069499897331305,0.35016783838231313,-0.5458754997995078,1.1536042096534205,0.07177218155513865,13,0,0,0.0,0.0,7.75,5.1,4.0,-1.0999999999999996,3.0,0,0,0,0.0,1.0,0,0,0,1,0,0,0,0,0,0,0,1,0,0,0,1,0,0,0,0,0,0,0,0,0.0
2019-05-14,1.9882087767115604,1.7907045935945178,0.19507444689216102,False,True,False,False,65.4703,73.5231,7.61,29.05,0.281145888156893,2.277881578616556,2.0013757222526967,0.20937370660175436,1.6722020837242924,1.461530955066114,0.20937370660175436,1.6722020837242924,1.461530955066114,0.20937370660175436,1.6722020837242924,1.461530955066114,0.35451694725986943,0.3533781182570139,0.20937370660175436,1.1536042096534205,0.2221457443062857,0.3358066368897265,-0.5458754997995078,1.1536042096534205,-0.08607144126473198,14,0,0,0.0,0.0,7.75,5.1,4.0,-1.0999999999999996,3.0,0,0,0,0.0,0.0,0,0,0,1,0,0,0,0,0,0,0,1,0,0,0,1,0,0,1,0,0,0,0,0,0.0
2019-05-15,1.7512037569711094,1.6722020837242924,0.08181155151373198,False,True,False,False,65.3001,73.3712,7.65,64.55,0.19507444689216102,1.9882087767115604,1.7907045935945178,0.281145888156893,2.277881578616556,2.0013757222526967,0.20937370660175436,1.6722020837242924,1.461530955066114,0.20937370660175436,1.6722020837242924,1.461530955066114,0.21758412400826085,0.028530212627733326,0.19507444689216102,0.281145888156893,0.22209990373586358,0.33581056606232956,-0.5458754997995078,1.1536042096534205,-0.11326289537842904,15,0,0,0.0,0.0,7.75,5.1,4.0,-1.0999999999999996,3.0,0,0,0,0.0,0.0,0,0,0,1,0,0,0,0,0,0,0,1,0,0,0,1,0,0,0,1,0,0,0,0,0.0
2019-05-16,1.8038715391356541,1.8170384846767902,-0.008471007693935082,False,True,False,False,64.8489,72.6891,7.63,35.9,0.08181155151373198,1.7512037569711094,1.6722020837242924,0.19507444689216102,1.9882087767115604,1.7907045935945178,0.281145888156893,2.277881578616556,2.0013757222526967,0.20937370660175436,1.6722020837242924,1.461530955066114,0.19936095899568626,0.059056515985066525,0.08181155151373198,0.281145888156893,0.21396385635269652,0.3378724794289987,-0.5458754997995078,1.1536042096534205,-0.09028255920766706,16,0,0,0.0,0.0,7.75,5.1,4.0,-1.0999999999999996,3.0,0,0,0,0.0,0.0,0,0,0,1,0,0,0,0,0,0,0,1,0,0,0,1,0,0,0,0,1,0,0,0,-0.0
2019-05-17,1.47469790060725,1.8302054302179263,-0.3617833110225417,False,True,False,False,64.5598,72.3651,7.68,31.95,-0.008471007693935082,1.8038715391356541,1.8170384846767902,0.08181155151373198,1.7512037569711094,1.6722020837242924,0.19507444689216102,1.9882087767115604,1.7907045935945178,0.20937370660175436,1.6722020837242924,1.461530955066114,0.16824028552487347,0.097673290040728,-0.008471007693935082,0.281145888156893,0.19937905474041046,0.3430875446489927,-0.5458754997995078,1.1536042096534205,-0.3533123033286066,17,0,0,0.0,0.0,7.75,5.1,4.0,-1.0999999999999996,3.0,0,0,0,0.0,0.0,0,0,0,1,0,0,0,0,0,0,0,1,0,0,0,1,0,0,0,0,0,1,0,0,-0.0
2019-05-18,1.47469790060725,1.8302054302179263,-0.3617833110225417,False,False,False,False,64.6327,72.2464,7.68,31.95,-0.3617833110225417,1.47469790060725,1.8302054302179263,-0.008471007693935082,1.8038715391356541,1.8170384846767902,0.08181155151373198,1.7512037569711094,1.6722020837242924,0.281145888156893,2.277881578616556,2.0013757222526967,0.08664642586425973,0.21979937008995237,-0.3617833110225417,0.281145888156893,0.15955766003322386,0.3744644584650117,-0.5458754997995078,1.1536042096534205,0.0,18,0,0,0.0,0.0,7.75,5.1,4.0,-1.0999999999999996,3.0,0,0,0,0.0,0.0,0,0,0,1,0,0,0,0,0,0,0,1,0,0,0,1,0,0,0,0,0,0,1,0,-0.3617833110225417
2019-05-19,1.47469790060725,1.8302054302179263,-0.3617833110225417,False,False,False,False,64.6327,72.2464,7.68,31.95,-0.3617833110225417,1.47469790060725,1.8302054302179263,-0.3617833110225417,1.47469790060725,1.8302054302179263,-0.008471007693935082,1.8038715391356541,1.8170384846767902,0.19507444689216102,1.9882087767115604,1.7907045935945178,0.005052566203646017,0.26748673378274734,-0.3617833110225417,0.281145888156893,0.11973626532603733,0.3991525404228671,-0.5458754997995078,1.1536042096534205,0.0,19,0,0,0.0,0.0,7.75,5.1,4.0,-1.0999999999999996,3.0,0,0,0,0.0,0.0,0,0,0,1,0,0,0,0,0,0,0,1,0,0,0,1,0,0,0,0,0,0,0,1,-0.3617833110225417
2019-05-20,1.7775376480533818,1.975041831170424,-0.19887671490828263,False,True,False,False,64.6327,72.2464,7.67,22.87,-0.3617833110225417,1.47469790060725,1.8302054302179263,-0.3617833110225417,1.47469790060725,1.8302054302179263,-0.3617833110225417,1.47469790060725,1.8302054302179263,0.08181155151373198,1.7512037569711094,1.6722020837242924,-0.07654129345696771,0.2815177446642533,-0.3617833110225417,0.281145888156893,0.07991487061885075,0.4183376900434347,-0.5458754997995078,1.1536042096534205,0.16290659611425906,20,0,0,0.0,0.0,7.75,5.1,4.0,-1.0999999999999996,3.0,0,0,0,0.0,0.0,0,0,0,1,0,0,0,0,0,0,0,1,0,0,0,1,0,0,0,0,0,0,0,0,-0.0
2019-05-21,1.882873212382471,1.6853690292654286,0.20198764145436732,False,True,False,False,64.4888,71.9631,7.63,58.47,-0.19887671490828263,1.7775376480533818,1.975041831170424,-0.3617833110225417,1.47469790060725,1.8302054302179263,-0.3617833110225417,1.47469790060725,1.8302054302179263,-0.008471007693935082,1.8038715391356541,1.8170384846767902,-0.14511595103770708,0.2343863950757669,-0.3617833110225417,0.19507444689216102,0.10470049811108113,0.3875558595640132,-0.3617833110225417,1.1536042096534205,0.40086435636264994,21,0,0,0.0,0.0,7.75,5.1,4.0,-1.0999999999999996,3.0,0,0,0,0.0,1.0,0,0,0,1,0,0,0,0,0,0,0,1,0,0,0,1,0,0,1,0,0,0,0,0,0.0
2019-05-22,1.5668665193952032,1.461530955066114,0.10797036731709567,False,True,False,False,64.5372,71.9654,7.5,77.7,0.20198764145436732,1.882873212382471,1.6853690292654286,-0.19887671490828263,1.7775376480533818,1.975041831170424,-0.3617833110225417,1.47469790060725,1.8302054302179263,-0.3617833110225417,1.47469790060725,1.8302054302179263,-0.14412835181453473,0.23606724423043943,-0.3617833110225417,0.20198764145436732,0.03672788609686305,0.24763124011744075,-0.3617833110225417,0.281145888156893,-0.09401727413727165,22,0,0,0.0,0.0,7.75,5.1,4.0,-1.0999999999999996,3.0,0,0,0,0.0,0.0,0,0,0,1,0,0,0,0,0,0,0,1,0,0,0,1,0,0,0,1,0,0,0,0,0.0
2019-05-23,1.5405326283129308,1.4220301184427053,0.12057951509246936,False,True,False,False,64.4156,71.8427,7.48,50.81,0.10797036731709567,1.5668665193952032,1.461530955066114,0.20198764145436732,1.882873212382471,1.6853690292654286,-0.19887671490828263,1.7775376480533818,1.975041831170424,-0.3617833110225417,1.47469790060725,1.8302054302179263,-0.14039137812833993,0.2404071658169485,-0.3617833110225417,0.20198764145436732,0.029484790433673136,0.24364388290051575,-0.3617833110225417,0.281145888156893,0.012609147775373697,23,0,0,0.0,0.0,7.75,5.1,4.0,-1.0999999999999996,3.0,0,0,0,0.0,0.0,0,0,0,1,0,0,0,0,0,0,0,1,0,0,0,1,0,0,0,0,1,0,0,0,0.0
2019-05-24,1.6853690292654286,1.8433723757590625,-0.15684155975028416,False,True,False,False,64.4913,71.8369,7.4,80.09,0.12057951509246936,1.5405326283129308,1.4220301184427053,0.10797036731709567,1.5668665193952032,1.461530955066114,0.20198764145436732,1.882873212382471,1.6853690292654286,-0.3617833110225417,1.47469790060725,1.8302054302179263,-0.1219555891588536,0.2566116738787913,-0.3617833110225417,0.20198764145436732,0.02314234818300992,0.23972508235663106,-0.3617833110225417,0.281145888156893,-0.2774210748427535,24,0,0,0.0,0.0,7.75,5.1,4.0,-1.0999999999999996,3.0,0,0,0,0.0,0.0,0,0,0,1,0,0,0,0,0,0,0,1,0,0,0,1,0,0,0,0,0,1,0,0,-0.0
2019-05-25,1.6853690292654286,1.8433723757590625,-0.15684155975028416,False,False,False,False,64.6106,72.3186,7.4,80.09,-0.15684155975028416,1.6853690292654286,1.8433723757590625,0.12057951509246936,1.5405326283129308,1.4220301184427053,0.10797036731709567,1.5668665193952032,1.461530955066114,-0.19887671490828263,1.7775376480533818,1.975041831170424,-0.09267819611995966,0.2355125055394983,-0.3617833110225417,0.20198764145436732,-0.0030158851278499744,0.2378134434187421,-0.3617833110225417,0.281145888156893,0.0,25,0,0,0.0,0.0,7.75,5.1,4.0,-1.0999999999999996,3.0,1,0,0,0.0,0.0,0,0,0,1,0,0,0,0,0,0,0,1,0,0,0,1,0,0,0,0,0,0,1,0,-0.15684155975028416
2019-05-26,1.6853690292654286,1.8433723757590625,-0.15684155975028416,False,False,False,False,64.6106,72.3186,7.4,80.09,-0.15684155975028416,1.6853690292654286,1.8433723757590625,-0.15684155975028416,1.6853690292654286,1.8433723757590625,0.12057951509246936,1.5405326283129308,1.4220301184427053,0.20198764145436732,1.882873212382471,1.6853690292654286,-0.06340080308106573,0.20756366724313025,-0.3617833110225417,0.20198764145436732,-0.029174118438709866,0.23274143716175913,-0.3617833110225417,0.281145888156893,0.0,26,0,0,0.0,0.0,7.75,5.1,4.0,-1.0999999999999996,3.0,1,0,0,0.0,0.0,0,0,0,1,0,0,0,0,0,0,0,1,0,0,0,1,0,0,0,0,0,0,0,1,-0.15684155975028416
2019-05-27,1.8960401579236073,2.5017196528158707,-0.6057732263089846,False,True,False,False,64.6106,72.3186,7.6,127.65,-0.15684155975028416,1.6853690292654286,1.8433723757590625,-0.15684155975028416,1.6853690292654286,1.8433723757590625,-0.15684155975028416,1.6853690292654286,1.8433723757590625,0.10797036731709567,1.5668665193952032,1.461530955066114,-0.034123410042171794,0.16940825910400353,-0.19887671490828263,0.20198764145436732,-0.055332351749569755,0.22429476858638278,-0.3617833110225417,0.281145888156893,-0.4489316665587004,27,0,0,0.0,0.0,7.75,5.1,4.0,-1.0999999999999996,3.0,1,1,1,1.0,0.0,0,0,0,1,0,0,0,0,0,0,0,1,0,0,0,1,0,0,0,0,0,0,0,0,-0.0
2019-05-28,1.7643707025122455,2.1067112865817856,-0.34370379221497327,False,True,False,False,64.4636,72.1863,7.84,58.65,-0.6057732263089846,1.8960401579236073,2.5017196528158707,-0.15684155975028416,1.6853690292654286,1.8433723757590625,-0.15684155975028416,1.6853690292654286,1.8433723757590625,0.12057951509246936,1.5405326283129308,1.4220301184427053,-0.09225148309941492,0.27330773264705155,-0.6057732263089846,0.20198764145436732,-0.118683717068561,0.24613721555014254,-0.6057732263089846,0.20198764145436732,0.2620694340940113,28,0,0,0.0,0.0,7.75,5.1,4.0,-1.0999999999999996,3.0,1,0,1,0.0,0.0,0,0,0,1,0,0,0,0,0,0,0,1,0,0,0,1,0,0,1,0,0,0,0,0,-0.0
2019-05-29,1.4220301184427053,1.961874885629288,-0.5359333399646476,False,True,False,False,64.5394,72.168,7.81,72.63,-0.34370379221497327,1.7643707025122455,2.1067112865817856,-0.6057732263089846,1.8960401579236073,2.5017196528158707,-0.15684155975028416,1.6853690292654286,1.8433723757590625,-0.15684155975028416,1.6853690292654286,1.8433723757590625,-0.170207402195035,0.25241976429323165,-0.6057732263089846,0.12057951509246936,-0.15716787700478488,0.23518262891552746,-0.6057732263089846,0.20198764145436732,-0.19222954774967438,29,0,0,0.0,0.0,7.75,5.1,4.0,-1.0999999999999996,3.0,1,0,1,0.0,0.0,0,0,0,1,0,0,0,0,0,0,0,1,0,0,0,1,0,0,0,1,0,0,0,0,-0.0
2019-05-30,1.8433723757590625,2.238380741993147,-0.4066353789934461,False,True,False,False,64.9084,72.4118,8.06,83.7,-0.5359333399646476,1.4220301184427053,1.961874885629288,-0.34370379221497327,1.7643707025122455,2.1067112865817856,-0.6057732263089846,1.8960401579236073,2.5017196528158707,-0.15684155975028416,1.6853690292654286,1.8433723757590625,-0.2621936460924269,0.25147456169474,-0.6057732263089846,0.12057951509246936,-0.20129251211038343,0.2446560595263315,-0.6057732263089846,0.20198764145436732,0.12929796097120155,30,0,0,0.0,0.0,7.75,5.1,4.0,-1.0999999999999996,3.0,1,0,1,0.0,0.0,0,0,0,1,0,0,0,0,0,0,0,1,0,0,0,1,0,0,0,0,1,0,0,0,-0.0
2019-05-31,1.8302054302179263,2.0803773954995135,-0.24918889732164828,False,True,False,True,65.0583,72.4229,7.89,28.85,-0.4066353789934461,1.8433723757590625,2.238380741993147,-0.5359333399646476,1.4220301184427053,1.961874885629288,-0.34370379221497327,1.7643707025122455,2.1067112865817856,-0.15684155975028416,1.6853690292654286,1.8433723757590625,-0.337510059533272,0.18889014330301201,-0.6057732263089846,-0.15684155975028416,-0.2297328243460628,0.24365759051331815,-0.6057732263089846,0.20198764145436732,0.1574464816717978,31,0,1,0.0,0.0,7.75,5.1,4.0,-1.0999999999999996,3.0,1,0,1,0.0,0.0,0,0,0,1,0,0,0,0,0,0,0,1,0,0,0,1,0,0,0,0,0,1,0,0,-0.0
2019-06-01,1.8302054302179263,2.0803773954995135,-0.24918889732164828,False,False,False,False,65.3834,72.8436,7.89,28.85,-0.24918889732164828,1.8302054302179263,2.0803773954995135,-0.4066353789934461,1.8433723757590625,2.238380741993147,-0.5359333399646476,1.4220301184427053,1.961874885629288,-0.6057732263089846,1.8960401579236073,2.5017196528158707,-0.35070253632918114,0.17702078418211084,-0.6057732263089846,-0.15684155975028416,-0.2216903662245704,0.24080521178219141,-0.6057732263089846,0.20198764145436732,0.0,1,1,0,0.0,1.0,7.5,4.7,4.0,-0.7000000000000002,3.0,0,0,0,0.0,0.0,0,0,0,0,1,0,0,0,0,0,0,1,0,0,0,1,0,0,0,0,0,0,1,0,-0.24918889732164828
2019-06-02,1.8302054302179263,2.0803773954995135,-0.24918889732164828,False,False,False,False,65.3834,72.8436,7.89,28.85,-0.24918889732164828,1.8302054302179263,2.0803773954995135,-0.24918889732164828,1.8302054302179263,2.0803773954995135,-0.4066353789934461,1.8433723757590625,2.238380741993147,-0.34370379221497327,1.7643707025122455,2.1067112865817856,-0.3638950131250903,0.16305561359602164,-0.6057732263089846,-0.15684155975028416,-0.21364790810307802,0.23762568341705387,-0.6057732263089846,0.20198764145436732,0.0,2,0,0,1.0,0.0,7.5,4.7,4.0,-0.7000000000000002,3.0,0,0,0,0.0,0.0,0,0,0,0,1,0,0,0,0,0,0,1,0,0,0,1,0,0,0,0,0,0,0,1,-0.24918889732164828
2019-06-03,1.6590351381831563,2.1198782321229217,-0.4623967528672588,False,True,True,False,65.3834,72.8436,7.71,61.9,-0.24918889732164828,1.8302054302179263,2.0803773954995135,-0.24918889732164828,1.8302054302179263,2.0803773954995135,-0.24918889732164828,1.8302054302179263,2.0803773954995135,-0.5359333399646476,1.4220301184427053,1.961874885629288,-0.37708748992099944,0.14639607752671985,-0.6057732263089846,-0.24918889732164828,-0.20560544998158561,0.23410567615635336,-0.6057732263089846,0.20198764145436732,-0.2132078555456105,3,0,0,0.0,0.0,7.5,4.7,4.0,-0.7000000000000002,3.0,0,0,0,0.0,0.0,0,0,0,0,1,0,0,0,0,0,0,1,0,0,0,1,0,0,0,0,0,0,0,0,-0.0
2019-06-04,1.5932004104774755,2.0013757222526967,-0.3997523680211916,False,True,False,False,65.5547,73.218,7.56,82.5,-0.4623967528672588,1.6590351381831563,2.1198782321229217,-0.24918889732164828,1.8302054302179263,2.0803773954995135,-0.24918889732164828,1.8302054302179263,2.0803773954995135,-0.4066353789934461,1.8433723757590625,2.238380741993147,-0.3566051365721815,0.11592719397495012,-0.5359333399646476,-0.24918889732164828,-0.2244283098357982,0.24391161317336946,-0.6057732263089846,0.20198764145436732,0.06264438484606721,4,0,0,0.0,0.0,7.5,4.7,4.0,-0.7000000000000002,3.0,0,0,0,0.0,0.0,0,0,0,0,1,0,0,0,0,0,0,1,0,0,0,1,0,0,1,0,0,0,0,0,-0.0
2019-06-05,1.5536995738540669,1.8302054302179263,-0.2706785603671995,False,True,False,False,65.1614,73.4239,7.75,73.2,-0.3997523680211916,1.5932004104774755,2.0013757222526967,-0.4623967528672588,1.6590351381831563,2.1198782321229217,-0.24918889732164828,1.8302054302179263,2.0803773954995135,-0.24918889732164828,1.8302054302179263,2.0803773954995135,-0.36461207597306977,0.11681976656580782,-0.5359333399646476,-0.24918889732164828,-0.2674097390840524,0.2141982711543463,-0.6057732263089846,0.12057951509246936,0.12907380765399207,5,0,0,0.0,0.0,7.5,4.7,4.0,-0.7000000000000002,3.0,0,0,0,0.0,0.0,0,0,0,0,1,0,0,0,0,0,0,1,0,0,0,1,0,0,0,1,0,0,0,0,-0.0
2019-06-06,1.4220301184427053,1.9092071034647433,-0.4888117351907014,False,True,False,False,65.1243,73.369,7.73,16.9,-0.2706785603671995,1.5536995738540669,1.8302054302179263,-0.3997523680211916,1.5932004104774755,2.0013757222526967,-0.4623967528672588,1.6590351381831563,2.1198782321229217,-0.24918889732164828,1.8302054302179263,2.0803773954995135,-0.32671853603057727,0.09246822376338457,-0.4623967528672588,-0.24918889732164828,-0.2944560910615021,0.18508024880875776,-0.6057732263089846,0.12057951509246936,-0.21813317482350192,6,0,0,0.0,0.0,7.5,4.7,4.0,-0.7000000000000002,3.0,0,0,0,0.0,0.0,0,0,0,0,1,0,0,0,0,0,0,1,0,0,0,1,0,0,0,0,1,0,0,0,-0.0
2019-06-07,1.7643707025122455,2.225213796452011,-0.45598261603570744,False,True,False,False,65.234,73.2708,7.59,64.17,-0.4888117351907014,1.4220301184427053,1.9092071034647433,-0.2706785603671995,1.5536995738540669,1.8302054302179263,-0.3997523680211916,1.5932004104774755,2.0013757222526967,-0.24918889732164828,1.8302054302179263,2.0803773954995135,-0.338458015487328,0.10818582024702972,-0.4888117351907014,-0.24918889732164828,-0.3379840375103,0.14788381427246328,-0.6057732263089846,-0.15684155975028416,0.03282911915499398,7,0,0,0.0,0.0,7.5,4.7,4.0,-0.7000000000000002,3.0,0,0,0,0.0,0.0,0,0,0,0,1,0,0,0,0,0,0,1,0,0,0,1,0,0,0,0,0,1,0,0,-0.0
2019-06-08,1.7643707025122455,2.225213796452011,-0.45598261603570744,False,False,False,False,65.0395,73.2605,7.59,64.17,-0.45598261603570744,1.7643707025122455,2.225213796452011,-0.4888117351907014,1.4220301184427053,1.9092071034647433,-0.2706785603671995,1.5536995738540669,1.8302054302179263,-0.4623967528672588,1.6590351381831563,2.1198782321229217,-0.36799997530362216,0.10798070411158439,-0.4888117351907014,-0.24918889732164828,-0.35935125581640165,0.14115576443719943,-0.6057732263089846,-0.15684155975028416,0.0,8,0,0,0.0,0.0,7.5,4.7,4.0,-0.7000000000000002,3.0,0,0,0,0.0,0.0,0,0,0,0,1,0,0,0,0,0,0,1,0,0,0,1,0,0,0,0,0,0,1,0,-0.45598261603570744
2019-06-09,1.7643707025122455,2.225213796452011,-0.45598261603570744,False,False,False,False,65.0395,73.2605,7.59,64.17,-0.45598261603570744,1.7643707025122455,2.225213796452011,-0.45598261603570744,1.7643707025122455,2.225213796452011,-0.4888117351907014,1.4220301184427053,1.9092071034647433,-0.3997523680211916,1.5932004104774755,2.0013757222526967,-0.39754193511991637,0.09787302646204517,-0.4888117351907014,-0.24918889732164828,-0.3807184741225033,0.13037224172556094,-0.6057732263089846,-0.15684155975028416,0.0,9,0,0,0.0,0.0,7.5,4.7,4.0,-0.7000000000000002,3.0,0,0,0,0.0,0.0,0,0,0,0,1,0,0,0,0,0,0,1,0,0,0,1,0,0,0,0,0,0,0,1,-0.45598261603570744
2019-06-10,2.0145426677938327,2.291048524157692,-0.2669776343808244,False,True,False,False,65.0395,73.2605,7.54,42.03,-0.45598261603570744,1.7643707025122455,2.225213796452011,-0.45598261603570744,1.7643707025122455,2.225213796452011,-0.45598261603570744,1.7643707025122455,2.225213796452011,-0.2706785603671995,1.5536995738540669,1.8302054302179263,-0.4270838949362105,0.07390576599794221,-0.4888117351907014,-0.2706785603671995,-0.40208569242860503,0.11439203320103321,-0.6057732263089846,-0.24918889732164828,0.18900498165488305,10,0,0,0.0,0.0,7.5,4.7,4.0,-0.7000000000000002,3.0,0,0,0,0.0,0.0,0,0,0,0,1,0,0,0,0,0,0,1,0,0,0,1,0,0,0,0,0,0,0,0,-0.0
2019-06-11,1.8038715391356541,2.027709613334969,-0.22701160419933378,False,True,False,False,64.7919,73.2148,7.53,62.6,-0.2669776343808244,2.0145426677938327,2.291048524157692,-0.45598261603570744,1.7643707025122455,2.225213796452011,-0.45598261603570744,1.7643707025122455,2.225213796452011,-0.4888117351907014,1.4220301184427053,1.9092071034647433,-0.399166878009577,0.09282947752164769,-0.4888117351907014,-0.2669776343808244,-0.37788600729087923,0.10328407935201842,-0.5359333399646476,-0.24918889732164828,0.039966030181490614,11,0,0,0.0,0.0,7.5,4.7,4.0,-0.7000000000000002,3.0,0,0,0,0.0,0.0,0,0,0,0,1,0,0,0,0,0,0,1,0,0,0,1,0,0,1,0,0,0,0,0,-0.0
2019-06-12,1.8038715391356541,2.027709613334969,-0.22701160419933378,True,False,False,False,64.5158,73.0448,7.53,62.6,-0.22701160419933378,1.8038715391356541,2.027709613334969,-0.2669776343808244,2.0145426677938327,2.291048524157692,-0.45598261603570744,1.7643707025122455,2.225213796452011,-0.45598261603570744,1.7643707025122455,2.225213796452011,-0.37448962603502584,0.11334181306169268,-0.4888117351907014,-0.22701160419933378,-0.3695508510040479,0.11069737946828609,-0.5359333399646476,-0.22701160419933378,0.0,12,0,0,0.0,0.0,7.5,4.7,4.0,-0.7000000000000002,3.0,0,0,0,0.0,0.0,0,0,0,0,1,0,0,0,0,0,0,1,0,0,0,1,0,0,0,1,0,0,0,0,-0.22701160419933378
2019-06-13,1.975041831170424,2.185712959828603,-0.21254024824542744,False,True,False,False,64.5158,73.0448,7.5,42.9,-0.22701160419933378,1.8038715391356541,2.027709613334969,-0.22701160419933378,1.8038715391356541,2.027709613334969,-0.2669776343808244,2.0145426677938327,2.291048524157692,-0.45598261603570744,1.7643707025122455,2.225213796452011,-0.36825148943961644,0.12095372990036886,-0.4888117351907014,-0.22701160419933378,-0.34748501273509685,0.10565492265741065,-0.4888117351907014,-0.22701160419933378,0.014471355953906334,13,0,0,0.0,0.0,7.5,4.7,4.0,-0.7000000000000002,3.0,0,0,0,0.0,0.0,0,0,0,0,1,0,0,0,0,0,0,1,0,0,0,1,0,0,0,0,1,0,0,0,-0.0
2019-06-14,1.9092071034647433,2.43588492511019,-0.535828456171387,False,True,False,False,64.6314,73.0141,7.49,47.27,-0.21254024824542744,1.975041831170424,2.185712959828603,-0.22701160419933378,1.8038715391356541,2.027709613334969,-0.22701160419933378,1.8038715391356541,2.027709613334969,-0.45598261603570744,1.7643707025122455,2.225213796452011,-0.3287841341617202,0.12012933413001115,-0.45598261603570744,-0.21254024824542744,-0.33362107482452413,0.10994366237581898,-0.4888117351907014,-0.21254024824542744,-0.3232882079259595,14,0,0,0.0,0.0,7.5,4.7,4.0,-0.7000000000000002,3.0,0,0,0,0.0,0.0,0,0,0,0,1,0,0,0,0,0,0,1,0,0,0,1,0,0,0,0,0,1,0,0,-0.0
2019-06-15,1.9092071034647433,2.43588492511019,-0.535828456171387,False,False,False,False,64.4326,72.6993,7.49,47.27,-0.535828456171387,1.9092071034647433,2.43588492511019,-0.21254024824542744,1.975041831170424,2.185712959828603,-0.22701160419933378,1.8038715391356541,2.027709613334969,-0.2669776343808244,2.0145426677938327,2.291048524157692,-0.3401906827525316,0.13684752679608608,-0.535828456171387,-0.21254024824542744,-0.3540953290280769,0.11930220738705152,-0.535828456171387,-0.21254024824542744,0.0,15,0,0,0.0,0.0,7.5,4.7,4.0,-0.7000000000000002,3.0,0,0,0,0.0,0.0,0,0,0,0,1,0,0,0,0,0,0,1,0,0,0,1,0,0,0,0,0,0,1,0,-0.535828456171387
2019-06-16,1.9092071034647433,2.43588492511019,-0.535828456171387,False,False,False,False,64.4326,72.6993,7.49,47.27,-0.535828456171387,1.9092071034647433,2.43588492511019,-0.535828456171387,1.9092071034647433,2.43588492511019,-0.21254024824542744,1.975041831170424,2.185712959828603,-0.22701160419933378,1.8038715391356541,2.027709613334969,-0.351597231343343,0.15073103786810865,-0.535828456171387,-0.21254024824542744,-0.37456958323162964,0.12440073454882282,-0.535828456171387,-0.21254024824542744,0.0,16,0,0,0.0,0.0,7.5,4.7,4.0,-0.7000000000000002,3.0,0,0,0,0.0,0.0,0,0,0,0,1,0,0,0,0,0,0,1,0,0,0,1,0,0,0,0,0,0,0,1,-0.535828456171387
2019-06-17,1.7512037569711094,2.3568832518633727,-0.5975843374547124,False,True,False,False,64.4326,72.6993,7.41,35.88,-0.535828456171387,1.9092071034647433,2.43588492511019,-0.535828456171387,1.9092071034647433,2.43588492511019,-0.535828456171387,1.9092071034647433,2.43588492511019,-0.22701160419933378,1.8038715391356541,2.027709613334969,-0.3630037799341543,0.16250802281209067,-0.535828456171387,-0.21254024824542744,-0.3950438374351824,0.12575844744270245,-0.535828456171387,-0.21254024824542744,-0.06175588128332543,17,0,0,0.0,0.0,7.5,4.7,4.0,-0.7000000000000002,3.0,0,0,0,0.0,0.0,0,0,0,0,1,0,0,0,0,0,0,1,0,0,0,1,0,0,0,0,0,0,0,0,-0.0
2019-06-18,1.4220301184427053,1.975041831170424,-0.55062866147512,False,True,False,False,64.3187,72.1077,7.48,56.5,-0.5975843374547124,1.7512037569711094,2.3568832518633727,-0.535828456171387,1.9092071034647433,2.43588492511019,-0.535828456171387,1.9092071034647433,2.43588492511019,-0.21254024824542744,1.975041831170424,2.185712959828603,-0.4102333089447097,0.1773159906930207,-0.5975843374547124,-0.21254024824542744,-0.40470009347714336,0.1360933687815596,-0.5975843374547124,-0.21254024824542744,0.04695567597959238,18,0,0,0.0,0.0,7.5,4.7,4.0,-0.7000000000000002,3.0,0,0,0,0.0,0.0,0,0,0,0,1,0,0,0,0,0,0,1,0,0,0,1,0,0,1,0,0,0,0,0,-0.0
2019-06-19,1.4088631729015693,1.8302054302179263,-0.4203168483043062,False,True,False,False,64.3352,72.2291,7.49,38.9,-0.55062866147512,1.4220301184427053,1.975041831170424,-0.5975843374547124,1.7512037569711094,2.3568832518633727,-0.535828456171387,1.9092071034647433,2.43588492511019,-0.535828456171387,1.9092071034647433,2.43588492511019,-0.45646431712696484,0.16321013164638756,-0.5975843374547124,-0.21254024824542744,-0.41547697158099545,0.14153633860372153,-0.5975843374547124,-0.21254024824542744,0.1303118131708138,19,0,0,0.0,0.0,7.5,4.7,4.0,-0.7000000000000002,3.0,0,0,0,0.0,0.0,0,0,0,0,1,0,0,0,0,0,0,1,0,0,0,1,0,0,0,1,0,0,0,0,-0.0
2019-06-20,1.5800334649363392,1.8302054302179263,-0.2521607653989898,False,True,False,False,63.9794,71.6377,7.4,32.3,-0.4203168483043062,1.4088631729015693,1.8302054302179263,-0.55062866147512,1.4220301184427053,1.975041831170424,-0.5975843374547124,1.7512037569711094,2.3568832518633727,-0.535828456171387,1.9092071034647433,2.43588492511019,-0.48407935199910385,0.13111397294446803,-0.5975843374547124,-0.21254024824542744,-0.4261654207193602,0.13527191992894128,-0.5975843374547124,-0.21254024824542744,0.16815608290531642,20,0,0,0.0,0.0,7.5,4.7,4.0,-0.7000000000000002,3.0,0,0,0,0.0,0.0,0,0,0,0,1,0,0,0,0,0,0,1,0,0,0,1,0,0,0,0,1,0,0,0,-0.0
2019-06-21,1.869706266841335,2.370050197404509,-0.4959197069431007,False,True,False,False,63.3877,71.5457,7.41,59.8,-0.2521607653989898,1.5800334649363392,1.8302054302179263,-0.4203168483043062,1.4088631729015693,1.8302054302179263,-0.55062866147512,1.4220301184427053,1.975041831170424,-0.535828456171387,1.9092071034647433,2.43588492511019,-0.48973942587818414,0.11759658037596474,-0.5975843374547124,-0.2521607653989898,-0.40926178001995217,0.14148476312859165,-0.5975843374547124,-0.21254024824542744,-0.24375894154411093,21,0,0,0.0,0.0,7.5,4.7,4.0,-0.7000000000000002,3.0,0,0,0,0.0,0.0,0,0,0,0,1,0,0,0,0,0,0,1,0,0,0,1,0,0,0,0,0,1,0,0,-0.0
2019-06-22,1.869706266841335,2.370050197404509,-0.4959197069431007,False,False,False,False,63.1295,71.349,7.41,59.8,-0.4959197069431007,1.869706266841335,2.370050197404509,-0.2521607653989898,1.5800334649363392,1.8302054302179263,-0.4203168483043062,1.4088631729015693,1.8302054302179263,-0.5975843374547124,1.7512037569711094,2.3568832518633727,-0.484038175988429,0.11594553441541705,-0.5975843374547124,-0.2521607653989898,-0.4121144293704803,0.14289480526499357,-0.5975843374547124,-0.21254024824542744,0.0,22,0,0,0.0,0.0,7.5,4.7,4.0,-0.7000000000000002,3.0,0,0,0,0.0,0.0,0,0,0,0,1,0,0,0,0,0,0,1,0,0,0,1,0,0,0,0,0,0,1,0,-0.4959197069431007
2019-06-23,1.869706266841335,2.370050197404509,-0.4959197069431007,False,False,False,False,63.1295,71.349,7.41,59.8,-0.4959197069431007,1.869706266841335,2.370050197404509,-0.4959197069431007,1.869706266841335,2.370050197404509,-0.2521607653989898,1.5800334649363392,1.8302054302179263,-0.55062866147512,1.4220301184427053,1.975041831170424,-0.47833692609867384,0.1139382944181626,-0.5975843374547124,-0.2521607653989898,-0.41496707872100835,0.14423032063166175,-0.5975843374547124,-0.21254024824542744,0.0,23,0,0,0.0,0.0,7.5,4.7,4.0,-0.7000000000000002,3.0,0,0,0,0.0,0.0,0,0,0,0,1,0,0,0,0,0,0,1,0,0,0,1,0,0,0,0,0,0,0,1,-0.4959197069431007
2019-06-24,1.6063673560186116,2.2647146330754198,-0.6544248207536116,False,True,False,False,63.1295,71.349,7.41,42.6,-0.4959197069431007,1.869706266841335,2.370050197404509,-0.4959197069431007,1.869706266841335,2.370050197404509,-0.4959197069431007,1.869706266841335,2.370050197404509,-0.4203168483043062,1.4088631729015693,1.8302054302179263,-0.4726356762089186,0.11155563485656145,-0.5975843374547124,-0.2521607653989898,-0.4178197280715365,0.14549336153559805,-0.5975843374547124,-0.21254024824542744,-0.1585051138105109,24,0,0,0.0,0.0,7.5,4.7,4.0,-0.7000000000000002,3.0,0,0,0,1.0,0.0,0,0,0,0,1,0,0,0,0,0,0,1,0,0,0,1,0,0,0,0,0,0,0,0,-0.0
2019-06-25,1.975041831170424,2.370050197404509,-0.3921347699312954,False,True,False,False,62.9095,71.5973,7.51,57.0,-0.6544248207536116,1.6063673560186116,2.2647146330754198,-0.4959197069431007,1.869706266841335,2.370050197404509,-0.4959197069431007,1.869706266841335,2.370050197404509,-0.2521607653989898,1.5800334649363392,1.8302054302179263,-0.4807557452516185,0.12358636284522558,-0.6544248207536116,-0.2521607653989898,-0.4454945270981642,0.15132599728346638,-0.6544248207536116,-0.21254024824542744,0.2622900508223162,25,0,0,0.0,0.0,7.5,4.7,4.0,-0.7000000000000002,3.0,1,1,1,0.0,0.0,0,0,0,0,1,0,0,0,0,0,0,1,0,0,0,1,0,0,1,0,0,0,0,0,-0.0
2019-06-26,1.6853690292654286,2.1593790687463303,-0.4759828666581661,False,True,False,False,62.5229,71.2323,7.43,61.5,-0.3921347699312954,1.975041831170424,2.370050197404509,-0.6544248207536116,1.6063673560186116,2.2647146330754198,-0.4959197069431007,1.869706266841335,2.370050197404509,-0.4959197069431007,1.869706266841335,2.370050197404509,-0.45811376074535787,0.12316951130883745,-0.6544248207536116,-0.2521607653989898,-0.45728903893616135,0.13891313717942907,-0.6544248207536116,-0.21254024824542744,-0.08384809672687066,26,0,0,0.0,0.0,7.5,4.7,4.0,-0.7000000000000002,3.0,1,0,1,0.0,0.0,0,0,0,0,1,0,0,0,0,0,0,1,0,0,0,1,0,0,0,1,0,0,0,0,-0.0
2019-06-27,2.291048524157692,2.3173824152399645,-0.03251580676140503,False,True,False,False,62.8083,71.3816,7.5,42.27,-0.4759828666581661,1.6853690292654286,2.1593790687463303,-0.3921347699312954,1.975041831170424,2.370050197404509,-0.6544248207536116,1.6063673560186116,2.2647146330754198,-0.4959197069431007,1.869706266841335,2.370050197404509,-0.4660660490816236,0.12211497125244442,-0.6544248207536116,-0.2521607653989898,-0.47507270054036377,0.12208235474421122,-0.6544248207536116,-0.21254024824542744,0.44346705989676105,27,0,0,0.0,0.0,7.5,4.7,4.0,-0.7000000000000002,3.0,1,0,1,0.0,0.0,0,0,0,0,1,0,0,0,0,0,0,1,0,0,0,1,0,0,0,0,1,0,0,0,-0.0
2019-06-28,2.725557727015185,2.5017196528158707,0.22902183600915743,False,True,False,True,63.0452,71.6635,7.55,64.15,-0.03251580676140503,2.291048524157692,2.3173824152399645,-0.4759828666581661,1.6853690292654286,2.1593790687463303,-0.3921347699312954,1.975041831170424,2.370050197404509,-0.4959197069431007,1.869706266841335,2.370050197404509,-0.4346881978476829,0.19355910062823567,-0.6544248207536116,-0.03251580676140503,-0.46221381186293353,0.156493233790724,-0.6544248207536116,-0.03251580676140503,0.26153764277056246,28,0,0,0.0,0.0,7.5,4.7,4.0,-0.7000000000000002,3.0,1,0,1,0.0,1.0,0,0,0,0,1,0,0,0,0,0,0,1,0,0,0,1,0,0,0,0,0,1,0,0,0.0
2019-06-29,2.725557727015185,2.5017196528158707,0.22902183600915743,False,False,False,False,63.0756,71.8179,7.55,64.15,0.22902183600915743,2.725557727015185,2.5017196528158707,-0.03251580676140503,2.291048524157692,2.3173824152399645,-0.4759828666581661,1.6853690292654286,2.1593790687463303,-0.6544248207536116,1.6063673560186116,2.2647146330754198,-0.33112512028307456,0.31264337689814214,-0.6544248207536116,0.22902183600915743,-0.40758164813575176,0.2400278665765731,-0.6544248207536116,0.22902183600915743,0.0,29,0,0,0.0,0.0,7.5,4.7,4.0,-0.7000000000000002,3.0,1,0,0,0.0,1.0,0,0,0,0,1,0,0,0,0,0,0,1,0,0,0,1,0,0,0,0,0,0,1,0,0.22902183600915743
2019-06-30,2.725557727015185,2.5017196528158707,0.22902183600915743,False,False,False,False,63.0756,71.8179,7.55,64.15,0.22902183600915743,2.725557727015185,2.5017196528158707,0.22902183600915743,2.725557727015185,2.5017196528158707,-0.03251580676140503,2.291048524157692,2.3173824152399645,-0.3921347699312954,1.975041831170424,2.370050197404509,-0.22756204271846628,0.36469289964710333,-0.6544248207536116,0.22902183600915743,-0.35294948440857,0.2903585612781646,-0.6544248207536116,0.22902183600915743,0.0,30,0,1,0.0,0.0,7.5,4.7,4.0,-0.7000000000000002,3.0,1,0,0,0.0,1.0,0,0,0,0,1,0,0,0,0,0,0,1,0,0,0,1,0,0,0,0,0,0,0,1,0.22902183600915743
2019-07-01,1.7512037569711094,2.3568832518633727,-0.6074640216603456,False,True,True,False,63.0756,71.8179,7.39,46.22,0.22902183600915743,2.725557727015185,2.5017196528158707,0.22902183600915743,2.725557727015185,2.5017196528158707,0.22902183600915743,2.725557727015185,2.5017196528158707,-0.4759828666581661,1.6853690292654286,2.1593790687463303,-0.12399896515385796,0.3784576795894447,-0.6544248207536116,0.22902183600915743,-0.29831732068138833,0.32337947421713653,-0.6544248207536116,0.22902183600915743,-0.8364858576695031,1,1,0,0.0,1.0,7.25,4.6,4.0,-0.5999999999999996,3.0,0,0,0,1.0,0.0,0,0,0,0,0,1,0,0,0,0,0,0,1,0,0,1,0,0,0,0,0,0,0,0,-0.0
2019-07-02,1.5405326283129308,1.869706266841335,-0.3277686243038561,False,True,False,False,63.0541,71.3962,7.34,61.38,-0.6074640216603456,1.7512037569711094,2.3568832518633727,0.22902183600915743,2.725557727015185,2.5017196528158707,0.22902183600915743,2.725557727015185,2.5017196528158707,-0.03251580676140503,2.291048524157692,2.3173824152399645,-0.11729027956910566,0.3677528877701089,-0.6074640216603456,0.22902183600915743,-0.2990230124103621,0.3240927763501716,-0.6544248207536116,0.22902183600915743,0.2796953973564895,2,0,0,1.0,0.0,7.25,4.6,4.0,-0.5999999999999996,3.0,0,0,0,0.0,0.0,0,0,0,0,0,1,0,0,0,0,0,0,1,0,0,1,0,0,1,0,0,0,0,0,-0.0
2019-07-03,1.2466172781693934,1.8433723757590625,-0.5917871666657678,False,True,False,False,63.2265,71.408,7.28,25.35,-0.3277686243038561,1.5405326283129308,1.869706266841335,-0.6074640216603456,1.7512037569711094,2.3568832518633727,0.22902183600915743,2.725557727015185,2.5017196528158707,0.22902183600915743,2.725557727015185,2.5017196528158707,-0.1080951159080429,0.3604679600316045,-0.6074640216603456,0.22902183600915743,-0.2831044383267004,0.3161600073746186,-0.6544248207536116,0.22902183600915743,-0.2640185423619117,3,0,0,0.0,0.0,7.25,4.6,4.0,-0.5999999999999996,3.0,0,0,0,0.0,0.0,0,0,0,0,0,1,0,0,0,0,0,0,1,0,0,1,0,0,0,1,0,0,0,0,-0.0
2019-07-04,2.0145426677938327,2.291048524157692,-0.2751980044933662,False,True,False,False,63.4951,71.6034,7.37,62.7,-0.5917871666657678,1.2466172781693934,1.8433723757590625,-0.3277686243038561,1.5405326283129308,1.869706266841335,-0.6074640216603456,1.7512037569711094,2.3568832518633727,0.22902183600915743,2.725557727015185,2.5017196528158707,-0.12463858733770031,0.38217005354111233,-0.6074640216603456,0.22902183600915743,-0.29535231820966196,0.3250799412784432,-0.6544248207536116,0.22902183600915743,0.31658916217240163,4,0,0,0.0,0.0,7.25,4.6,4.0,-0.5999999999999996,3.0,0,0,0,0.0,0.0,0,0,0,0,0,1,0,0,0,0,0,0,1,0,0,1,0,0,0,0,1,0,0,0,-0.0
2019-07-05,1.6853690292654286,2.0935443410406496,-0.40438866048069316,False,True,False,False,63.4013,71.542,7.14,72.0,-0.2751980044933662,2.0145426677938327,2.291048524157692,-0.5917871666657678,1.2466172781693934,1.8433723757590625,-0.3277686243038561,1.5405326283129308,1.869706266841335,0.22902183600915743,2.725557727015185,2.5017196528158707,-0.15930747272798046,0.3834257227146294,-0.6074640216603456,0.22902183600915743,-0.2969978352878317,0.3249027505195934,-0.6544248207536116,0.22902183600915743,-0.12919065598732699,5,0,0,0.0,0.0,7.25,4.6,4.0,-0.5999999999999996,3.0,0,0,0,0.0,0.0,0,0,0,0,0,1,0,0,0,0,0,0,1,0,0,1,0,0,0,0,0,1,0,0,-0.0
2019-07-06,1.6853690292654286,2.0935443410406496,-0.40438866048069316,False,False,False,False,63.5841,71.6593,7.14,72.0,-0.40438866048069316,1.6853690292654286,2.0935443410406496,-0.2751980044933662,2.0145426677938327,2.291048524157692,-0.5917871666657678,1.2466172781693934,1.8433723757590625,-0.6074640216603456,1.7512037569711094,2.3568832518633727,-0.24979468651224485,0.349771662324713,-0.6074640216603456,0.22902183600915743,-0.2904599033976597,0.3214950435558514,-0.6544248207536116,0.22902183600915743,0.0,6,0,0,0.0,0.0,7.25,4.6,4.0,-0.5999999999999996,3.0,0,0,0,0.0,0.0,0,0,0,0,0,1,0,0,0,0,0,0,1,0,0,1,0,0,0,0,0,0,1,0,-0.40438866048069316
2019-07-07,1.6853690292654286,2.0935443410406496,-0.40438866048069316,False,False,False,False,63.5841,71.6593,7.14,72.0,-0.40438866048069316,1.6853690292654286,2.0935443410406496,-0.40438866048069316,1.6853690292654286,2.0935443410406496,-0.2751980044933662,2.0145426677938327,2.291048524157692,-0.3277686243038561,1.5405326283129308,1.869706266841335,-0.34028190029650923,0.2802855026965521,-0.6074640216603456,0.22902183600915743,-0.28392197150748777,0.3179060609281,-0.6544248207536116,0.22902183600915743,0.0,7,0,0,0.0,0.0,7.25,4.6,4.0,-0.5999999999999996,3.0,0,0,0,0.0,0.0,0,0,0,0,0,1,0,0,0,0,0,0,1,0,0,1,0,0,0,0,0,0,0,1,-0.40438866048069316
2019-07-08,1.7380368114299731,2.1462121232051943,-0.4070406848854473,False,True,False,False,63.5841,71.6593,6.99,78.5,-0.40438866048069316,1.6853690292654286,2.0935443410406496,-0.40438866048069316,1.6853690292654286,2.0935443410406496,-0.40438866048069316,1.6853690292654286,2.0935443410406496,-0.5917871666657678,1.2466172781693934,1.8433723757590625,-0.43076911408077356,0.12519794969820158,-0.6074640216603456,-0.2751980044933662,-0.2773840396173158,0.31412958938425906,-0.6544248207536116,0.22902183600915743,-0.0026520244047541497,8,0,0,0.0,0.0,7.25,4.6,4.0,-0.5999999999999996,3.0,0,0,0,0.0,0.0,0,0,0,0,0,1,0,0,0,0,0,0,1,0,0,1,0,0,0,0,0,0,0,0,-0.0
2019-07-09,1.487864846148386,1.8038715391356541,-0.3138787205992116,False,True,False,False,63.8699,71.7067,7.2,48.4,-0.4070406848854473,1.7380368114299731,2.1462121232051943,-0.40438866048069316,1.6853690292654286,2.0935443410406496,-0.40438866048069316,1.6853690292654286,2.0935443410406496,-0.2751980044933662,2.0145426677938327,2.291048524157692,-0.40213720882721665,0.0980226212413779,-0.5917871666657678,-0.2751980044933662,-0.25971374419816123,0.29782363525401523,-0.6074640216603456,0.22902183600915743,0.09316196428623569,9,0,0,0.0,0.0,7.25,4.6,4.0,-0.5999999999999996,3.0,0,0,0,0.0,0.0,0,0,0,0,0,1,0,0,0,0,0,0,1,0,0,1,0,0,1,0,0,0,0,0,-0.0
2019-07-10,1.5010317916895224,1.6853690292654286,-0.19595450719057542,False,True,False,False,63.766,71.4626,7.31,54.15,-0.3138787205992116,1.487864846148386,1.8038715391356541,-0.4070406848854473,1.7380368114299731,2.1462121232051943,-0.40438866048069316,1.6853690292654286,2.0935443410406496,-0.40438866048069316,1.6853690292654286,2.0935443410406496,-0.40015293686941034,0.09990155044179802,-0.5917871666657678,-0.2751980044933662,-0.2541240263887266,0.29587510588689797,-0.6074640216603456,0.22902183600915743,0.11792421340863621,10,0,0,0.0,0.0,7.25,4.6,4.0,-0.5999999999999996,3.0,0,0,0,0.0,0.0,0,0,0,0,0,1,0,0,0,0,0,0,1,0,0,1,0,0,0,1,0,0,0,0,-0.0
2019-07-11,1.5010317916895224,1.7907045935945178,-0.28853579296993703,False,True,False,False,63.7988,71.5631,7.25,61.4,-0.19595450719057542,1.5010317916895224,1.6853690292654286,-0.3138787205992116,1.487864846148386,1.8038715391356541,-0.4070406848854473,1.7380368114299731,2.1462121232051943,-0.40438866048069316,1.6853690292654286,2.0935443410406496,-0.34360541408723994,0.08413469657649049,-0.4070406848854473,-0.19595450719057542,-0.23412200071247016,0.2891111353000744,-0.6074640216603456,0.22902183600915743,-0.09258128577936162,11,0,0,0.0,0.0,7.25,4.6,4.0,-0.5999999999999996,3.0,0,0,0,0.0,0.0,0,0,0,0,0,1,0,0,0,0,0,0,1,0,0,1,0,0,0,0,1,0,0,0,-0.0
2019-07-12,1.7512037569711094,1.975041831170424,-0.22159775723164588,False,True,False,False,62.9944,71.0073,7.26,59.7,-0.28853579296993703,1.5010317916895224,1.7907045935945178,-0.19595450719057542,1.5010317916895224,1.6853690292654286,-0.3138787205992116,1.487864846148386,1.8038715391356541,-0.40438866048069316,1.6853690292654286,2.0935443410406496,-0.3455108124410358,0.08246166653922848,-0.4070406848854473,-0.19595450719057542,-0.25240914258450814,0.2834189832341191,-0.6074640216603456,0.22902183600915743,0.06693803573829116,12,0,0,0.0,0.0,7.25,4.6,4.0,-0.5999999999999996,3.0,0,0,0,0.0,0.0,0,0,0,0,0,1,0,0,0,0,0,0,1,0,0,1,0,0,0,0,0,1,0,0,-0.0
2019-07-13,1.7512037569711094,1.975041831170424,-0.22159775723164588,False,False,False,False,63.0204,71.0114,7.26,59.7,-0.22159775723164588,1.7512037569711094,1.975041831170424,-0.28853579296993703,1.5010317916895224,1.7907045935945178,-0.19595450719057542,1.5010317916895224,1.6853690292654286,-0.4070406848854473,1.7380368114299731,2.1462121232051943,-0.3193978262626005,0.08936273143954696,-0.4070406848854473,-0.19595450719057542,-0.28459625638742264,0.24790065797772362,-0.6074640216603456,0.22902183600915743,0.0,13,0,0,0.0,0.0,7.25,4.6,4.0,-0.5999999999999996,3.0,0,0,0,0.0,0.0,0,0,0,0,0,1,0,0,0,0,0,0,1,0,0,1,0,0,0,0,0,0,1,0,-0.22159775723164588
2019-07-14,1.7512037569711094,1.975041831170424,-0.22159775723164588,False,False,False,False,63.0204,71.0114,7.26,59.7,-0.22159775723164588,1.7512037569711094,1.975041831170424,-0.22159775723164588,1.7512037569711094,1.975041831170424,-0.28853579296993703,1.5010317916895224,1.7907045935945178,-0.3138787205992116,1.487864846148386,1.8038715391356541,-0.29328484008416517,0.0870654752598157,-0.4070406848854473,-0.19595450719057542,-0.3167833701903372,0.20087743926326393,-0.6074640216603456,0.22902183600915743,0.0,14,0,0,0.0,0.0,7.25,4.6,4.0,-0.5999999999999996,3.0,0,0,0,0.0,0.0,0,0,0,0,0,1,0,0,0,0,0,0,1,0,0,1,0,0,0,0,0,0,0,1,-0.22159775723164588
2019-07-15,2.1067112865817856,1.869706266841335,0.23782894504443225,False,True,False,False,63.0204,71.0114,7.26,60.9,-0.22159775723164588,1.7512037569711094,1.975041831170424,-0.22159775723164588,1.7512037569711094,1.975041831170424,-0.22159775723164588,1.7512037569711094,1.975041831170424,-0.19595450719057542,1.5010317916895224,1.6853690292654286,-0.26717185390572984,0.07472632791774177,-0.4070406848854473,-0.19595450719057542,-0.3489704839932517,0.13045055843113837,-0.6074640216603456,-0.19595450719057542,0.4594267022760781,15,0,0,0.0,0.0,7.25,4.6,4.0,-0.5999999999999996,3.0,0,0,0,0.0,1.0,0,0,0,0,0,1,0,0,0,0,0,0,1,0,0,1,0,0,0,0,0,0,0,0,0.0
2019-07-16,1.487864846148386,1.5141987372306585,-0.028649654858563023,False,True,False,False,62.828,70.8574,7.28,88.15,0.23782894504443225,2.1067112865817856,1.869706266841335,-0.22159775723164588,1.7512037569711094,1.975041831170424,-0.22159775723164588,1.7512037569711094,1.975041831170424,-0.28853579296993703,1.5010317916895224,1.7907045935945178,-0.1750476210586042,0.1868861246951326,-0.3138787205992116,0.23782894504443225,-0.2885924149429104,0.1855766543521073,-0.5917871666657678,0.23782894504443225,-0.2664785999029953,16,0,0,0.0,0.0,7.25,4.6,4.0,-0.5999999999999996,3.0,0,0,0,0.0,0.0,0,0,0,0,0,1,0,0,0,0,0,0,1,0,0,1,0,0,1,0,0,0,0,0,-0.0
2019-07-17,1.47469790060725,1.3693623362781608,0.11370643073312611,False,True,False,False,62.8129,70.6771,7.28,57.6,-0.028649654858563023,1.487864846148386,1.5141987372306585,0.23782894504443225,2.1067112865817856,1.869706266841335,-0.22159775723164588,1.7512037569711094,1.975041831170424,-0.22159775723164588,1.7512037569711094,1.975041831170424,-0.134300611667083,0.1826173597574871,-0.28853579296993703,0.23782894504443225,-0.26722677426824665,0.1975518675898349,-0.5917871666657678,0.23782894504443225,0.14235608559168914,17,0,0,0.0,0.0,7.25,4.6,4.0,-0.5999999999999996,3.0,0,0,0,0.0,0.0,0,0,0,0,0,1,0,0,0,0,0,0,1,0,0,1,0,0,0,1,0,0,0,0,0.0
2019-07-18,1.869706266841335,1.6985359748065647,0.16679116654620352,False,True,False,False,62.9451,70.5552,7.27,87.3,0.11370643073312611,1.47469790060725,1.3693623362781608,-0.028649654858563023,1.487864846148386,1.5141987372306585,0.23782894504443225,2.1067112865817856,1.869706266841335,-0.22159775723164588,1.7512037569711094,1.975041831170424,-0.09006333482083988,0.20170206333279944,-0.28853579296993703,0.23782894504443225,-0.21683437445403997,0.1983715953573201,-0.4070406848854473,0.23782894504443225,0.053084735813077405,18,0,0,0.0,0.0,7.25,4.6,4.0,-0.5999999999999996,3.0,0,0,0,0.0,0.0,0,0,0,0,0,1,0,0,0,0,0,0,1,0,0,1,0,0,0,0,1,0,0,0,0.0
2019-07-19,1.6722020837242924,1.6590351381831563,0.011637349576610575,False,True,False,False,62.8286,70.6068,7.27,56.7,0.16679116654620352,1.869706266841335,1.6985359748065647,0.11370643073312611,1.47469790060725,1.3693623362781608,-0.028649654858563023,1.487864846148386,1.5141987372306585,-0.22159775723164588,1.7512037569711094,1.975041831170424,-0.025016626318534095,0.20044439475663864,-0.22159775723164588,0.23782894504443225,-0.18526371937978495,0.22211831959753484,-0.4070406848854473,0.23782894504443225,-0.15515381696959293,19,0,0,0.0,0.0,7.25,4.6,4.0,-0.5999999999999996,3.0,0,0,0,0.0,0.0,0,0,0,0,0,1,0,0,0,0,0,0,1,0,0,1,0,0,0,0,0,1,0,0,0.0
2019-07-20,1.6722020837242924,1.6590351381831563,0.011637349576610575,False,False,False,False,62.8666,70.7941,7.27,56.7,0.011637349576610575,1.6722020837242924,1.6590351381831563,0.16679116654620352,1.869706266841335,1.6985359748065647,0.11370643073312611,1.47469790060725,1.3693623362781608,0.23782894504443225,2.1067112865817856,1.869706266841335,0.00830267465407397,0.18073732068615125,-0.22159775723164588,0.23782894504443225,-0.1555475758042633,0.218344598004112,-0.4070406848854473,0.23782894504443225,0.0,20,0,0,0.0,0.0,7.25,4.6,4.0,-0.5999999999999996,3.0,0,0,0,0.0,0.0,0,0,0,0,0,1,0,0,0,0,0,0,1,0,0,1,0,0,0,0,0,0,1,0,0.011637349576610575
2019-07-21,1.6722020837242924,1.6590351381831563,0.011637349576610575,False,False,False,False,62.8666,70.7941,7.27,56.7,0.011637349576610575,1.6722020837242924,1.6590351381831563,0.011637349576610575,1.6722020837242924,1.6590351381831563,0.16679116654620352,1.869706266841335,1.6985359748065647,-0.028649654858563023,1.487864846148386,1.5141987372306585,0.04162197562668203,0.1502118255926874,-0.22159775723164588,0.23782894504443225,-0.12583143222874157,0.21002434848115847,-0.4070406848854473,0.23782894504443225,0.0,21,0,0,0.0,0.0,7.25,4.6,4.0,-0.5999999999999996,3.0,0,0,0,0.0,0.0,0,0,0,0,0,1,0,0,0,0,0,0,1,0,0,1,0,0,0,0,0,0,0,1,0.011637349576610575
2019-07-22,1.5273656827717947,1.882873212382471,-0.3474083503691106,False,True,False,False,62.8666,70.7941,7.2,46.05,0.011637349576610575,1.6722020837242924,1.6590351381831563,0.011637349576610575,1.6722020837242924,1.6590351381831563,0.011637349576610575,1.6722020837242924,1.6590351381831563,0.11370643073312611,1.47469790060725,1.3693623362781608,0.07494127659929009,0.09935187852573785,-0.028649654858563023,0.23782894504443225,-0.09611528865321987,0.1965811240503679,-0.4070406848854473,0.23782894504443225,-0.35904569994572116,22,0,0,0.0,0.0,7.25,4.6,4.0,-0.5999999999999996,3.0,0,0,0,0.0,0.0,0,0,0,0,0,1,0,0,0,0,0,0,1,0,0,1,0,0,0,0,0,0,0,0,-0.0
2019-07-23,1.4483640095249777,1.6853690292654286,-0.22417461611323575,False,True,False,False,62.9776,70.6546,7.23,75.75,-0.3474083503691106,1.5273656827717947,1.882873212382471,0.011637349576610575,1.6722020837242924,1.6590351381831563,0.011637349576610575,1.6722020837242924,1.6590351381831563,0.16679116654620352,1.869706266841335,1.6985359748065647,-0.008664051316930306,0.16438908797755802,-0.3474083503691106,0.16679116654620352,-0.09185583618776726,0.18985690929221125,-0.3474083503691106,0.23782894504443225,0.12323373425587486,23,0,0,0.0,0.0,7.25,4.6,4.0,-0.5999999999999996,3.0,0,0,0,0.0,0.0,0,0,0,0,0,1,0,0,0,0,0,0,1,0,0,1,0,0,1,0,0,0,0,0,-0.0
2019-07-24,1.3430284451958885,1.8960401579236073,-0.551731535841212,False,True,False,False,63.129,70.635,7.11,131.75,-0.22417461611323575,1.4483640095249777,1.6853690292654286,-0.3474083503691106,1.5273656827717947,1.882873212382471,0.011637349576610575,1.6722020837242924,1.6590351381831563,0.011637349576610575,1.6722020837242924,1.6590351381831563,-0.03659618863902641,0.18381448192801908,-0.3474083503691106,0.16679116654620352,-0.08544840015305469,0.1831839603082784,-0.3474083503691106,0.23782894504443225,-0.3275569197279763,24,0,0,0.0,0.0,7.25,4.6,4.0,-0.5999999999999996,3.0,0,0,0,0.0,0.0,0,0,0,0,0,1,0,0,0,0,0,0,1,0,0,1,0,0,0,1,0,0,0,0,-0.0
2019-07-25,1.711702920347701,2.3832171429456452,-0.678369865455045,False,True,False,False,63.1162,70.3241,7.23,69.55,-0.551731535841212,1.3430284451958885,1.8960401579236073,-0.22417461611323575,1.4483640095249777,1.6853690292654286,-0.3474083503691106,1.5273656827717947,1.882873212382471,0.011637349576610575,1.6722020837242924,1.6590351381831563,-0.1316587552925033,0.25240242011998615,-0.551731535841212,0.16679116654620352,-0.1108610450566716,0.22055870502771854,-0.551731535841212,0.23782894504443225,-0.12663832961383292,25,0,0,0.0,0.0,7.25,4.6,4.0,-0.5999999999999996,3.0,1,1,1,1.0,0.0,0,0,0,0,0,1,0,0,0,0,0,0,1,0,0,1,0,0,0,0,1,0,0,0,-0.0
2019-07-26,1.5536995738540669,2.1462121232051943,-0.5861913044776841,False,True,False,False,63.1572,70.294,7.18,92.6,-0.678369865455045,1.711702920347701,2.3832171429456452,-0.551731535841212,1.3430284451958885,1.8960401579236073,-0.22417461611323575,1.4483640095249777,1.6853690292654286,0.011637349576610575,1.6722020837242924,1.6590351381831563,-0.2523960455783959,0.2857796701904943,-0.678369865455045,0.011637349576610575,-0.13870633594846501,0.26487192155419986,-0.678369865455045,0.23782894504443225,0.09217856097736088,26,0,0,0.0,0.0,7.25,4.6,4.0,-0.5999999999999996,3.0,1,0,1,0.0,0.0,0,0,0,0,0,1,0,0,0,0,0,0,1,0,0,1,0,0,0,0,0,1,0,0,-0.0
2019-07-27,1.5536995738540669,2.1462121232051943,-0.5861913044776841,False,False,False,False,63.1271,70.311,7.18,92.6,-0.5861913044776841,1.5536995738540669,2.1462121232051943,-0.678369865455045,1.711702920347701,2.3832171429456452,-0.551731535841212,1.3430284451958885,1.8960401579236073,-0.3474083503691106,1.5273656827717947,1.882873212382471,-0.3378001390147237,0.2830396751464132,-0.678369865455045,0.011637349576610575,-0.16474873218032487,0.2903472287925766,-0.678369865455045,0.23782894504443225,0.0,27,0,0,0.0,0.0,7.25,4.6,4.0,-0.5999999999999996,3.0,1,0,0,0.0,0.0,0,0,0,0,0,1,0,0,0,0,0,0,1,0,0,1,0,0,0,0,0,0,1,0,-0.5861913044776841
2019-07-28,1.5536995738540669,2.1462121232051943,-0.5861913044776841,False,False,False,False,63.1271,70.311,7.18,92.6,-0.5861913044776841,1.5536995738540669,2.1462121232051943,-0.5861913044776841,1.5536995738540669,2.1462121232051943,-0.678369865455045,1.711702920347701,2.3832171429456452,-0.22417461611323575,1.4483640095249777,1.6853690292654286,-0.42320423245105154,0.24806025634214532,-0.678369865455045,0.011637349576610575,-0.19079112841218476,0.3114243719715348,-0.678369865455045,0.23782894504443225,0.0,28,0,0,0.0,0.0,7.25,4.6,4.0,-0.5999999999999996,3.0,1,0,0,0.0,0.0,0,0,0,0,0,1,0,0,0,0,0,0,1,0,0,1,0,0,0,0,0,0,0,1,-0.5861913044776841
2019-07-29,1.8433723757590625,3.0547313655435895,-1.2160729093539955,False,True,False,False,63.1271,70.311,7.15,75.6,-0.5861913044776841,1.5536995738540669,2.1462121232051943,-0.5861913044776841,1.5536995738540669,2.1462121232051943,-0.5861913044776841,1.5536995738540669,2.1462121232051943,-0.551731535841212,1.3430284451958885,1.8960401579236073,-0.5086083258873794,0.16105067246931598,-0.678369865455045,-0.22417461611323575,-0.21683352464404462,0.32894986456726555,-0.678369865455045,0.23782894504443225,-0.6298816048763114,29,0,0,0.0,0.0,7.25,4.6,4.0,-0.5999999999999996,3.0,1,0,1,1.0,0.0,0,0,0,0,0,1,0,0,0,0,0,0,1,0,0,1,0,0,0,0,0,0,0,0,-0.0
2019-07-30,1.6590351381831563,2.2647146330754198,-0.600156362763761,False,True,False,False,63.521,70.6417,7.25,88.15,-1.2160729093539955,1.8433723757590625,3.0547313655435895,-0.5861913044776841,1.5536995738540669,2.1462121232051943,-0.5861913044776841,1.5536995738540669,2.1462121232051943,-0.678369865455045,1.711702920347701,2.3832171429456452,-0.6327032628852199,0.2950558550653108,-1.2160729093539955,-0.22417461611323575,-0.3206836571010752,0.39686053165759994,-1.2160729093539955,0.16679116654620352,0.6159165465902344,30,0,0,0.0,0.0,7.25,4.6,4.0,-0.5999999999999996,3.0,1,0,1,1.0,0.0,0,0,0,0,0,1,0,0,0,0,0,0,1,0,0,1,0,0,1,0,0,0,0,0,-0.0
2019-07-31,1.64586819264202,2.0672104499583774,-0.4186852475636806,False,True,False,True,63.3791,70.598,7.3,52.9,-0.600156362763761,1.6590351381831563,2.2647146330754198,-1.2160729093539955,1.8433723757590625,3.0547313655435895,-0.5861913044776841,1.5536995738540669,2.1462121232051943,-0.5861913044776841,1.5536995738540669,2.1462121232051943,-0.6864149409781523,0.2367547185658562,-1.2160729093539955,-0.551731535841212,-0.3615055648085893,0.39389268367631647,-1.2160729093539955,0.16679116654620352,0.18147111520008047,31,0,1,0.0,0.0,7.25,4.6,4.0,-0.5999999999999996,3.0,1,0,1,0.0,0.0,0,0,0,0,0,1,0,0,0,0,0,0,1,0,0,1,0,0,0,1,0,0,0,0,-0.0
2019-08-01,1.64586819264202,1.8302054302179263,-0.1847795069156226,False,True,True,False,63.4172,70.7355,7.28,69.9,-0.4186852475636806,1.64586819264202,2.0672104499583774,-0.600156362763761,1.6590351381831563,2.2647146330754198,-1.2160729093539955,1.8433723757590625,3.0547313655435895,-0.5861913044776841,1.5536995738540669,2.1462121232051943,-0.6674083283670763,0.25407596975284114,-1.2160729093539955,-0.4186852475636806,-0.3995335418297898,0.3694243024577548,-1.2160729093539955,0.16679116654620352,0.233905740648058,1,1,0,0.0,1.0,7.25,4.3,4.0,-0.2999999999999998,2.75,0,0,0,0.0,0.0,0,0,0,0,0,0,1,0,0,0,0,0,1,0,0,1,0,0,0,0,1,0,0,0,-0.0
2019-08-02,1.316432742568476,1.9092071034647433,-0.5935716475733787,False,True,False,False,63.834,70.4727,7.18,61.0,-0.1847795069156226,1.64586819264202,1.8302054302179263,-0.4186852475636806,1.64586819264202,2.0672104499583774,-0.600156362763761,1.6590351381831563,2.2647146330754198,-0.5861913044776841,1.5536995738540669,2.1462121232051943,-0.5968954200043017,0.31233889786441055,-1.2160729093539955,-0.1847795069156226,-0.4246457327913489,0.3386322044421428,-1.2160729093539955,0.011637349576610575,-0.40879214065775604,2,0,0,1.0,0.0,7.25,4.3,4.0,-0.2999999999999998,2.75,0,0,0,0.0,0.0,0,0,0,0,0,0,1,0,0,0,0,0,1,0,0,1,0,0,0,0,0,1,0,0,-0.0
2019-08-03,1.316432742568476,1.9092071034647433,-0.5935716475733787,False,False,False,False,64.6423,71.7077,7.18,61.0,-0.5935716475733787,1.316432742568476,1.9092071034647433,-0.1847795069156226,1.64586819264202,1.8302054302179263,-0.4186852475636806,1.64586819264202,2.0672104499583774,-1.2160729093539955,1.8433723757590625,3.0547313655435895,-0.597949754732258,0.31230919794781997,-1.2160729093539955,-0.1847795069156226,-0.46787494687349085,0.31656368127509393,-1.2160729093539955,0.011637349576610575,0.0,3,0,0,0.0,0.0,7.25,4.3,4.0,-0.2999999999999998,2.75,0,0,0,0.0,0.0,0,0,0,0,0,0,1,0,0,0,0,0,1,0,0,1,0,0,0,0,0,0,1,0,-0.5935716475733787
2019-08-04,1.316432742568476,1.9092071034647433,-0.5935716475733787,False,False,False,False,64.6423,71.7077,7.18,61.0,-0.5935716475733787,1.316432742568476,1.9092071034647433,-0.5935716475733787,1.316432742568476,1.9092071034647433,-0.1847795069156226,1.64586819264202,1.8302054302179263,-0.600156362763761,1.6590351381831563,2.2647146330754198,-0.5990040894602144,0.3122753421941228,-1.2160729093539955,-0.1847795069156226,-0.5111041609556329,0.2858816652378907,-1.2160729093539955,0.011637349576610575,0.0,4,0,0,0.0,0.0,7.25,4.3,4.0,-0.2999999999999998,2.75,0,0,0,0.0,0.0,0,0,0,0,0,0,1,0,0,0,0,0,1,0,0,1,0,0,0,0,0,0,0,1,-0.5935716475733787
2019-08-05,2.699223835932913,2.1462121232051943,0.5499987842680562,False,True,False,False,64.6423,71.7077,7.04,101.05,-0.5935716475733787,1.316432742568476,1.9092071034647433,-0.5935716475733787,1.316432742568476,1.9092071034647433,-0.5935716475733787,1.316432742568476,1.9092071034647433,-0.4186852475636806,1.64586819264202,2.0672104499583774,-0.6000584241881708,0.31223732925147235,-1.2160729093539955,-0.1847795069156226,-0.554333375037775,0.24334965900036856,-1.2160729093539955,-0.1847795069156226,1.1435704318414348,5,0,0,0.0,0.0,7.25,4.3,4.0,-0.2999999999999998,2.75,0,0,0,0.0,1.0,0,0,0,0,0,0,1,0,0,0,0,0,1,0,0,1,0,0,0,0,0,0,0,0,0.0
2019-08-06,1.7380368114299731,1.9355409945470157,-0.20287239083126257,False,True,False,False,65.0546,72.3732,7.04,51.0,0.5499987842680562,2.699223835932913,2.1462121232051943,-0.5935716475733787,1.316432742568476,1.9092071034647433,-0.5935716475733787,1.316432742568476,1.9092071034647433,-0.1847795069156226,1.64586819264202,1.8302054302179263,-0.34776246795644916,0.4247622646336838,-0.600156362763761,0.5499987842680562,-0.4902328654208346,0.3811980136098838,-1.2160729093539955,0.5499987842680562,-0.7528711750993187,6,0,0,0.0,0.0,7.25,4.3,4.0,-0.2999999999999998,2.75,0,0,0,0.0,0.0,0,0,0,0,0,0,1,0,0,0,0,0,1,0,0,1,0,0,1,0,0,0,0,0,-0.0
2019-08-07,1.6985359748065647,1.8302054302179263,-0.12294025650954826,False,True,False,False,65.203,73.073,7.1,58.59,-0.20287239083126257,1.7380368114299731,1.9355409945470157,0.5499987842680562,2.699223835932913,2.1462121232051943,-0.5935716475733787,1.316432742568476,1.9092071034647433,-0.5935716475733787,1.316432742568476,1.9092071034647433,-0.29100761482323506,0.41176055978657916,-0.5935716475733787,0.5499987842680562,-0.48871127790069363,0.382382377055416,-1.2160729093539955,0.5499987842680562,0.07993213432171431,7,0,0,0.0,0.0,7.25,4.3,4.0,-0.2999999999999998,2.75,0,0,0,0.0,0.0,0,0,0,0,0,0,1,0,0,0,0,0,1,0,0,1,0,0,0,1,0,0,0,0,-0.0
2019-08-08,1.9487079400881517,2.3963840884867813,-0.4428279058128807,False,True,False,False,65.0932,72.8914,7.08,50.7,-0.12294025650954826,1.6985359748065647,1.8302054302179263,-0.20287239083126257,1.7380368114299731,1.9355409945470157,0.5499987842680562,2.699223835932913,2.1462121232051943,-0.5935716475733787,1.316432742568476,1.9092071034647433,-0.2487583303869305,0.41164924315797885,-0.5935716475733787,0.5499987842680562,-0.45808332937700336,0.3939441154842816,-1.2160729093539955,0.5499987842680562,-0.3198876493033324,8,0,0,0.0,0.0,7.25,4.3,4.0,-0.2999999999999998,2.75,0,0,0,0.0,0.0,0,0,0,0,0,0,1,0,0,0,0,0,1,0,0,1,0,0,0,0,1,0,0,0,-0.0
2019-08-09,1.975041831170424,2.3173824152399645,-0.3470590755843421,False,True,False,False,65.1299,73.0432,7.06,49.5,-0.4428279058128807,1.9487079400881517,2.3963840884867813,-0.12294025650954826,1.6985359748065647,1.8302054302179263,-0.20287239083126257,1.7380368114299731,1.9355409945470157,-0.5935716475733787,1.316432742568476,1.9092071034647433,-0.28562238737225304,0.4164908153702266,-0.5935716475733787,0.5499987842680562,-0.44125890368827736,0.38880875973387174,-1.2160729093539955,0.5499987842680562,0.09576883022853855,9,0,0,0.0,0.0,7.25,4.3,4.0,-0.2999999999999998,2.75,0,0,0,0.0,0.0,0,0,0,0,0,0,1,0,0,0,0,0,1,0,0,1,0,0,0,0,0,1,0,0,-0.0
2019-08-10,1.975041831170424,2.3173824152399645,-0.3470590755843421,False,False,False,False,65.2543,73.0196,7.06,49.5,-0.3470590755843421,1.975041831170424,2.3173824152399645,-0.4428279058128807,1.9487079400881517,2.3963840884867813,-0.12294025650954826,1.6985359748065647,1.8302054302179263,0.5499987842680562,2.699223835932913,2.1462121232051943,-0.25040630565953353,0.3960320081020824,-0.5935716475733787,0.5499987842680562,-0.42417803019589584,0.38720128842580476,-1.2160729093539955,0.5499987842680562,0.0,10,0,0,0.0,0.0,7.25,4.3,4.0,-0.2999999999999998,2.75,0,0,0,0.0,0.0,0,0,0,0,0,0,1,0,0,0,0,0,1,0,0,1,0,0,0,0,0,0,1,0,-0.3470590755843421
2019-08-11,1.975041831170424,2.3173824152399645,-0.3470590755843421,False,False,False,False,65.2543,73.0196,7.06,49.5,-0.3470590755843421,1.975041831170424,2.3173824152399645,-0.3470590755843421,1.975041831170424,2.3173824152399645,-0.4428279058128807,1.9487079400881517,2.3963840884867813,-0.20287239083126257,1.7380368114299731,1.9355409945470157,-0.21519022394681403,0.3705730264993033,-0.5935716475733787,0.5499987842680562,-0.40709715670351415,0.3847713942298962,-1.2160729093539955,0.5499987842680562,0.0,11,0,0,0.0,0.0,7.25,4.3,4.0,-0.2999999999999998,2.75,0,0,0,0.0,0.0,0,0,0,0,0,0,1,0,0,0,0,0,1,0,0,1,0,0,0,0,0,0,0,1,-0.3470590755843421
2019-08-12,1.8960401579236073,1.882873212382471,0.0054557555883412425,False,True,False,False,65.2543,73.0196,7.04,52.25,-0.3470590755843421,1.975041831170424,2.3173824152399645,-0.3470590755843421,1.975041831170424,2.3173824152399645,-0.3470590755843421,1.975041831170424,2.3173824152399645,-0.12294025650954826,1.6985359748065647,1.8302054302179263,-0.17997414223409455,0.3389891574522888,-0.4428279058128807,0.5499987842680562,-0.39001628321113263,0.3815033627936148,-1.2160729093539955,0.5499987842680562,0.35251483117268334,12,0,0,0.0,0.0,7.25,4.3,4.0,-0.2999999999999998,2.75,0,0,0,0.0,0.0,0,0,0,0,0,0,1,0,0,0,0,0,1,0,0,1,0,0,0,0,0,0,0,0,0.0
2019-08-13,1.6853690292654286,1.7907045935945178,-0.111197599968531,False,True,False,False,65.4287,73.1231,7.01,48.65,0.0054557555883412425,1.8960401579236073,1.882873212382471,-0.3470590755843421,1.975041831170424,2.3173824152399645,-0.3470590755843421,1.975041831170424,2.3173824152399645,-0.4428279058128807,1.9487079400881517,2.3963840884867813,-0.2577660034740538,0.15739793045831407,-0.4428279058128807,0.0054557555883412425,-0.3027642357152515,0.31126668166398697,-0.600156362763761,0.5499987842680562,-0.11665335555687224,13,0,0,0.0,0.0,7.25,4.3,4.0,-0.2999999999999998,2.75,0,0,0,0.0,0.0,0,0,0,0,0,0,1,0,0,0,0,0,1,0,0,1,0,0,1,0,0,0,0,0,-0.0
2019-08-14,1.4351970639838416,1.5273656827717947,-0.09193767148484779,False,True,False,False,65.6017,73.4149,7.02,44.95,-0.111197599968531,1.6853690292654286,1.7907045935945178,0.0054557555883412425,1.8960401579236073,1.882873212382471,-0.3470590755843421,1.975041831170424,2.3173824152399645,-0.3470590755843421,1.975041831170424,2.3173824152399645,-0.24466960477937788,0.16628942122153226,-0.4428279058128807,0.0054557555883412425,-0.26783860980130647,0.3026433316307873,-0.5935716475733787,0.5499987842680562,0.019259928483683214,14,0,0,0.0,0.0,7.25,4.3,4.0,-0.2999999999999998,2.75,0,0,0,0.0,0.0,0,0,0,0,0,0,1,0,0,0,0,0,1,0,0,1,0,0,0,1,0,0,0,0,-0.0
2019-08-15,1.64586819264202,1.7907045935945178,-0.1446847628761532,False,True,False,False,65.2032,72.9037,7.0,60.1,-0.09193767148484779,1.4351970639838416,1.5273656827717947,-0.111197599968531,1.6853690292654286,1.7907045935945178,0.0054557555883412425,1.8960401579236073,1.882873212382471,-0.3470590755843421,1.975041831170424,2.3173824152399645,-0.24024066406156352,0.1704331395140369,-0.4428279058128807,0.0054557555883412425,-0.244499497224247,0.30271454615015014,-0.5935716475733787,0.5499987842680562,-0.052747091391305415,15,0,0,0.0,0.0,7.25,4.3,4.0,-0.2999999999999998,2.75,0,0,0,0.0,0.0,0,0,0,0,0,0,1,0,0,0,0,0,1,0,0,1,0,0,0,0,1,0,0,0,-0.0
2019-08-16,1.5536995738540669,1.5932004104774755,-0.03802132134560304,False,True,False,False,65.8907,73.455,7.05,49.25,-0.1446847628761532,1.64586819264202,1.7907045935945178,-0.09193767148484779,1.4351970639838416,1.5273656827717947,-0.111197599968531,1.6853690292654286,1.7907045935945178,-0.3470590755843421,1.975041831170424,2.3173824152399645,-0.1976487864991739,0.1470122408500898,-0.3470590755843421,0.0054557555883412425,-0.24163558693571346,0.3035116180848304,-0.5935716475733787,0.5499987842680562,0.10666344153055016,16,0,0,0.0,0.0,7.25,4.3,4.0,-0.2999999999999998,2.75,0,0,0,0.0,0.0,0,0,0,0,0,0,1,0,0,0,0,0,1,0,0,1,0,0,0,0,0,1,0,0,-0.0
2019-08-17,1.5536995738540669,1.5932004104774755,-0.03802132134560304,False,False,False,False,65.9961,73.2227,7.05,49.25,-0.03802132134560304,1.5536995738540669,1.5932004104774755,-0.1446847628761532,1.64586819264202,1.7907045935945178,-0.09193767148484779,1.4351970639838416,1.5273656827717947,0.0054557555883412425,1.8960401579236073,1.882873212382471,-0.15350053589363974,0.14094302080671117,-0.3470590755843421,0.0054557555883412425,-0.20195342077658665,0.28997417233551215,-0.5935716475733787,0.5499987842680562,0.0,17,0,0,0.0,0.0,7.25,4.3,4.0,-0.2999999999999998,2.75,0,0,0,0.0,0.0,0,0,0,0,0,0,1,0,0,0,0,0,1,0,0,1,0,0,0,0,0,0,1,0,-0.03802132134560304
2019-08-18,1.5536995738540669,1.5932004104774755,-0.03802132134560304,False,False,False,False,65.9961,73.2227,7.05,49.25,-0.03802132134560304,1.5536995738540669,1.5932004104774755,-0.03802132134560304,1.5536995738540669,1.5932004104774755,-0.1446847628761532,1.64586819264202,1.7907045935945178,-0.111197599968531,1.6853690292654286,1.7907045935945178,-0.10935228528810557,0.1164879644494491,-0.3470590755843421,0.0054557555883412425,-0.16227125461745978,0.26955358042952704,-0.5935716475733787,0.5499987842680562,0.0,18,0,0,0.0,0.0,7.25,4.3,4.0,-0.2999999999999998,2.75,0,0,0,0.0,0.0,0,0,0,0,0,0,1,0,0,0,0,0,1,0,0,1,0,0,0,0,0,0,0,1,-0.03802132134560304
2019-08-19,1.5405326283129308,1.6853690292654286,-0.1408106359519011,False,True,False,False,65.9961,73.2227,7.08,63.75,-0.03802132134560304,1.5536995738540669,1.5932004104774755,-0.03802132134560304,1.5536995738540669,1.5932004104774755,-0.03802132134560304,1.5536995738540669,1.5932004104774755,-0.09193767148484779,1.4351970639838416,1.5273656827717947,-0.06520403468257141,0.05221236637167589,-0.1446847628761532,0.0054557555883412425,-0.12258908845833297,0.24050288691533098,-0.4428279058128807,0.5499987842680562,-0.10278931460629806,19,0,0,0.0,0.0,7.25,4.3,4.0,-0.2999999999999998,2.75,0,0,0,0.0,0.0,0,0,0,0,0,0,1,0,0,0,0,0,1,0,0,1,0,0,0,0,0,0,0,0,-0.0
2019-08-20,1.5405326283129308,1.5141987372306585,0.03276825464639035,False,True,False,False,66.6082,73.9484,7.05,69.25,-0.1408106359519011,1.5405326283129308,1.6853690292654286,-0.03802132134560304,1.5536995738540669,1.5932004104774755,-0.03802132134560304,1.5536995738540669,1.5932004104774755,-0.1446847628761532,1.64586819264202,1.7907045935945178,-0.0860992334740346,0.048346103047725075,-0.1446847628761532,-0.03802132134560304,-0.1719326184740442,0.1429932502125677,-0.4428279058128807,0.0054557555883412425,0.17357889059829146,20,0,0,0.0,0.0,7.25,4.3,4.0,-0.2999999999999998,2.75,0,0,0,0.0,0.0,0,0,0,0,0,0,1,0,0,0,0,0,1,0,0,1,0,0,1,0,0,0,0,0,0.0
2019-08-21,1.3693623362781608,1.1882656976336194,0.18707163252225945,False,True,False,False,66.784,73.9766,6.98,70.85,0.03276825464639035,1.5405326283129308,1.5141987372306585,-0.1408106359519011,1.5405326283129308,1.6853690292654286,-0.03802132134560304,1.5536995738540669,1.5932004104774755,-0.03802132134560304,1.5536995738540669,1.5932004104774755,-0.06553268281476013,0.06398273825628173,-0.1446847628761532,0.03276825464639035,-0.15510114379706902,0.1526158836546915,-0.4428279058128807,0.03276825464639035,0.1543033778758691,21,0,0,0.0,0.0,7.25,4.3,4.0,-0.2999999999999998,2.75,0,0,0,0.0,0.0,0,0,0,0,0,0,1,0,0,0,0,0,1,0,0,1,0,0,0,1,0,0,0,0,0.0
2019-08-22,2.1067112865817856,1.724869865888837,0.37714523416823065,False,True,False,False,66.263,73.4989,6.98,65.1,0.18707163252225945,1.3693623362781608,1.1882656976336194,0.03276825464639035,1.5405326283129308,1.5141987372306585,-0.1408106359519011,1.5405326283129308,1.6853690292654286,-0.03802132134560304,1.5536995738540669,1.5932004104774755,-0.0256742108137448,0.1129554314298769,-0.1446847628761532,0.18707163252225945,-0.13295743743765415,0.17801771243170827,-0.4428279058128807,0.18707163252225945,0.1900736016459712,22,0,0,0.0,0.0,7.25,4.3,4.0,-0.2999999999999998,2.75,0,0,0,0.0,1.0,0,0,0,0,0,0,1,0,0,0,0,0,1,0,0,1,0,0,0,0,1,0,0,0,0.0
2019-08-23,1.7380368114299731,1.5800334649363392,0.15689341556641803,False,True,False,False,65.6196,72.8312,7.0,99.25,0.37714523416823065,2.1067112865817856,1.724869865888837,0.18707163252225945,1.3693623362781608,1.1882656976336194,0.03276825464639035,1.5405326283129308,1.5141987372306585,-0.03802132134560304,1.5536995738540669,1.5932004104774755,0.048872931621167175,0.17595105170376568,-0.1408106359519011,0.37714523416823065,-0.07438792743900335,0.20155808107381634,-0.3470590755843421,0.37714523416823065,-0.22025181860181262,23,0,0,0.0,0.0,7.25,4.3,4.0,-0.2999999999999998,2.75,0,0,0,0.0,0.0,0,0,0,0,0,0,1,0,0,0,0,0,1,0,0,1,0,0,0,0,0,1,0,0,0.0
2019-08-24,1.7380368114299731,1.5800334649363392,0.15689341556641803,False,False,False,False,65.6046,72.6243,7.0,99.25,0.15689341556641803,1.7380368114299731,1.5800334649363392,0.37714523416823065,2.1067112865817856,1.724869865888837,0.18707163252225945,1.3693623362781608,1.1882656976336194,-0.1408106359519011,1.5405326283129308,1.6853690292654286,0.07671789403717019,0.17532971596558677,-0.1408106359519011,0.37714523416823065,-0.038391320928234766,0.19397353222847522,-0.3470590755843421,0.37714523416823065,0.0,24,0,0,0.0,0.0,7.25,4.3,4.0,-0.2999999999999998,2.75,0,0,0,0.0,0.0,0,0,0,0,0,0,1,0,0,0,0,0,1,0,0,1,0,0,0,0,0,0,1,0,0.15689341556641803
2019-08-25,1.7380368114299731,1.5800334649363392,0.15689341556641803,False,False,False,False,65.6046,72.6243,7.0,99.25,0.15689341556641803,1.7380368114299731,1.5800334649363392,0.15689341556641803,1.7380368114299731,1.5800334649363392,0.37714523416823065,2.1067112865817856,1.724869865888837,0.03276825464639035,1.5405326283129308,1.5141987372306585,0.1045628564531732,0.16944944623969313,-0.1408106359519011,0.37714523416823065,-0.002394714417466185,0.17842349614303657,-0.3470590755843421,0.37714523416823065,0.0,25,0,0,0.0,0.0,7.25,4.3,4.0,-0.2999999999999998,2.75,1,0,0,0.0,0.0,0,0,0,0,0,0,1,0,0,0,0,0,1,0,0,1,0,0,0,0,0,0,0,1,0.15689341556641803
2019-08-26,1.6722020837242924,2.0803773954995135,-0.4166632439120306,False,True,False,False,65.6046,72.6243,7.41,61.02,0.15689341556641803,1.7380368114299731,1.5800334649363392,0.15689341556641803,1.7380368114299731,1.5800334649363392,0.15689341556641803,1.7380368114299731,1.5800334649363392,0.18707163252225945,1.3693623362781608,1.1882656976336194,0.1324078188691762,0.15772314093612638,-0.1408106359519011,0.37714523416823065,0.033601892093302395,0.1524903221791395,-0.1446847628761532,0.37714523416823065,-0.5735566594784486,26,0,0,0.0,0.0,7.25,4.3,4.0,-0.2999999999999998,2.75,1,1,1,0.0,0.0,0,0,0,0,0,0,1,0,0,0,0,0,1,0,0,1,0,0,0,0,0,0,0,0,-0.0
2019-08-27,1.5932004104774755,1.4483640095249777,0.1419795449989338,False,True,False,False,65.9735,73.3955,7.17,61.47,-0.4166632439120306,1.6722020837242924,2.0803773954995135,0.15689341556641803,1.7380368114299731,1.5800334649363392,0.15689341556641803,1.7380368114299731,1.5800334649363392,0.37714523416823065,2.1067112865817856,1.724869865888837,0.09300030344630057,0.24671832020436482,-0.4166632439120306,0.37714523416823065,0.003450534986132982,0.1944443574084804,-0.4166632439120306,0.37714523416823065,0.5586427889109644,27,0,0,0.0,0.0,7.25,4.3,4.0,-0.2999999999999998,2.75,1,0,1,0.0,0.0,0,0,0,0,0,0,1,0,0,0,0,0,1,0,0,1,0,0,1,0,0,0,0,0,0.0
2019-08-28,1.47469790060725,1.395696227360433,0.07436859905214452,False,True,False,False,66.2608,73.6091,7.11,56.3,0.1419795449989338,1.5932004104774755,1.4483640095249777,-0.4166632439120306,1.6722020837242924,2.0803773954995135,0.15689341556641803,1.7380368114299731,1.5800334649363392,0.15689341556641803,1.7380368114299731,1.5800334649363392,0.10860191635380678,0.24572571811880267,-0.4166632439120306,0.37714523416823065,0.021534616769523323,0.194734438745382,-0.4166632439120306,0.37714523416823065,-0.06761094594678929,28,0,0,0.0,0.0,7.25,4.3,4.0,-0.2999999999999998,2.75,1,0,1,0.0,0.0,0,0,0,0,0,0,1,0,0,0,0,0,1,0,0,1,0,0,0,1,0,0,0,0,0.0
2019-08-29,1.632701247100884,1.395696227360433,0.23047407877700077,False,True,False,False,66.4127,73.6583,7.04,57.7,0.07436859905214452,1.47469790060725,1.395696227360433,0.1419795449989338,1.5932004104774755,1.4483640095249777,-0.4166632439120306,1.6722020837242924,2.0803773954995135,0.15689341556641803,1.7380368114299731,1.5800334649363392,0.09250148300093322,0.24340865064361558,-0.4166632439120306,0.37714523416823065,0.0334136360935942,0.19233773087101846,-0.4166632439120306,0.37714523416823065,0.15610547972485625,29,0,0,0.0,0.0,7.25,4.3,4.0,-0.2999999999999998,2.75,1,0,1,0.0,1.0,0,0,0,0,0,0,1,0,0,0,0,0,1,0,0,1,0,0,0,0,1,0,0,0,0.0
2019-08-30,1.7643707025122455,1.6063673560186116,0.15165345254557316,False,True,False,True,66.7471,73.9558,7.13,62.95,0.23047407877700077,1.632701247100884,1.395696227360433,0.07436859905214452,1.47469790060725,1.395696227360433,0.1419795449989338,1.5932004104774755,1.4483640095249777,0.15689341556641803,1.7380368114299731,1.5800334649363392,0.07154846080218609,0.22001052830135268,-0.4166632439120306,0.23047407877700077,0.06021069621167663,0.19174904666042084,-0.4166632439120306,0.37714523416823065,-0.0788206262314276,30,0,0,0.0,0.0,7.25,4.3,4.0,-0.2999999999999998,2.75,1,0,1,0.0,0.0,0,0,0,0,0,0,1,0,0,0,0,0,1,0,0,1,0,0,0,0,0,1,0,0,0.0
2019-08-31,1.7643707025122455,1.6063673560186116,0.15165345254557316,False,False,False,False,66.4897,73.3847,7.13,62.95,0.15165345254557316,1.7643707025122455,1.6063673560186116,0.23047407877700077,1.632701247100884,1.395696227360433,0.07436859905214452,1.47469790060725,1.395696227360433,-0.4166632439120306,1.6722020837242924,2.0803773954995135,0.0707998946563511,0.21968041989832196,-0.4166632439120306,0.23047407877700077,0.07375889434676064,0.1909737309023668,-0.4166632439120306,0.37714523416823065,0.0,31,0,1,0.0,0.0,7.25,4.3,4.0,-0.2999999999999998,2.75,1,0,0,0.0,0.0,0,0,0,0,0,0,1,0,0,0,0,0,1,0,0,1,0,0,0,0,0,0,1,0,0.15165345254557316
2019-09-01,1.7643707025122455,1.6063673560186116,0.15165345254557316,False,False,False,False,66.4897,73.3847,7.13,62.95,0.15165345254557316,1.7643707025122455,1.6063673560186116,0.15165345254557316,1.7643707025122455,1.6063673560186116,0.23047407877700077,1.632701247100884,1.395696227360433,0.1419795449989338,1.5932004104774755,1.4483640095249777,0.07005132851051613,0.21934683431419336,-0.4166632439120306,0.23047407877700077,0.08730709248184466,0.18915308224391586,-0.4166632439120306,0.37714523416823065,0.0,1,1,0,0.0,1.0,7.0,4.0,4.0,0.0,2.5,0,0,0,0.0,0.0,0,0,0,0,0,0,0,1,0,0,0,0,1,0,0,1,0,0,0,0,0,0,0,1,0.15165345254557316
2019-09-02,1.4351970639838416,1.632701247100884,-0.19644715247391542,False,True,True,False,66.4897,73.3847,7.1,65.6,0.15165345254557316,1.7643707025122455,1.6063673560186116,0.15165345254557316,1.7643707025122455,1.6063673560186116,0.15165345254557316,1.7643707025122455,1.6063673560186116,0.07436859905214452,1.47469790060725,1.395696227360433,0.06930276236468114,0.21900975566012057,-0.4166632439120306,0.23047407877700077,0.10085529061692866,0.18625644895678703,-0.4166632439120306,0.37714523416823065,-0.3481006050194886,2,0,0,1.0,0.0,7.0,4.0,4.0,0.0,2.5,0,0,0,0.0,0.0,0,0,0,0,0,0,0,1,0,0,0,0,1,0,0,1,0,0,0,0,0,0,0,0,-0.0
2019-09-03,1.724869865888837,1.382529281819297,0.3380426929073411,False,True,False,False,66.6235,73.1726,7.13,53.3,-0.19644715247391542,1.4351970639838416,1.632701247100884,0.15165345254557316,1.7643707025122455,1.6063673560186116,0.15165345254557316,1.7643707025122455,1.6063673560186116,0.23047407877700077,1.632701247100884,1.395696227360433,0.10076220399869759,0.13863851145488024,-0.19644715247391542,0.23047407877700077,0.09688125372249909,0.19230469876014197,-0.4166632439120306,0.37714523416823065,0.5344898453812565,3,0,0,0.0,0.0,7.0,4.0,4.0,0.0,2.5,0,0,0,0.0,1.0,0,0,0,0,0,0,0,1,0,0,0,0,1,0,0,1,0,0,1,0,0,0,0,0,0.0
2019-09-04,1.4088631729015693,1.2630144621649606,0.1433304589829779,False,True,False,False,66.9072,73.2032,6.99,83.5,0.3380426929073411,1.724869865888837,1.382529281819297,-0.19644715247391542,1.4351970639838416,1.632701247100884,0.15165345254557316,1.7643707025122455,1.6063673560186116,0.15165345254557316,1.7643707025122455,1.6063673560186116,0.12877122512847006,0.1655472971266361,-0.19644715247391542,0.3380426929073411,0.11868657074113842,0.2015604548255322,-0.4166632439120306,0.37714523416823065,-0.19471223392436324,4,0,0,0.0,0.0,7.0,4.0,4.0,0.0,2.5,0,0,0,0.0,0.0,0,0,0,0,0,0,0,1,0,0,0,0,1,0,0,1,0,0,0,1,0,0,0,0,0.0
2019-09-05,2.77822550917973,1.3693623362781608,1.4088631729015693,False,True,False,False,66.5002,73.0638,6.83,58.55,0.1433304589829779,1.4088631729015693,1.2630144621649606,0.3380426929073411,1.724869865888837,1.382529281819297,-0.19644715247391542,1.4351970639838416,1.632701247100884,0.15165345254557316,1.7643707025122455,1.6063673560186116,0.1386229194043034,0.16381309467464572,-0.19644715247391542,0.3380426929073411,0.11556220120261831,0.20075629337886342,-0.4166632439120306,0.37714523416823065,1.2655327139185915,5,0,0,0.0,0.0,7.0,4.0,4.0,0.0,2.5,0,0,0,0.0,1.0,0,0,0,0,0,0,0,1,0,0,0,0,1,0,0,1,0,0,0,0,1,0,0,0,0.0
2019-09-06,1.3430284451958885,1.4483640095249777,-0.10856091605602018,False,True,False,False,66.0528,72.8761,6.91,47.75,1.4088631729015693,2.77822550917973,1.3693623362781608,0.1433304589829779,1.4088631729015693,1.2630144621649606,0.3380426929073411,1.724869865888837,1.382529281819297,0.15165345254557316,1.7643707025122455,1.6063673560186116,0.30696421856495604,0.5111605251820477,-0.19644715247391542,1.4088631729015693,0.18925633968357108,0.3973092495310004,-0.4166632439120306,1.4088631729015693,-1.5174240889575894,6,0,0,0.0,0.0,7.0,4.0,4.0,0.0,2.5,0,0,0,0.0,0.0,0,0,0,0,0,0,0,1,0,0,0,0,1,0,0,1,0,0,0,0,0,1,0,0,-0.0
2019-09-07,1.3430284451958885,1.4483640095249777,-0.10856091605602018,False,False,False,False,65.9981,72.8883,6.91,47.75,-0.10856091605602018,1.3430284451958885,1.4483640095249777,1.4088631729015693,2.77822550917973,1.3693623362781608,0.1433304589829779,1.4088631729015693,1.2630144621649606,-0.19644715247391542,1.4351970639838416,1.632701247100884,0.269790737336157,0.5333193421925083,-0.19644715247391542,1.4088631729015693,0.17029531599625405,0.4052278361999278,-0.4166632439120306,1.4088631729015693,0.0,7,0,0,0.0,0.0,7.0,4.0,4.0,0.0,2.5,0,0,0,0.0,0.0,0,0,0,0,0,0,0,1,0,0,0,0,1,0,0,1,0,0,0,0,0,0,1,0,-0.10856091605602018
2019-09-08,1.3430284451958885,1.4483640095249777,-0.10856091605602018,False,False,False,False,65.9981,72.8883,6.91,47.75,-0.10856091605602018,1.3430284451958885,1.4483640095249777,-0.10856091605602018,1.3430284451958885,1.4483640095249777,1.4088631729015693,2.77822550917973,1.3693623362781608,0.3380426929073411,1.724869865888837,1.382529281819297,0.23261725610735798,0.5516788930407686,-0.19644715247391542,1.4088631729015693,0.15133429230893705,0.4120560726738393,-0.4166632439120306,1.4088631729015693,0.0,8,0,0,0.0,0.0,7.0,4.0,4.0,0.0,2.5,0,0,0,0.0,0.0,0,0,0,0,0,0,0,1,0,0,0,0,1,0,0,1,0,0,0,0,0,0,0,1,-0.10856091605602018
2019-09-09,1.5273656827717947,1.6985359748065647,-0.17689978844987883,False,True,False,False,65.9981,72.8883,6.75,43.05,-0.10856091605602018,1.3430284451958885,1.4483640095249777,-0.10856091605602018,1.3430284451958885,1.4483640095249777,-0.10856091605602018,1.3430284451958885,1.4483640095249777,0.1433304589829779,1.4088631729015693,1.2630144621649606,0.19544377487855888,0.5666086156373733,-0.19644715247391542,1.4088631729015693,0.13237326862162002,0.41784741611170123,-0.4166632439120306,1.4088631729015693,-0.06833887239385865,9,0,0,0.0,0.0,7.0,4.0,4.0,0.0,2.5,0,0,0,0.0,0.0,0,0,0,0,0,0,0,1,0,0,0,0,1,0,0,1,0,0,0,0,0,0,0,0,-0.0
2019-09-10,1.8170384846767902,1.3110356258641334,0.5121451809862034,False,True,False,False,65.5698,72.33,6.71,50.05,-0.17689978844987883,1.5273656827717947,1.6985359748065647,-0.10856091605602018,1.3430284451958885,1.4483640095249777,-0.10856091605602018,1.3430284451958885,1.4483640095249777,1.4088631729015693,2.77822550917973,1.3693623362781608,0.1982362554534213,0.5643991767746792,-0.17689978844987883,1.4088631729015693,0.14949922972605942,0.39805841986095974,-0.19644715247391542,1.4088631729015693,0.6890449694360823,10,0,0,0.0,0.0,7.0,4.0,4.0,0.0,2.5,0,0,0,0.0,1.0,0,0,0,0,0,0,0,1,0,0,0,0,1,0,0,1,0,0,1,0,0,0,0,0,0.0
2019-09-11,1.144439597440434,1.2274901325907042,-0.08305053515027018,False,True,False,False,65.4393,72.3039,6.78,45.85,0.5121451809862034,1.8170384846767902,1.3110356258641334,-0.17689978844987883,1.5273656827717947,1.6985359748065647,-0.10856091605602018,1.3430284451958885,1.4483640095249777,-0.10856091605602018,1.3430284451958885,1.4483640095249777,0.22310803946468732,0.5753174947452755,-0.17689978844987883,1.4088631729015693,0.1759396322965787,0.40964569916362875,-0.19644715247391542,1.4088631729015693,-0.5951957161364736,11,0,0,0.0,0.0,7.0,4.0,4.0,0.0,2.5,0,0,0,0.0,0.0,0,0,0,0,0,0,0,1,0,0,0,0,1,0,0,1,0,0,0,1,0,0,0,0,-0.0
2019-09-12,2.1462121232051943,1.382529281819297,0.7676420667400249,False,True,False,False,65.4321,72.224,6.84,38.65,-0.08305053515027018,1.144439597440434,1.2274901325907042,0.5121451809862034,1.8170384846767902,1.3110356258641334,-0.17689978844987883,1.5273656827717947,1.6985359748065647,-0.10856091605602018,1.3430284451958885,1.4483640095249777,0.19076789744565187,0.5867976277391761,-0.17689978844987883,1.4088631729015693,0.16469540842497765,0.41477648856068494,-0.19644715247391542,1.4088631729015693,0.850692601890295,12,0,0,0.0,0.0,7.0,4.0,4.0,0.0,2.5,0,0,0,0.0,1.0,0,0,0,0,0,0,0,1,0,0,0,0,1,0,0,1,0,0,0,0,1,0,0,0,0.0
2019-09-13,1.64586819264202,1.47469790060725,0.1714829326639645,False,True,False,False,65.1909,71.8273,6.74,77.85,0.7676420667400249,2.1462121232051943,1.382529281819297,-0.08305053515027018,1.144439597440434,1.2274901325907042,0.5121451809862034,1.8170384846767902,1.3110356258641334,-0.10856091605602018,1.3430284451958885,1.4483640095249777,0.09916488227971697,0.37777388649838345,-0.17689978844987883,0.7676420667400249,0.2030645504223365,0.44506880414579025,-0.19644715247391542,1.4088631729015693,-0.5961591340760604,13,0,0,0.0,0.0,7.0,4.0,4.0,0.0,2.5,0,0,0,0.0,0.0,0,0,0,0,0,0,0,1,0,0,0,0,1,0,0,1,0,0,0,0,0,1,0,0,0.0
2019-09-14,1.64586819264202,1.47469790060725,0.1714829326639645,False,False,False,False,64.4711,71.5307,6.74,77.85,0.1714829326639645,1.64586819264202,1.47469790060725,0.7676420667400249,2.1462121232051943,1.382529281819297,-0.08305053515027018,1.144439597440434,1.2274901325907042,-0.17689978844987883,1.5273656827717947,1.6985359748065647,0.13917114638257191,0.36677764400824836,-0.17689978844987883,0.7676420667400249,0.20448094185936447,0.44492413673123327,-0.19644715247391542,1.4088631729015693,0.0,14,0,0,0.0,0.0,7.0,4.0,4.0,0.0,2.5,0,0,0,0.0,0.0,0,0,0,0,0,0,0,1,0,0,0,0,1,0,0,1,0,0,0,0,0,0,1,0,0.1714829326639645
2019-09-15,1.64586819264202,1.47469790060725,0.1714829326639645,False,False,False,False,64.4711,71.5307,6.74,77.85,0.1714829326639645,1.64586819264202,1.47469790060725,0.1714829326639645,1.64586819264202,1.47469790060725,0.7676420667400249,2.1462121232051943,1.382529281819297,0.5121451809862034,1.8170384846767902,1.3110356258641334,0.17917741048542687,0.35014863735890606,-0.17689978844987883,0.7676420667400249,0.20589733329639243,0.4447745648057825,-0.19644715247391542,1.4088631729015693,0.0,15,0,0,0.0,0.0,7.0,4.0,4.0,0.0,2.5,0,0,0,0.0,0.0,0,0,0,0,0,0,0,1,0,0,0,0,1,0,0,1,0,0,0,0,0,0,0,1,0.1714829326639645
2019-09-16,1.4220301184427053,1.7775376480533818,-0.35831451836505845,False,True,False,False,64.4711,71.5307,6.73,54.9,0.1714829326639645,1.64586819264202,1.47469790060725,0.1714829326639645,1.64586819264202,1.47469790060725,0.1714829326639645,1.64586819264202,1.47469790060725,-0.08305053515027018,1.144439597440434,1.2274901325907042,0.21918367458828183,0.32702873515987163,-0.17689978844987883,0.7676420667400249,0.20731372473342038,0.4446200834197483,-0.19644715247391542,1.4088631729015693,-0.529797451029023,16,0,0,0.0,0.0,7.0,4.0,4.0,0.0,2.5,0,0,0,0.0,0.0,0,0,0,0,0,0,0,1,0,0,0,0,1,0,0,1,0,0,0,0,0,0,0,0,-0.0
2019-09-17,1.3561953907370246,1.3298614996547522,0.02121157487784084,False,True,False,False,63.8272,70.6695,6.79,81.65,-0.35831451836505845,1.4220301184427053,1.7775376480533818,0.1714829326639645,1.64586819264202,1.47469790060725,0.1714829326639645,1.64586819264202,1.47469790060725,0.7676420667400249,2.1462121232051943,1.382529281819297,0.19326728460039902,0.36824068216399725,-0.35831451836505845,0.7676420667400249,0.19575177002691016,0.4578353921374035,-0.35831451836505845,1.4088631729015693,0.3795260932428993,17,0,0,0.0,0.0,7.0,4.0,4.0,0.0,2.5,0,0,0,0.0,0.0,0,0,0,0,0,0,0,1,0,0,0,0,1,0,0,1,0,0,1,0,0,0,0,0,0.0
2019-09-18,1.382529281819297,1.4220301184427053,-0.04271667253296207,False,True,False,False,64.1213,70.604,6.74,39.45,0.02121157487784084,1.3561953907370246,1.3298614996547522,-0.35831451836505845,1.4220301184427053,1.7775376480533818,0.1714829326639645,1.64586819264202,1.47469790060725,0.1714829326639645,1.64586819264202,1.47469790060725,0.12313391229920437,0.3432920100720785,-0.35831451836505845,0.7676420667400249,0.17312097588194586,0.45809132739046,-0.35831451836505845,1.4088631729015693,-0.06392824741080291,18,0,0,0.0,0.0,7.0,4.0,4.0,0.0,2.5,0,0,0,0.0,0.0,0,0,0,0,0,0,0,1,0,0,0,0,1,0,0,1,0,0,0,1,0,0,0,0,-0.0
2019-09-19,1.869706266841335,1.3561953907370246,0.5185649104647064,False,True,False,False,64.429,71.2391,6.88,61.9,-0.04271667253296207,1.382529281819297,1.4220301184427053,0.02121157487784084,1.3561953907370246,1.3298614996547522,-0.35831451836505845,1.4220301184427053,1.7775376480533818,0.1714829326639645,1.64586819264202,1.47469790060725,0.12889589267310553,0.33957287197062974,-0.35831451836505845,0.7676420667400249,0.1598318950593787,0.4617063381717235,-0.35831451836505845,1.4088631729015693,0.5612815829976685,19,0,0,0.0,0.0,7.0,4.0,4.0,0.0,2.5,0,0,0,0.0,1.0,0,0,0,0,0,0,0,1,0,0,0,0,1,0,0,1,0,0,0,0,1,0,0,0,0.0
2019-09-20,1.7380368114299731,1.6722020837242924,0.05936286731405073,False,True,False,False,64.2199,70.9373,6.69,60.5,0.5185649104647064,1.869706266841335,1.3561953907370246,-0.04271667253296207,1.382529281819297,1.4220301184427053,0.02121157487784084,1.3561953907370246,1.3298614996547522,0.1714829326639645,1.64586819264202,1.47469790060725,0.09331344177663146,0.26672111062844717,-0.35831451836505845,0.5185649104647064,0.0962391620281742,0.31418262680212156,-0.35831451836505845,0.7676420667400249,-0.4592020431506557,20,0,0,0.0,0.0,7.0,4.0,4.0,0.0,2.5,0,0,0,0.0,0.0,0,0,0,0,0,0,0,1,0,0,0,0,1,0,0,1,0,0,0,0,0,1,0,0,0.0
2019-09-21,1.7380368114299731,1.6722020837242924,0.05936286731405073,False,False,False,False,63.8487,70.5975,6.69,60.5,0.05936286731405073,1.7380368114299731,1.6722020837242924,0.5185649104647064,1.869706266841335,1.3561953907370246,-0.04271667253296207,1.382529281819297,1.4220301184427053,-0.35831451836505845,1.4220301184427053,1.7775376480533818,0.07729628958378663,0.2646026055488392,-0.35831451836505845,0.5185649104647064,0.10823371798317928,0.3089239409389654,-0.35831451836505845,0.7676420667400249,0.0,21,0,0,0.0,0.0,7.0,4.0,4.0,0.0,2.5,0,0,0,0.0,0.0,0,0,0,0,0,0,0,1,0,0,0,0,1,0,0,1,0,0,0,0,0,0,1,0,0.05936286731405073
2019-09-22,1.7380368114299731,1.6722020837242924,0.05936286731405073,False,False,False,False,63.8487,70.5975,6.69,60.5,0.05936286731405073,1.7380368114299731,1.6722020837242924,0.05936286731405073,1.7380368114299731,1.6722020837242924,0.5185649104647064,1.869706266841335,1.3561953907370246,0.02121157487784084,1.3561953907370246,1.3298614996547522,0.06127913739094182,0.2613241514952959,-0.35831451836505845,0.5185649104647064,0.12022827393818435,0.303063371411825,-0.35831451836505845,0.7676420667400249,0.0,22,0,0,0.0,0.0,7.0,4.0,4.0,0.0,2.5,0,0,0,0.0,0.0,0,0,0,0,0,0,0,1,0,0,0,0,1,0,0,1,0,0,0,0,0,0,0,1,0.05936286731405073
2019-09-23,1.5536995738540669,1.9092071034647433,-0.3535669179332328,False,True,False,False,63.8487,70.5975,6.69,81.2,0.05936286731405073,1.7380368114299731,1.6722020837242924,0.05936286731405073,1.7380368114299731,1.6722020837242924,0.05936286731405073,1.7380368114299731,1.6722020837242924,-0.04271667253296207,1.382529281819297,1.4220301184427053,0.04526198519809699,0.2568413337634301,-0.35831451836505845,0.5185649104647064,0.13222282989318943,0.29656523802192736,-0.35831451836505845,0.7676420667400249,-0.4129297852472835,23,0,0,0.0,0.0,7.0,4.0,4.0,0.0,2.5,0,0,0,0.0,0.0,0,0,0,0,0,0,0,1,0,0,0,0,1,0,0,1,0,0,0,0,0,0,0,0,-0.0
2019-09-24,1.9092071034647433,1.5141987372306585,0.4027536913588923,False,True,False,False,63.9453,70.2759,6.63,76.55,-0.3535669179332328,1.5536995738540669,1.9092071034647433,0.05936286731405073,1.7380368114299731,1.6722020837242924,0.05936286731405073,1.7380368114299731,1.6722020837242924,0.5185649104647064,1.869706266841335,1.3561953907370246,0.04594021383121494,0.2556012859130384,-0.3535669179332328,0.5185649104647064,0.11960374921580698,0.3139779186749658,-0.35831451836505845,0.7676420667400249,0.7563206092921251,24,0,0,0.0,0.0,7.0,4.0,4.0,0.0,2.5,0,0,0,0.0,1.0,0,0,0,0,0,0,0,1,0,0,0,0,1,0,0,1,0,0,1,0,0,0,0,0,0.0
2019-09-25,1.6853690292654286,1.975041831170424,-0.29101771539594984,False,True,False,False,63.706,70.0193,6.97,59.1,0.4027536913588923,1.9092071034647433,1.5141987372306585,-0.3535669179332328,1.5536995738540669,1.9092071034647433,0.05936286731405073,1.7380368114299731,1.6722020837242924,0.05936286731405073,1.7380368114299731,1.6722020837242924,0.10044623047136514,0.28806831231887403,-0.3535669179332328,0.5185649104647064,0.11179007138528477,0.30468118250229465,-0.35831451836505845,0.7676420667400249,-0.6937714067548422,25,0,0,0.0,0.0,7.0,4.0,4.0,0.0,2.5,1,1,1,0.0,0.0,0,0,0,0,0,0,0,1,0,0,0,0,1,0,0,1,0,0,0,1,0,0,0,0,-0.0
2019-09-26,1.8170384846767902,1.7775376480533818,0.033417823718359066,False,True,False,False,64.1873,70.5868,6.79,35.4,-0.29101771539594984,1.6853690292654286,1.975041831170424,0.4027536913588923,1.9092071034647433,1.5141987372306585,-0.3535669179332328,1.5536995738540669,1.9092071034647433,0.05936286731405073,1.7380368114299731,1.6722020837242924,0.06497465291950974,0.3219319000950167,-0.3535669179332328,0.5185649104647064,0.09693527279630765,0.31961515791335704,-0.35831451836505845,0.7676420667400249,0.3244355391143089,26,0,0,0.0,0.0,7.0,4.0,4.0,0.0,2.5,1,0,1,0.0,0.0,0,0,0,0,0,0,0,1,0,0,0,0,1,0,0,1,0,0,0,0,1,0,0,0,0.0
2019-09-27,1.8433723757590625,1.7775376480533818,0.06427873064466622,False,True,False,False,64.2888,70.3834,6.8,95.65,0.033417823718359066,1.8170384846767902,1.7775376480533818,-0.29101771539594984,1.6853690292654286,1.975041831170424,0.4027536913588923,1.9092071034647433,1.5141987372306585,0.05936286731405073,1.7380368114299731,1.6722020837242924,-0.00433207375853988,0.25280712179520676,-0.3535669179332328,0.4027536913588923,0.0444906840090458,0.2547518873751995,-0.35831451836505845,0.5185649104647064,0.03086090692630715,27,0,0,0.0,0.0,7.0,4.0,4.0,0.0,2.5,1,0,1,0.0,0.0,0,0,0,0,0,0,0,1,0,0,0,0,1,0,0,1,0,0,0,0,0,1,0,0,0.0
2019-09-28,1.8433723757590625,1.7775376480533818,0.06427873064466622,False,False,False,False,64.4156,70.3161,6.8,95.65,0.06427873064466622,1.8433723757590625,1.7775376480533818,0.033417823718359066,1.8170384846767902,1.7775376480533818,-0.29101771539594984,1.6853690292654286,1.975041831170424,-0.3535669179332328,1.5536995738540669,1.9092071034647433,-0.003629807568451953,0.25302028564928053,-0.3535669179332328,0.4027536913588923,0.03683324100766734,0.2522398795836236,-0.35831451836505845,0.5185649104647064,0.0,28,0,0,0.0,0.0,7.0,4.0,4.0,0.0,2.5,1,0,0,0.0,0.0,0,0,0,0,0,0,0,1,0,0,0,0,1,0,0,1,0,0,0,0,0,0,1,0,0.06427873064466622
2019-09-29,1.8433723757590625,1.7775376480533818,0.06427873064466622,False,False,False,False,64.4156,70.3161,6.8,95.65,0.06427873064466622,1.8433723757590625,1.7775376480533818,0.06427873064466622,1.8433723757590625,1.7775376480533818,0.033417823718359066,1.8170384846767902,1.7775376480533818,0.4027536913588923,1.9092071034647433,1.5141987372306585,-0.0029275413783640264,0.25323099794753895,-0.3535669179332328,0.4027536913588923,0.029175798006288896,0.2494495855420798,-0.35831451836505845,0.5185649104647064,0.0,29,0,0,0.0,0.0,7.0,4.0,4.0,0.0,2.5,1,0,0,0.0,0.0,0,0,0,0,0,0,0,1,0,0,0,0,1,0,0,1,0,0,0,0,0,0,0,1,0.06427873064466622
2019-09-30,2.0803773954995135,2.0672104499583774,0.010052029141946795,False,True,False,True,64.4156,70.3161,6.89,68.12,0.06427873064466622,1.8433723757590625,1.7775376480533818,0.06427873064466622,1.8433723757590625,1.7775376480533818,0.06427873064466622,1.8433723757590625,1.7775376480533818,-0.29101771539594984,1.6853690292654286,1.975041831170424,-0.0022252751882760997,0.2534392648047365,-0.3535669179332328,0.4027536913588923,0.02151835500491045,0.24637155019500462,-0.35831451836505845,0.5185649104647064,-0.054226701502719424,30,0,1,0.0,0.0,7.0,4.0,4.0,0.0,2.5,1,0,1,0.0,0.0,0,0,0,0,0,0,0,1,0,0,0,0,1,0,0,1,0,0,0,0,0,0,0,0,0.0
2019-10-01,1.5273656827717947,1.6722020837242924,-0.14388484158540757,False,True,True,False,64.6407,70.7169,6.85,72.0,0.010052029141946795,2.0803773954995135,2.0672104499583774,0.06427873064466622,1.8433723757590625,1.7775376480533818,0.06427873064466622,1.8433723757590625,1.7775376480533818,0.033417823718359066,1.8170384846767902,1.7775376480533818,0.0497202886796067,0.2013331222562157,-0.29101771539594984,0.4027536913588923,0.04783025125541083,0.2210555572783797,-0.3535669179332328,0.5185649104647064,-0.15393687072735437,1,1,0,0.0,1.0,6.5,3.8,4.0,0.20000000000000018,2.25,0,0,0,0.0,0.0,0,0,0,0,0,0,0,0,1,0,0,0,0,1,0,1,0,0,1,0,0,0,0,0,-0.0
2019-10-02,1.395696227360433,1.4088631729015693,-0.001976342888660013,False,True,False,False,65.067,70.8449,6.81,55.8,-0.14388484158540757,1.5273656827717947,1.6722020837242924,0.010052029141946795,2.0803773954995135,2.0672104499583774,0.06427873064466622,1.8433723757590625,1.7775376480533818,0.06427873064466622,1.8433723757590625,1.7775376480533818,-0.02837093031243614,0.13746081282593145,-0.29101771539594984,0.06427873064466622,0.03603765007946451,0.22691094134779566,-0.3535669179332328,0.5185649104647064,0.14190849869674754,2,0,0,1.0,0.0,6.5,3.8,4.0,0.20000000000000018,2.25,0,0,0,0.0,0.0,0,0,0,0,0,0,0,0,1,0,0,0,0,1,0,1,0,0,0,1,0,0,0,0,-0.0
2019-10-03,1.3561953907370246,1.2228140341111153,0.13409433373118643,False,True,False,False,65.4399,71.4669,6.79,43.3,-0.001976342888660013,1.395696227360433,1.4088631729015693,-0.14388484158540757,1.5273656827717947,1.6722020837242924,0.010052029141946795,2.0803773954995135,2.0672104499583774,0.06427873064466622,1.8433723757590625,1.7775376480533818,0.01292069433146241,0.07433169248603623,-0.14388484158540757,0.06427873064466622,0.03894767362548608,0.2260829908813536,-0.3535669179332328,0.5185649104647064,0.13607067661984645,3,0,0,0.0,0.0,6.5,3.8,4.0,0.20000000000000018,2.25,0,0,0,0.0,0.0,0,0,0,0,0,0,0,0,1,0,0,0,0,1,0,1,0,0,0,0,1,0,0,0,0.0
2019-10-04,1.5932004104774755,1.487864846148386,0.11266588405246099,False,True,False,False,65.1312,71.2991,6.82,55.45,0.13409433373118643,1.3561953907370246,1.2228140341111153,-0.001976342888660013,1.395696227360433,1.4088631729015693,-0.14388484158540757,1.5273656827717947,1.6722020837242924,0.06427873064466622,1.8433723757590625,1.7775376480533818,0.02730305290472346,0.08752728712844736,-0.14388484158540757,0.13409433373118643,0.011485489573091796,0.18249078696895946,-0.3535669179332328,0.4027536913588923,-0.02142844967872544,4,0,0,0.0,0.0,6.5,3.8,4.0,0.20000000000000018,2.25,0,0,0,0.0,0.0,0,0,0,0,0,0,0,0,1,0,0,0,0,1,0,1,0,0,0,0,0,1,0,0,0.0
2019-10-05,1.5932004104774755,1.487864846148386,0.11266588405246099,False,False,False,False,65.03,71.3509,6.82,55.45,0.11266588405246099,1.5932004104774755,1.487864846148386,0.13409433373118643,1.3561953907370246,1.2228140341111153,-0.001976342888660013,1.395696227360433,1.4088631729015693,0.010052029141946795,2.0803773954995135,2.0672104499583774,0.034215503391551286,0.09269240740885332,-0.14388484158540757,0.13409433373118643,0.01529284791154967,0.18411531096519965,-0.3535669179332328,0.4027536913588923,0.0,5,0,0,0.0,0.0,6.5,3.8,4.0,0.20000000000000018,2.25,0,0,0,0.0,0.0,0,0,0,0,0,0,0,0,1,0,0,0,0,1,0,1,0,0,0,0,0,0,1,0,0.11266588405246099
2019-10-06,1.5932004104774755,1.487864846148386,0.11266588405246099,False,False,False,False,65.03,71.3509,6.82,55.45,0.11266588405246099,1.5932004104774755,1.487864846148386,0.11266588405246099,1.5932004104774755,1.487864846148386,0.13409433373118643,1.3561953907370246,1.2228140341111153,-0.14388484158540757,1.5273656827717947,1.6722020837242924,0.04112795387837911,0.09701158447863527,-0.14388484158540757,0.13409433373118643,0.019100206250007547,0.18564155254051298,-0.3535669179332328,0.4027536913588923,0.0,6,0,0,0.0,0.0,6.5,3.8,4.0,0.20000000000000018,2.25,0,0,0,0.0,0.0,0,0,0,0,0,0,0,0,1,0,0,0,0,1,0,1,0,0,0,0,0,0,0,1,0.11266588405246099
2019-10-07,1.6722020837242924,1.8302054302179263,-0.1576182335478171,False,True,False,False,65.03,71.3509,7.16,8.3,0.11266588405246099,1.5932004104774755,1.487864846148386,0.11266588405246099,1.5932004104774755,1.487864846148386,0.11266588405246099,1.5932004104774755,1.487864846148386,-0.001976342888660013,1.395696227360433,1.4088631729015693,0.048040404365206936,0.10059384368581054,-0.14388484158540757,0.13409433373118643,0.022907564588465424,0.18707191724593455,-0.3535669179332328,0.4027536913588923,-0.2702841176002781,7,0,0,0.0,0.0,6.5,3.8,4.0,0.20000000000000018,2.25,0,0,0,0.0,0.0,0,0,0,0,0,0,0,0,1,0,0,0,0,1,0,1,0,0,0,0,0,0,0,0,-0.0
2019-10-08,1.5668665193952032,1.5010317916895224,0.0687347543869294,False,True,False,False,64.8259,71.1464,6.82,44.8,-0.1576182335478171,1.6722020837242924,1.8302054302179263,0.11266588405246099,1.5932004104774755,1.487864846148386,0.11266588405246099,1.5932004104774755,1.487864846148386,0.13409433373118643,1.3561953907370246,1.2228140341111153,0.024087509695240667,0.1275087571368829,-0.1576182335478171,0.13409433373118643,0.036903899187423685,0.16244778885224453,-0.29101771539594984,0.4027536913588923,0.2263529879347465,8,0,0,0.0,0.0,6.5,3.8,4.0,0.20000000000000018,2.25,0,0,0,0.0,0.0,0,0,0,0,0,0,0,0,1,0,0,0,0,1,0,1,0,0,1,0,0,0,0,0,0.0
2019-10-09,1.5010317916895224,1.3561953907370246,0.14519207680834023,False,True,False,False,64.8672,71.2372,6.86,41.1,0.0687347543869294,1.5668665193952032,1.5010317916895224,-0.1576182335478171,1.6722020837242924,1.8302054302179263,0.11266588405246099,1.5932004104774755,1.487864846148386,0.11266588405246099,1.5932004104774755,1.487864846148386,0.05446173769128881,0.10398029337240938,-0.1576182335478171,0.13409433373118643,0.013045403689426341,0.1247331418995148,-0.29101771539594984,0.13409433373118643,0.07645732242141083,9,0,0,0.0,0.0,6.5,3.8,4.0,0.20000000000000018,2.25,0,0,0,0.0,0.0,0,0,0,0,0,0,0,0,1,0,0,0,0,1,0,1,0,0,0,1,0,0,0,0,0.0
2019-10-10,1.8960401579236073,1.5932004104774755,0.30434005317294327,False,True,False,False,65.0976,71.4511,6.78,61.6,0.14519207680834023,1.5010317916895224,1.3561953907370246,0.0687347543869294,1.5668665193952032,1.5010317916895224,-0.1576182335478171,1.6722020837242924,1.8302054302179263,0.11266588405246099,1.5932004104774755,1.487864846148386,0.07548579764800313,0.1055336188742522,-0.1576182335478171,0.14519207680834023,0.04420324598973278,0.09351085657198269,-0.1576182335478171,0.14519207680834023,0.15914797636460304,10,0,0,0.0,0.0,6.5,3.8,4.0,0.20000000000000018,2.25,0,0,0,0.0,1.0,0,0,0,0,0,0,0,0,1,0,0,0,0,1,0,1,0,0,0,0,1,0,0,0,0.0
2019-10-11,1.6063673560186116,1.382529281819297,0.22298965983815783,False,True,False,False,64.7416,71.2999,6.8,60.8,0.30434005317294327,1.8960401579236073,1.5932004104774755,0.14519207680834023,1.5010317916895224,1.3561953907370246,0.0687347543869294,1.5668665193952032,1.5010317916895224,0.11266588405246099,1.5932004104774755,1.487864846148386,0.09980661471111126,0.13639578625451004,-0.1576182335478171,0.30434005317294327,0.06355483380791736,0.11635082944448359,-0.1576182335478171,0.30434005317294327,-0.08135039333478544,11,0,0,0.0,0.0,6.5,3.8,4.0,0.20000000000000018,2.25,0,0,0,0.0,1.0,0,0,0,0,0,0,0,0,1,0,0,0,0,1,0,1,0,0,0,0,0,1,0,0,0.0
2019-10-12,1.6063673560186116,1.382529281819297,0.22298965983815783,False,False,False,False,64.2237,70.7296,6.8,60.8,0.22298965983815783,1.6063673560186116,1.382529281819297,0.30434005317294327,1.8960401579236073,1.5932004104774755,0.14519207680834023,1.5010317916895224,1.3561953907370246,-0.1576182335478171,1.6722020837242924,1.8302054302179263,0.11556715410906793,0.1442756635933983,-0.1576182335478171,0.30434005317294327,0.07489132875030961,0.1239129395801154,-0.1576182335478171,0.30434005317294327,0.0,12,0,0,0.0,0.0,6.5,3.8,4.0,0.20000000000000018,2.25,0,0,0,0.0,1.0,0,0,0,0,0,0,0,0,1,0,0,0,0,1,0,1,0,0,0,0,0,0,1,0,0.22298965983815783
2019-10-13,1.6063673560186116,1.382529281819297,0.22298965983815783,False,False,False,False,64.2237,70.7296,6.8,60.8,0.22298965983815783,1.6063673560186116,1.382529281819297,0.22298965983815783,1.6063673560186116,1.382529281819297,0.30434005317294327,1.8960401579236073,1.5932004104774755,0.0687347543869294,1.5668665193952032,1.5010317916895224,0.1313276935070246,0.1498250189311216,-0.1576182335478171,0.30434005317294327,0.08622782369270188,0.1299788972595045,-0.1576182335478171,0.30434005317294327,0.0,13,0,0,0.0,0.0,6.5,3.8,4.0,0.20000000000000018,2.25,0,0,0,0.0,1.0,0,0,0,0,0,0,0,0,1,0,0,0,0,1,0,1,0,0,0,0,0,0,0,1,0.22298965983815783
2019-10-14,2.054043504417241,1.882873212382471,0.17735922269381266,False,True,False,False,64.2237,70.7296,6.75,25.85,0.22298965983815783,1.6063673560186116,1.382529281819297,0.22298965983815783,1.6063673560186116,1.382529281819297,0.22298965983815783,1.6063673560186116,1.382529281819297,0.14519207680834023,1.5010317916895224,1.3561953907370246,0.14708823290498133,0.15329715615487627,-0.1576182335478171,0.30434005317294327,0.09756431863509414,0.13475090695299163,-0.1576182335478171,0.30434005317294327,-0.04563043714434517,14,0,0,0.0,0.0,6.5,3.8,4.0,0.20000000000000018,2.25,0,0,0,0.0,0.0,0,0,0,0,0,0,0,0,1,0,0,0,0,1,0,1,0,0,0,0,0,0,0,0,0.0
2019-10-15,1.7775376480533818,1.5141987372306585,0.261155384168367,False,True,False,False,64.3652,70.9305,6.83,62.05,0.17735922269381266,2.054043504417241,1.882873212382471,0.22298965983815783,1.6063673560186116,1.382529281819297,0.22298965983815783,1.6063673560186116,1.382529281819297,0.30434005317294327,1.8960401579236073,1.5932004104774755,0.19494215522521416,0.07420739570696867,0.0687347543869294,0.30434005317294327,0.1095148324602274,0.13380839027169275,-0.1576182335478171,0.30434005317294327,0.08379616147455432,15,0,0,0.0,0.0,6.5,3.8,4.0,0.20000000000000018,2.25,0,0,0,0.0,1.0,0,0,0,0,0,0,0,0,1,0,0,0,0,1,0,1,0,0,1,0,0,0,0,0,0.0
2019-10-16,1.3561953907370246,1.246203039795203,0.11377838802467369,False,True,False,False,64.2548,70.8473,6.81,76.0,0.261155384168367,1.7775376480533818,1.5141987372306585,0.17735922269381266,2.054043504417241,1.882873212382471,0.22298965983815783,1.6063673560186116,1.382529281819297,0.22298965983815783,1.6063673560186116,1.382529281819297,0.22243081662256237,0.05197262675110822,0.14519207680834023,0.30434005317294327,0.1384462771569256,0.11761278456701839,-0.1576182335478171,0.30434005317294327,-0.1473769961436933,16,0,0,0.0,0.0,6.5,3.8,4.0,0.20000000000000018,2.25,0,0,0,0.0,0.0,0,0,0,0,0,0,0,0,1,0,0,0,0,1,0,1,0,0,0,1,0,0,0,0,0.0
2019-10-17,1.6722020837242924,1.632701247100884,0.030328598023396013,False,True,False,False,64.3455,71.0503,6.79,82.3,0.11377838802467369,1.3561953907370246,1.246203039795203,0.261155384168367,1.7775376480533818,1.5141987372306585,0.17735922269381266,2.054043504417241,1.882873212382471,0.22298965983815783,1.6063673560186116,1.382529281819297,0.2179431467963243,0.060422783557894495,0.11377838802467369,0.30434005317294327,0.1467144722221637,0.1108564151211831,-0.1576182335478171,0.30434005317294327,-0.08344979000127767,17,0,0,0.0,0.0,6.5,3.8,4.0,0.20000000000000018,2.25,0,0,0,0.0,0.0,0,0,0,0,0,0,0,0,1,0,0,0,0,1,0,1,0,0,0,0,1,0,0,0,0.0
2019-10-18,1.6722020837242924,1.5932004104774755,0.07780354396940296,False,True,False,False,64.0144,70.9023,6.77,77.0,0.030328598023396013,1.6722020837242924,1.632701247100884,0.11377838802467369,1.3561953907370246,1.246203039795203,0.261155384168367,1.7775376480533818,1.5141987372306585,0.22298965983815783,1.6063673560186116,1.382529281819297,0.1787986532035318,0.08053387534310359,0.030328598023396013,0.261155384168367,0.13930263395732154,0.11515080113377162,-0.1576182335478171,0.30434005317294327,0.04747494594600695,18,0,0,0.0,0.0,6.5,3.8,4.0,0.20000000000000018,2.25,0,0,0,0.0,0.0,0,0,0,0,0,0,0,0,1,0,0,0,0,1,0,1,0,0,0,0,0,1,0,0,0.0
2019-10-19,1.6722020837242924,1.5932004104774755,0.07780354396940296,False,False,False,False,63.9542,71.1299,6.77,77.0,0.07780354396940296,1.6722020837242924,1.5932004104774755,0.030328598023396013,1.6722020837242924,1.632701247100884,0.11377838802467369,1.3561953907370246,1.246203039795203,0.17735922269381266,2.054043504417241,1.882873212382471,0.1580577795079954,0.08578083565782059,0.030328598023396013,0.261155384168367,0.13681246680853168,0.11614380992564802,-0.1576182335478171,0.30434005317294327,0.0,19,0,0,0.0,0.0,6.5,3.8,4.0,0.20000000000000018,2.25,0,0,0,0.0,0.0,0,0,0,0,0,0,0,0,1,0,0,0,0,1,0,1,0,0,0,0,0,0,1,0,0.07780354396940296
2019-10-20,1.6722020837242924,1.5932004104774755,0.07780354396940296,False,False,False,False,63.9542,71.1299,6.77,77.0,0.07780354396940296,1.6722020837242924,1.5932004104774755,0.07780354396940296,1.6722020837242924,1.5932004104774755,0.030328598023396013,1.6722020837242924,1.632701247100884,0.261155384168367,1.7775376480533818,1.5141987372306585,0.137316905812459,0.08501315284905259,0.030328598023396013,0.261155384168367,0.13432229965974182,0.11707137272569422,-0.1576182335478171,0.30434005317294327,0.0,20,0,0,0.0,0.0,6.5,3.8,4.0,0.20000000000000018,2.25,0,0,0,0.0,0.0,0,0,0,0,0,0,0,0,1,0,0,0,0,1,0,1,0,0,0,0,0,0,0,1,0.07780354396940296
2019-10-21,1.7775376480533818,2.3305493607811005,-0.5488158961777821,False,True,False,False,63.9542,71.1299,6.77,71.1,0.07780354396940296,1.6722020837242924,1.5932004104774755,0.07780354396940296,1.6722020837242924,1.5932004104774755,0.07780354396940296,1.6722020837242924,1.5932004104774755,0.11377838802467369,1.3561953907370246,1.246203039795203,0.11657603211692259,0.07805356014510556,0.030328598023396013,0.261155384168367,0.13183213251095197,0.11793503374845624,-0.1576182335478171,0.30434005317294327,-0.6266194401471851,21,0,0,0.0,0.0,6.5,3.8,4.0,0.20000000000000018,2.25,0,0,0,0.0,0.0,0,0,0,0,0,0,0,0,1,0,0,0,0,1,0,1,0,0,0,0,0,0,0,0,-0.0
2019-10-22,1.5273656827717947,1.4220301184427053,0.10019749125409567,False,True,False,False,63.7606,71.1696,6.61,110.5,-0.5488158961777821,1.7775376480533818,2.3305493607811005,0.07780354396940296,1.6722020837242924,1.5932004104774755,0.07780354396940296,1.6722020837242924,1.5932004104774755,0.030328598023396013,1.6722020837242924,1.632701247100884,0.01283672942098048,0.2582870080046972,-0.5488158961777821,0.261155384168367,0.10388944232309731,0.205572717410403,-0.5488158961777821,0.30434005317294327,0.6490133874318779,22,0,0,0.0,0.0,6.5,3.8,4.0,0.20000000000000018,2.25,0,0,0,0.0,0.0,0,0,0,0,0,0,0,0,1,0,0,0,0,1,0,1,0,0,1,0,0,0,0,0,0.0
2019-10-23,1.2895990970397926,1.4351970639838416,-0.14403557357839472,False,True,False,False,63.6336,70.9196,6.62,68.6,0.10019749125409567,1.5273656827717947,1.4220301184427053,-0.5488158961777821,1.7775376480533818,2.3305493607811005,0.07780354396940296,1.6722020837242924,1.5932004104774755,0.07780354396940296,1.6722020837242924,1.5932004104774755,-0.010157255281058278,0.2389357501188966,-0.5488158961777821,0.11377838802467369,0.10613678067075205,0.20533067492915102,-0.5488158961777821,0.30434005317294327,-0.2442330648324904,23,0,0,0.0,0.0,6.5,3.8,4.0,0.20000000000000018,2.25,0,0,0,0.0,0.0,0,0,0,0,0,0,0,0,1,0,0,0,0,1,0,1,0,0,0,1,0,0,0,0,-0.0
2019-10-24,1.4483640095249777,1.64586819264202,-0.19260952960264852,False,True,False,False,63.7997,70.9644,6.63,78.8,-0.14403557357839472,1.2895990970397926,1.4351970639838416,0.10019749125409567,1.5273656827717947,1.4220301184427053,-0.5488158961777821,1.7775376480533818,2.3305493607811005,0.07780354396940296,1.6722020837242924,1.5932004104774755,-0.04698782122435376,0.23650570198336734,-0.5488158961777821,0.10019749125409567,0.08547766278598527,0.21540206081052624,-0.5488158961777821,0.30434005317294327,-0.048573956024253795,24,0,0,0.0,0.0,6.5,3.8,4.0,0.20000000000000018,2.25,0,0,0,0.0,0.0,0,0,0,0,0,0,0,0,1,0,0,0,0,1,0,1,0,0,0,0,1,0,0,0,-0.0
2019-10-25,1.64586819264202,1.9092071034647433,-0.26741532311135724,False,True,False,False,63.86,71.14,6.75,154.3,-0.19260952960264852,1.4483640095249777,1.64586819264202,-0.14403557357839472,1.2895990970397926,1.4351970639838416,0.10019749125409567,1.5273656827717947,1.4220301184427053,0.07780354396940296,1.6722020837242924,1.5932004104774755,-0.07883612517093155,0.23935236731636078,-0.5488158961777821,0.10019749125409567,0.04998126401630015,0.21749738132898386,-0.5488158961777821,0.261155384168367,-0.07480579350870872,25,0,0,0.0,0.0,6.5,3.8,4.0,0.20000000000000018,2.25,1,1,1,0.0,0.0,0,0,0,0,0,0,0,0,1,0,0,0,0,1,0,1,0,0,0,0,0,1,0,0,-0.0
2019-10-26,1.64586819264202,1.9092071034647433,-0.26741532311135724,False,False,False,False,63.9966,71.1194,6.75,154.3,-0.26741532311135724,1.64586819264202,1.9092071034647433,-0.19260952960264852,1.4483640095249777,1.64586819264202,-0.14403557357839472,1.2895990970397926,1.4351970639838416,-0.5488158961777821,1.7775376480533818,2.3305493607811005,-0.12815310618246872,0.23725454336165738,-0.5488158961777821,0.10019749125409567,0.014952336662763355,0.2267829815685254,-0.5488158961777821,0.261155384168367,0.0,26,0,0,0.0,0.0,6.5,3.8,4.0,0.20000000000000018,2.25,1,0,0,0.0,0.0,0,0,0,0,0,0,0,0,1,0,0,0,0,1,0,1,0,0,0,0,0,0,1,0,-0.26741532311135724
2019-10-27,1.64586819264202,1.9092071034647433,-0.26741532311135724,False,False,False,False,63.9966,71.1194,6.75,154.3,-0.26741532311135724,1.64586819264202,1.9092071034647433,-0.26741532311135724,1.64586819264202,1.9092071034647433,-0.19260952960264852,1.4483640095249777,1.64586819264202,0.10019749125409567,1.5273656827717947,1.4220301184427053,-0.1774700871940059,0.22274386676330502,-0.5488158961777821,0.10019749125409567,-0.020076590690773437,0.23002848927389757,-0.5488158961777821,0.261155384168367,0.0,27,0,0,0.0,0.0,6.5,3.8,4.0,0.20000000000000018,2.25,1,0,0,0.0,0.0,0,0,0,0,0,0,0,0,1,0,0,0,0,1,0,1,0,0,0,0,0,0,0,1,-0.26741532311135724
2019-10-28,1.6063673560186116,1.975041831170424,-0.36026916295171746,False,True,False,False,63.9966,71.1194,6.71,43.5,-0.26741532311135724,1.64586819264202,1.9092071034647433,-0.26741532311135724,1.64586819264202,1.9092071034647433,-0.26741532311135724,1.64586819264202,1.9092071034647433,-0.14403557357839472,1.2895990970397926,1.4351970639838416,-0.22678706820554306,0.1930411646377718,-0.5488158961777821,0.10019749125409567,-0.05510551804431022,0.22749256324225162,-0.5488158961777821,0.261155384168367,-0.09285383984036022,28,0,0,0.0,0.0,6.5,3.8,4.0,0.20000000000000018,2.25,1,0,1,0.0,0.0,0,0,0,0,0,0,0,0,1,0,0,0,0,1,0,1,0,0,0,0,0,0,0,0,-0.0
2019-10-29,1.6195343015597479,1.6590351381831563,-0.03445347308529963,False,True,False,False,63.87,70.8382,6.76,79.55,-0.36026916295171746,1.6063673560186116,1.975041831170424,-0.26741532311135724,1.64586819264202,1.9092071034647433,-0.26741532311135724,1.64586819264202,1.9092071034647433,-0.19260952960264852,1.4483640095249777,1.64586819264202,-0.19985182060181955,0.14867509211732988,-0.36026916295171746,0.10019749125409567,-0.09350754559041952,0.2305889177249769,-0.5488158961777821,0.261155384168367,0.32581568986641785,29,0,0,0.0,0.0,6.5,3.8,4.0,0.20000000000000018,2.25,1,0,1,0.0,0.0,0,0,0,0,0,0,0,0,1,0,0,0,0,1,0,1,0,0,1,0,0,0,0,0,-0.0
2019-10-30,1.5932004104774755,1.4483640095249777,0.14112169803549543,False,True,False,False,63.832,70.7769,6.56,65.7,-0.03445347308529963,1.6195343015597479,1.6590351381831563,-0.36026916295171746,1.6063673560186116,1.975041831170424,-0.26741532311135724,1.64586819264202,1.9092071034647433,-0.26741532311135724,1.64586819264202,1.9092071034647433,-0.21908767265030457,0.10595800731449231,-0.36026916295171746,-0.03445347308529963,-0.11462246396568142,0.20804697501191863,-0.5488158961777821,0.11377838802467369,0.17557517112079507,30,0,0,0.0,0.0,6.5,3.8,4.0,0.20000000000000018,2.25,1,0,1,0.0,0.0,0,0,0,0,0,0,0,0,1,0,0,0,0,1,0,1,0,0,0,1,0,0,0,0,0.0
2019-10-31,2.1725460142874664,1.7643707025122455,0.3998645505025376,False,True,False,True,63.8734,71.0081,6.6,76.7,0.14112169803549543,1.5932004104774755,1.4483640095249777,-0.03445347308529963,1.6195343015597479,1.6590351381831563,-0.36026916295171746,1.6063673560186116,1.975041831170424,-0.26741532311135724,1.64586819264202,1.9092071034647433,-0.17835091956260601,0.1731397256910399,-0.36026916295171746,0.14112169803549543,-0.11266937039347986,0.21047031450021786,-0.5488158961777821,0.14112169803549543,0.2587428524670422,31,0,1,0.0,0.0,6.5,3.8,4.0,0.20000000000000018,2.25,1,0,1,0.0,1.0,0,0,0,0,0,0,0,0,1,0,0,0,0,1,0,1,0,0,0,0,1,0,0,0,0.0
2019-11-01,1.7643707025122455,1.6590351381831563,0.10829333130560437,False,True,True,False,63.7748,71.1918,6.35,114.6,0.3998645505025376,2.1725460142874664,1.7643707025122455,0.14112169803549543,1.5932004104774755,1.4483640095249777,-0.03445347308529963,1.6195343015597479,1.6590351381831563,-0.26741532311135724,1.64586819264202,1.9092071034647433,-0.09371176526186512,0.2780430135942337,-0.36026916295171746,0.3998645505025376,-0.08627394521639832,0.24936216097343766,-0.5488158961777821,0.3998645505025376,-0.29157121919693324,1,1,0,0.0,1.0,6.5,3.5,4.0,0.5,2.25,0,0,0,0.0,0.0,0,0,0,0,0,0,0,0,0,1,0,0,0,1,0,1,0,0,0,0,0,1,0,0,0.0
2019-11-02,1.7643707025122455,1.6590351381831563,0.10829333130560437,False,False,False,False,64.0316,71.4785,6.35,114.6,0.10829333130560437,1.7643707025122455,1.6590351381831563,0.3998645505025376,2.1725460142874664,1.7643707025122455,0.14112169803549543,1.5932004104774755,1.4483640095249777,-0.36026916295171746,1.6063673560186116,1.975041831170424,-0.04003910034515632,0.27517126568927053,-0.36026916295171746,0.3998645505025376,-0.08409610326381252,0.25103293316387193,-0.5488158961777821,0.3998645505025376,0.0,2,0,0,1.0,0.0,6.5,3.5,4.0,0.5,2.25,0,0,0,0.0,0.0,0,0,0,0,0,0,0,0,0,1,0,0,0,1,0,1,0,0,0,0,0,0,1,0,0.10829333130560437
2019-11-03,1.7643707025122455,1.6590351381831563,0.10829333130560437,False,False,False,False,64.0316,71.4785,6.35,114.6,0.10829333130560437,1.7643707025122455,1.6590351381831563,0.10829333130560437,1.7643707025122455,1.6590351381831563,0.3998645505025376,2.1725460142874664,1.7643707025122455,-0.03445347308529963,1.6195343015597479,1.6590351381831563,0.013633564571552483,0.2596319932941572,-0.36026916295171746,0.3998645505025376,-0.08191826131122669,0.25267244419921264,-0.5488158961777821,0.3998645505025376,0.0,3,0,0,0.0,0.0,6.5,3.5,4.0,0.5,2.25,0,0,0,0.0,0.0,0,0,0,0,0,0,0,0,0,1,0,0,0,1,0,1,0,0,0,0,0,0,0,1,0.10829333130560437
2019-11-04,1.7643707025122455,1.6590351381831563,0.10829333130560437,True,False,False,False,64.0316,71.4785,6.35,114.6,0.10829333130560437,1.7643707025122455,1.6590351381831563,0.10829333130560437,1.7643707025122455,1.6590351381831563,0.10829333130560437,1.7643707025122455,1.6590351381831563,0.14112169803549543,1.5932004104774755,1.4483640095249777,0.06730622948826129,0.22885925118104744,-0.36026916295171746,0.3998645505025376,-0.07974041935864089,0.25428129876100675,-0.5488158961777821,0.3998645505025376,0.0,4,0,0,0.0,0.0,6.5,3.5,4.0,0.5,2.25,0,0,0,0.0,0.0,0,0,0,0,0,0,0,0,0,1,0,0,0,1,0,1,0,0,0,0,0,0,0,0,0.10829333130560437
2019-11-05,1.7775376480533818,2.0145426677938327,-0.22782843167698394,False,True,False,False,64.0316,71.4785,6.27,67.2,0.10829333130560437,1.7643707025122455,1.6590351381831563,0.10829333130560437,1.7643707025122455,1.6590351381831563,0.10829333130560437,1.7643707025122455,1.6590351381831563,0.3998645505025376,2.1725460142874664,1.7643707025122455,0.13424372866787868,0.13022683148205452,-0.03445347308529963,0.3998645505025376,-0.03280404596697042,0.2192731507065459,-0.36026916295171746,0.3998645505025376,-0.33612176298258833,5,0,0,0.0,0.0,6.5,3.5,4.0,0.5,2.25,0,0,0,0.0,0.0,0,0,0,0,0,0,0,0,0,1,0,0,0,1,0,1,0,0,1,0,0,0,0,0,-0.0
2019-11-06,1.64586819264202,1.8302054302179263,-0.17957682483705067,False,True,False,False,63.248,70.4203,6.53,69.0,-0.22782843167698394,1.7775376480533818,2.0145426677938327,0.10829333130560437,1.7643707025122455,1.6590351381831563,0.10829333130560437,1.7643707025122455,1.6590351381831563,0.10829333130560437,1.7643707025122455,1.6590351381831563,0.10661873458335236,0.18213991286800435,-0.22782843167698394,0.3998645505025376,-0.056234469033476106,0.2214825233663488,-0.36026916295171746,0.3998645505025376,0.048251606839933264,6,0,0,0.0,0.0,6.5,3.5,4.0,0.5,2.25,0,0,0,0.0,0.0,0,0,0,0,0,0,0,0,0,1,0,0,0,1,0,1,0,0,0,1,0,0,0,0,-0.0
2019-11-07,1.869706266841335,1.7907045935945178,0.08612059654033535,False,True,False,False,63.588,70.4301,6.42,31.9,-0.17957682483705067,1.64586819264202,1.8302054302179263,-0.22782843167698394,1.7775376480533818,2.0145426677938327,0.10829333130560437,1.7643707025122455,1.6590351381831563,0.10829333130560437,1.7643707025122455,1.6590351381831563,0.06080465988727435,0.21018825879853456,-0.22782843167698394,0.3998645505025376,-0.05877312983766581,0.22276629382378327,-0.36026916295171746,0.3998645505025376,0.26569742137738606,7,0,0,0.0,0.0,6.5,3.5,4.0,0.5,2.25,0,0,0,0.0,0.0,0,0,0,0,0,0,0,0,0,1,0,0,0,1,0,1,0,0,0,0,1,0,0,0,0.0
2019-11-08,1.961874885629288,1.7775376480533818,0.18652358266762334,False,True,False,False,63.7298,70.5489,6.4,42.4,0.08612059654033535,1.869706266841335,1.7907045935945178,-0.17957682483705067,1.64586819264202,1.8302054302179263,-0.22782843167698394,1.7775376480533818,2.0145426677938327,0.10829333130560437,1.7643707025122455,1.6590351381831563,0.015984095035531165,0.1509369243590078,-0.22782843167698394,0.10829333130560437,-0.03886383511316697,0.22233989424431772,-0.36026916295171746,0.3998645505025376,0.10040298612728799,8,0,0,0.0,0.0,6.5,3.5,4.0,0.5,2.25,0,0,0,0.0,0.0,0,0,0,0,0,0,0,0,0,1,0,0,0,1,0,1,0,0,0,0,0,1,0,0,0.0
2019-11-09,1.961874885629288,1.7775376480533818,0.18652358266762334,False,False,False,False,63.7295,70.4211,6.4,42.4,0.18652358266762334,1.961874885629288,1.7775376480533818,0.08612059654033535,1.869706266841335,1.7907045935945178,-0.17957682483705067,1.64586819264202,1.8302054302179263,0.10829333130560437,1.7643707025122455,1.6590351381831563,0.027159845230105305,0.1614415120117874,-0.22782843167698394,0.18652358266762334,-0.0064396275575255,0.21952754647066924,-0.36026916295171746,0.3998645505025376,0.0,9,0,0,0.0,0.0,6.5,3.5,4.0,0.5,2.25,0,0,0,0.0,0.0,0,0,0,0,0,0,0,0,0,1,0,0,0,1,0,1,0,0,0,0,0,0,1,0,0.18652358266762334
2019-11-10,1.961874885629288,1.7775376480533818,0.18652358266762334,False,False,False,False,63.7295,70.4211,6.4,42.4,0.18652358266762334,1.961874885629288,1.7775376480533818,0.18652358266762334,1.961874885629288,1.7775376480533818,0.08612059654033535,1.869706266841335,1.7907045935945178,-0.22782843167698394,1.7775376480533818,2.0145426677938327,0.038335595424679444,0.17045040691470098,-0.22782843167698394,0.18652358266762334,0.02598457999811597,0.21138887699153386,-0.36026916295171746,0.3998645505025376,0.0,10,0,0,0.0,0.0,6.5,3.5,4.0,0.5,2.25,0,0,0,0.0,0.0,0,0,0,0,0,0,0,0,0,1,0,0,0,1,0,1,0,0,0,0,0,0,0,1,0.18652358266762334
2019-11-11,1.711702920347701,1.7380368114299731,-0.0348011194744122,False,True,False,False,63.7295,70.4211,6.37,28.15,0.18652358266762334,1.961874885629288,1.7775376480533818,0.18652358266762334,1.961874885629288,1.7775376480533818,0.18652358266762334,1.961874885629288,1.7775376480533818,-0.17957682483705067,1.64586819264202,1.8302054302179263,0.049511345619253584,0.17819060969973127,-0.22782843167698394,0.18652358266762334,0.05840878755375744,0.19726573331804076,-0.36026916295171746,0.3998645505025376,-0.22132470214203553,11,0,0,0.0,0.0,6.5,3.5,4.0,0.5,2.25,0,0,0,0.0,0.0,0,0,0,0,0,0,0,0,0,1,0,0,0,1,0,1,0,0,0,0,0,0,0,0,-0.0
2019-11-12,1.4483640095249777,1.8302054302179263,-0.3784509296353848,False,True,False,False,63.9121,70.4759,6.43,49.15,-0.0348011194744122,1.711702920347701,1.7380368114299731,0.18652358266762334,1.961874885629288,1.7775376480533818,0.18652358266762334,1.961874885629288,1.7775376480533818,0.08612059654033535,1.869706266841335,1.7907045935945178,0.02906928122210836,0.17853080232002588,-0.22782843167698394,0.18652358266762334,0.08165650494499353,0.1597376395780697,-0.22782843167698394,0.3998645505025376,-0.34364981016097257,12,0,0,0.0,0.0,6.5,3.5,4.0,0.5,2.25,0,0,0,0.0,0.0,0,0,0,0,0,0,0,0,0,1,0,0,0,1,0,1,0,0,1,0,0,0,0,0,-0.0
2019-11-13,1.487864846148386,1.5141987372306585,-0.027231288271546847,False,True,False,False,63.853,70.4235,6.38,67.15,-0.3784509296353848,1.4483640095249777,1.8302054302179263,-0.0348011194744122,1.711702920347701,1.7380368114299731,0.18652358266762334,1.961874885629288,1.7775376480533818,0.18652358266762334,1.961874885629288,1.7775376480533818,0.007551781513765383,0.21911745407081507,-0.3784509296353848,0.18652358266762334,0.05708525804855887,0.20028332881099242,-0.3784509296353848,0.3998645505025376,0.35121964136383793,13,0,0,0.0,0.0,6.5,3.5,4.0,0.5,2.25,0,0,0,0.0,0.0,0,0,0,0,0,0,0,0,0,1,0,0,0,1,0,1,0,0,0,1,0,0,0,0,-0.0
2019-11-14,1.5405326283129308,1.5405326283129308,0.009011659281510032,False,True,False,False,64.2009,70.6724,6.39,65.9,-0.027231288271546847,1.487864846148386,1.5141987372306585,-0.3784509296353848,1.4483640095249777,1.8302054302179263,-0.0348011194744122,1.711702920347701,1.7380368114299731,0.18652358266762334,1.961874885629288,1.7775376480533818,0.02931542959455164,0.20451238921528098,-0.3784509296353848,0.18652358266762334,0.045060044740913005,0.19990325151496288,-0.3784509296353848,0.3998645505025376,0.036242947553056876,14,0,0,0.0,0.0,6.5,3.5,4.0,0.5,2.25,0,0,0,0.0,0.0,0,0,0,0,0,0,0,0,0,1,0,0,0,1,0,1,0,0,0,0,1,0,0,0,0.0
2019-11-15,1.6853690292654286,1.6985359748065647,-0.016037622468760178,False,True,False,False,64.2101,70.6761,6.41,48.56,0.009011659281510032,1.5405326283129308,1.5405326283129308,-0.027231288271546847,1.487864846148386,1.5141987372306585,-0.3784509296353848,1.4483640095249777,1.8302054302179263,0.18652358266762334,1.961874885629288,1.7775376480533818,0.018299867129005165,0.20301392474303143,-0.3784509296353848,0.18652358266762334,0.017141981082268172,0.17186721673532515,-0.3784509296353848,0.18652358266762334,-0.02504928175027021,15,0,0,0.0,0.0,6.5,3.5,4.0,0.5,2.25,0,0,0,0.0,0.0,0,0,0,0,0,0,0,0,0,1,0,0,0,1,0,1,0,0,0,0,0,1,0,0,-0.0
2019-11-16,1.6853690292654286,1.6985359748065647,-0.016037622468760178,False,False,False,False,63.8881,70.4111,6.41,48.56,-0.016037622468760178,1.6853690292654286,1.6985359748065647,0.009011659281510032,1.5405326283129308,1.5405326283129308,-0.027231288271546847,1.487864846148386,1.5141987372306585,-0.0348011194744122,1.711702920347701,1.7380368114299731,-0.010637447890478194,0.18899126485806894,-0.3784509296353848,0.18652358266762334,0.008261198669813563,0.1699969646211315,-0.3784509296353848,0.18652358266762334,0.0,16,0,0,0.0,0.0,6.5,3.5,4.0,0.5,2.25,0,0,0,0.0,0.0,0,0,0,0,0,0,0,0,0,1,0,0,0,1,0,1,0,0,0,0,0,0,1,0,-0.016037622468760178
2019-11-17,1.6853690292654286,1.6985359748065647,-0.016037622468760178,False,False,False,False,63.8881,70.4111,6.41,48.56,-0.016037622468760178,1.6853690292654286,1.6985359748065647,-0.016037622468760178,1.6853690292654286,1.6985359748065647,0.009011659281510032,1.5405326283129308,1.5405326283129308,-0.3784509296353848,1.4483640095249777,1.8302054302179263,-0.03957476290996155,0.16812758135163425,-0.3784509296353848,0.18652358266762334,-0.0006195837426410476,0.16759989736242362,-0.3784509296353848,0.18652358266762334,0.0,17,0,0,0.0,0.0,6.5,3.5,4.0,0.5,2.25,0,0,0,0.0,0.0,0,0,0,0,0,0,0,0,0,1,0,0,0,1,0,1,0,0,0,0,0,0,0,1,-0.016037622468760178
2019-11-18,1.8565393213001986,2.304215469698828,-0.4569965413513683,False,True,False,False,63.8881,70.4111,6.43,60.8,-0.016037622468760178,1.6853690292654286,1.6985359748065647,-0.016037622468760178,1.6853690292654286,1.6985359748065647,-0.016037622468760178,1.6853690292654286,1.6985359748065647,-0.027231288271546847,1.487864846148386,1.5141987372306585,-0.06851207792944491,0.13733976079439672,-0.3784509296353848,0.009011659281510032,-0.009500366155095658,0.1646530079738518,-0.3784509296353848,0.18652358266762334,-0.44095891888260813,18,0,0,0.0,0.0,6.5,3.5,4.0,0.5,2.25,0,0,0,0.0,0.0,0,0,0,0,0,0,0,0,0,1,0,0,0,1,0,1,0,0,0,0,0,0,0,0,-0.0
2019-11-19,1.6985359748065647,1.47469790060725,0.23325555099161202,False,True,False,False,63.7542,70.5313,6.5,34.15,-0.4569965413513683,1.8565393213001986,2.304215469698828,-0.016037622468760178,1.6853690292654286,1.6985359748065647,-0.016037622468760178,1.6853690292654286,1.6985359748065647,0.009011659281510032,1.5405326283129308,1.5405326283129308,-0.12882570962615292,0.19895261990044802,-0.4569965413513683,0.009011659281510032,-0.04987821420202228,0.19922740244911974,-0.4569965413513683,0.18652358266762334,0.6902520923429804,19,0,0,0.0,0.0,6.5,3.5,4.0,0.5,2.25,0,0,0,0.0,1.0,0,0,0,0,0,0,0,0,0,1,0,0,0,1,0,1,0,0,1,0,0,0,0,0,0.0
2019-11-20,1.4220301184427053,1.2894603946315906,0.12849762716005209,False,True,False,False,63.773,70.6286,6.49,66.4,0.23325555099161202,1.6985359748065647,1.47469790060725,-0.4569965413513683,1.8565393213001986,2.304215469698828,-0.016037622468760178,1.6853690292654286,1.6985359748065647,-0.016037622468760178,1.6853690292654286,1.6985359748065647,-0.04143906953658194,0.20527541846439515,-0.4569965413513683,0.23325555099161202,-0.016943644011408278,0.20555798336544226,-0.4569965413513683,0.23325555099161202,-0.10475792383155993,20,0,0,0.0,0.0,6.5,3.5,4.0,0.5,2.25,0,0,0,0.0,0.0,0,0,0,0,0,0,0,0,0,1,0,0,0,1,0,1,0,0,0,1,0,0,0,0,0.0
2019-11-21,1.3693623362781608,1.3298614996547522,0.038378075640120066,False,True,False,False,64.0213,70.8524,6.45,50.2,0.12849762716005209,1.4220301184427053,1.2894603946315906,0.23325555099161202,1.6985359748065647,1.47469790060725,-0.4569965413513683,1.8565393213001986,2.304215469698828,-0.016037622468760178,1.6853690292654286,1.6985359748065647,-0.019192081617782103,0.2152673164114288,-0.4569965413513683,0.23325555099161202,0.005061673988384775,0.20328597408939653,-0.4569965413513683,0.23325555099161202,-0.09011955151993202,21,0,0,0.0,0.0,6.5,3.5,4.0,0.5,2.25,0,0,0,0.0,0.0,0,0,0,0,0,0,0,0,0,1,0,0,0,1,0,1,0,0,0,0,1,0,0,0,0.0
2019-11-22,1.1261130383465792,1.4351970639838416,-0.31057503534251846,False,True,False,False,63.843,70.6997,6.49,81.4,0.038378075640120066,1.3693623362781608,1.3298614996547522,0.12849762716005209,1.4220301184427053,1.2894603946315906,0.23325555099161202,1.6985359748065647,1.47469790060725,-0.016037622468760178,1.6853690292654286,1.6985359748065647,-0.014996879280837814,0.2161927300031614,-0.4569965413513683,0.23325555099161202,0.0016514939240836835,0.20221923698720112,-0.4569965413513683,0.23325555099161202,-0.34895311098263854,22,0,0,0.0,0.0,6.5,3.5,4.0,0.5,2.25,0,0,0,0.0,0.0,0,0,0,0,0,0,0,0,0,1,0,0,0,1,0,1,0,0,0,0,0,1,0,0,-0.0
2019-11-23,1.1261130383465792,1.4351970639838416,-0.31057503534251846,False,False,False,False,63.7101,70.5207,6.49,81.4,-0.31057503534251846,1.1261130383465792,1.4351970639838416,0.038378075640120066,1.3693623362781608,1.3298614996547522,0.12849762716005209,1.4220301184427053,1.2894603946315906,-0.4569965413513683,1.8565393213001986,2.304215469698828,-0.057073652548517574,0.24338171606601197,-0.4569965413513683,0.23325555099161202,-0.03385555021949787,0.2107242586356335,-0.4569965413513683,0.23325555099161202,0.0,23,0,0,0.0,0.0,6.5,3.5,4.0,0.5,2.25,0,0,0,0.0,0.0,0,0,0,0,0,0,0,0,0,1,0,0,0,1,0,1,0,0,0,0,0,0,1,0,-0.31057503534251846
2019-11-24,1.1261130383465792,1.4351970639838416,-0.31057503534251846,False,False,False,False,63.7101,70.5207,6.49,81.4,-0.31057503534251846,1.1261130383465792,1.4351970639838416,-0.31057503534251846,1.1261130383465792,1.4351970639838416,0.038378075640120066,1.3693623362781608,1.3298614996547522,0.23325555099161202,1.6985359748065647,1.47469790060725,-0.09915042581619733,0.2599980030900389,-0.4569965413513683,0.23325555099161202,-0.06936259436307944,0.21260607849499444,-0.4569965413513683,0.23325555099161202,0.0,24,0,0,0.0,0.0,6.5,3.5,4.0,0.5,2.25,0,0,0,0.0,0.0,0,0,0,0,0,0,0,0,0,1,0,0,0,1,0,1,0,0,0,0,0,0,0,1,-0.31057503534251846
2019-11-25,1.7380368114299731,1.9882087767115604,-0.24908924488752063,False,True,False,False,63.7101,70.5207,6.56,102.6,-0.31057503534251846,1.1261130383465792,1.4351970639838416,-0.31057503534251846,1.1261130383465792,1.4351970639838416,-0.31057503534251846,1.1261130383465792,1.4351970639838416,0.12849762716005209,1.4220301184427053,1.2894603946315906,-0.1412271990838771,0.2680153021618968,-0.4569965413513683,0.23325555099161202,-0.10486963850666098,0.20804450032176525,-0.4569965413513683,0.23325555099161202,0.06148579045499783,25,0,0,0.0,0.0,6.5,3.5,4.0,0.5,2.25,1,1,1,0.0,0.0,0,0,0,0,0,0,0,0,0,1,0,0,0,1,0,1,0,0,0,0,0,0,0,0,-0.0
2019-11-26,1.1790278890405084,1.4483640095249777,-0.2723994670351482,False,True,False,False,63.7637,70.3122,6.51,87.3,-0.24908924488752063,1.7380368114299731,1.9882087767115604,-0.31057503534251846,1.1261130383465792,1.4351970639838416,-0.31057503534251846,1.1261130383465792,1.4351970639838416,0.038378075640120066,1.3693623362781608,1.3298614996547522,-0.11152615673189883,0.2369043735170171,-0.31057503534251846,0.23325555099161202,-0.12017593317902588,0.2103627679467149,-0.4569965413513683,0.23325555099161202,-0.023310222147627596,26,0,0,0.0,0.0,6.5,3.5,4.0,0.5,2.25,1,0,1,0.0,0.0,0,0,0,0,0,0,0,0,0,1,0,0,0,1,0,1,0,0,1,0,0,0,0,0,-0.0
2019-11-27,1.8170384846767902,1.3561953907370246,0.4592649622162746,False,True,False,False,64.0239,70.5159,6.46,52.05,-0.2723994670351482,1.1790278890405084,1.4483640095249777,-0.24908924488752063,1.7380368114299731,1.9882087767115604,-0.31057503534251846,1.1261130383465792,1.4351970639838416,-0.31057503534251846,1.1261130383465792,1.4351970639838416,-0.18376258787857888,0.18584096034085362,-0.31057503534251846,0.12849762716005209,-0.11260082870758041,0.20209386687173403,-0.4569965413513683,0.23325555099161202,0.7316644292514228,27,0,0,0.0,0.0,6.5,3.5,4.0,0.5,2.25,1,0,1,0.0,1.0,0,0,0,0,0,0,0,0,0,1,0,0,0,1,0,1,0,0,0,1,0,0,0,0,0.0
2019-11-28,1.3693623362781608,1.5800334649363392,-0.2207016836890727,False,True,False,False,63.9722,70.4398,6.49,73.6,0.4592649622162746,1.8170384846767902,1.3561953907370246,-0.2723994670351482,1.1790278890405084,1.4483640095249777,-0.24908924488752063,1.7380368114299731,1.9882087767115604,-0.31057503534251846,1.1261130383465792,1.4351970639838416,-0.13651011144197564,0.2908520780459084,-0.31057503534251846,0.4592649622162746,-0.07785109652987889,0.2532529919844536,-0.4569965413513683,0.4592649622162746,-0.6799666459053473,28,0,0,0.0,0.0,6.5,3.5,4.0,0.5,2.25,1,0,1,0.0,0.0,0,0,0,0,0,0,0,0,0,1,0,0,0,1,0,1,0,0,0,0,1,0,0,0,-0.0
2019-11-29,1.8565393213001986,1.7512037569711094,0.0974668196829365,False,True,False,True,64.1005,70.5747,6.6,73.8,-0.2207016836890727,1.3693623362781608,1.5800334649363392,0.4592649622162746,1.8170384846767902,1.3561953907370246,-0.2723994670351482,1.1790278890405084,1.4483640095249777,-0.31057503534251846,1.1261130383465792,1.4351970639838416,-0.17352150563186036,0.28121256123531724,-0.31057503534251846,0.4592649622162746,-0.09425919245634908,0.2546300493892352,-0.4569965413513683,0.4592649622162746,0.3181685033720092,29,0,0,0.0,0.0,6.5,3.5,4.0,0.5,2.25,1,0,1,0.0,0.0,0,0,0,0,0,0,0,0,0,1,0,0,0,1,0,1,0,0,0,0,0,1,0,0,0.0
2019-11-30,1.8565393213001986,1.7512037569711094,0.0974668196829365,False,False,False,False,64.0817,70.5475,6.6,73.8,0.0974668196829365,1.8565393213001986,1.7512037569711094,-0.2207016836890727,1.3693623362781608,1.5800334649363392,0.4592649622162746,1.8170384846767902,1.3561953907370246,-0.24908924488752063,1.7380368114299731,1.9882087767115604,-0.11522981205679535,0.2902150292601978,-0.31057503534251846,0.4592649622162746,-0.08615173230265645,0.2590803296355777,-0.4569965413513683,0.4592649622162746,0.0,30,0,1,0.0,0.0,6.5,3.5,4.0,0.5,2.25,1,0,0,0.0,0.0,0,0,0,0,0,0,0,0,0,1,0,0,0,1,0,1,0,0,0,0,0,0,1,0,0.0974668196829365
2019-12-01,1.8565393213001986,1.7512037569711094,0.0974668196829365,False,False,False,False,64.0817,70.5475,6.6,73.8,0.0974668196829365,1.8565393213001986,1.7512037569711094,0.0974668196829365,1.8565393213001986,1.7512037569711094,-0.2207016836890727,1.3693623362781608,1.5800334649363392,-0.2723994670351482,1.1790278890405084,1.4483640095249777,-0.056938118481730346,0.28537788671774533,-0.31057503534251846,0.4592649622162746,-0.07804427214896383,0.2631866221679837,-0.4569965413513683,0.4592649622162746,0.0,1,1,0,0.0,1.0,6.25,3.0,4.0,1.0,2.25,0,0,0,0.0,0.0,0,0,0,0,0,0,0,0,0,0,1,0,0,1,0,1,0,0,0,0,0,0,0,1,0.0974668196829365
2019-12-02,1.1411842265392003,1.6722020837242924,-0.5308469092959345,False,True,True,False,64.0817,70.5475,6.6,65.7,0.0974668196829365,1.8565393213001986,1.7512037569711094,0.0974668196829365,1.8565393213001986,1.7512037569711094,0.0974668196829365,1.8565393213001986,1.7512037569711094,0.4592649622162746,1.8170384846767902,1.3561953907370246,0.0013535750933346452,0.26594704294933125,-0.2723994670351482,0.4592649622162746,-0.06993681199527121,0.2669648004968156,-0.4569965413513683,0.4592649622162746,-0.628313728978871,2,0,0,1.0,0.0,6.25,3.0,4.0,1.0,2.25,0,0,0,0.0,0.0,0,0,0,0,0,0,0,0,0,0,1,0,0,1,0,1,0,0,0,0,0,0,0,0,-0.0
2019-12-03,1.014251923667379,1.3298614996547522,-0.31969015179585675,False,True,False,False,64.4097,70.973,6.48,74.5,-0.5308469092959345,1.1411842265392003,1.6722020837242924,0.0974668196829365,1.8565393213001986,1.7512037569711094,0.0974668196829365,1.8565393213001986,1.7512037569711094,-0.2207016836890727,1.3693623362781608,1.5800334649363392,-0.038897519822153045,0.32494657841248853,-0.5308469092959345,0.4592649622162746,-0.07521183827702593,0.27578503086345324,-0.5308469092959345,0.4592649622162746,0.21115675750007773,3,0,0,0.0,0.0,6.25,3.0,4.0,1.0,2.25,0,0,0,0.0,0.0,0,0,0,0,0,0,0,0,0,0,1,0,0,1,0,1,0,0,1,0,0,0,0,0,-0.0
2019-12-04,1.16786678675308,1.2628472627340284,-0.09498047598094825,False,True,False,False,64.1401,71.0608,6.46,94.1,-0.31969015179585675,1.014251923667379,1.3298614996547522,-0.5308469092959345,1.1411842265392003,1.6722020837242924,0.0974668196829365,1.8565393213001986,1.7512037569711094,0.0974668196829365,1.8565393213001986,1.7512037569711094,-0.0456533319308257,0.33104469204062337,-0.5308469092959345,0.4592649622162746,-0.11470795990470228,0.2676858501815764,-0.5308469092959345,0.4592649622162746,0.2247096758149085,4,0,0,0.0,0.0,6.25,3.0,4.0,1.0,2.25,0,0,0,0.0,0.0,0,0,0,0,0,0,0,0,0,0,1,0,0,1,0,1,0,0,0,1,0,0,0,0,-0.0
2019-12-05,1.6985359748065647,1.47469790060725,0.2244332930826524,False,True,False,False,64.1948,71.1086,6.39,78.9,-0.09498047598094825,1.16786678675308,1.2628472627340284,-0.31969015179585675,1.014251923667379,1.3298614996547522,-0.5308469092959345,1.1411842265392003,1.6722020837242924,0.0974668196829365,1.8565393213001986,1.7512037569711094,-0.12483125167328611,0.24533997205311744,-0.5308469092959345,0.0974668196829365,-0.13067068155763087,0.2585755631744988,-0.5308469092959345,0.4592649622162746,0.31941376906360064,5,0,0,0.0,0.0,6.25,3.0,4.0,1.0,2.25,0,0,0,0.0,1.0,0,0,0,0,0,0,0,0,0,0,1,0,0,1,0,1,0,0,0,0,1,0,0,0,0.0
2019-12-06,1.0995560831563336,1.487864846148386,-0.3882360056110593,False,True,False,False,63.8135,70.7245,6.24,104.3,0.2244332930826524,1.6985359748065647,1.47469790060725,-0.09498047598094825,1.16786678675308,1.2628472627340284,-0.31969015179585675,1.014251923667379,1.3298614996547522,0.0974668196829365,1.8565393213001986,1.7512037569711094,-0.0612405407058968,0.27253083744824774,-0.5308469092959345,0.2244332930826524,-0.11738102316887856,0.272346770544337,-0.5308469092959345,0.4592649622162746,-0.6126692986937117,6,0,0,0.0,0.0,6.25,3.0,4.0,1.0,2.25,0,0,0,0.0,0.0,0,0,0,0,0,0,0,0,0,0,1,0,0,1,0,1,0,0,0,0,0,1,0,0,-0.0
2019-12-07,1.0995560831563336,1.487864846148386,-0.3882360056110593,False,False,False,False,63.7185,70.7594,6.24,104.3,-0.3882360056110593,1.0995560831563336,1.487864846148386,0.2244332930826524,1.6985359748065647,1.47469790060725,-0.09498047598094825,1.16786678675308,1.2628472627340284,-0.5308469092959345,1.1411842265392003,1.6722020837242924,-0.13062665860503905,0.28684354576685656,-0.5308469092959345,0.2244332930826524,-0.1229282353309172,0.2773297978154006,-0.5308469092959345,0.4592649622162746,0.0,7,0,0,0.0,0.0,6.25,3.0,4.0,1.0,2.25,0,0,0,0.0,0.0,0,0,0,0,0,0,0,0,0,0,1,0,0,1,0,1,0,0,0,0,0,0,1,0,-0.3882360056110593
2019-12-08,1.0995560831563336,1.487864846148386,-0.3882360056110593,False,False,False,False,63.7185,70.7594,6.24,104.3,-0.3882360056110593,1.0995560831563336,1.487864846148386,-0.3882360056110593,1.0995560831563336,1.487864846148386,0.2244332930826524,1.6985359748065647,1.47469790060725,-0.31969015179585675,1.014251923667379,1.3298614996547522,-0.20001277650418134,0.28116134923331304,-0.5308469092959345,0.2244332930826524,-0.12847544749295584,0.28210741371791487,-0.5308469092959345,0.4592649622162746,0.0,8,0,0,0.0,0.0,6.25,3.0,4.0,1.0,2.25,0,0,0,0.0,0.0,0,0,0,0,0,0,0,0,0,0,1,0,0,1,0,1,0,0,0,0,0,0,0,1,-0.3882360056110593
2019-12-09,1.5010317916895224,1.7380368114299731,-0.22945348903818816,False,True,False,False,63.7185,70.7594,6.2,72.7,-0.3882360056110593,1.0995560831563336,1.487864846148386,-0.3882360056110593,1.0995560831563336,1.487864846148386,-0.3882360056110593,1.0995560831563336,1.487864846148386,-0.09498047598094825,1.16786678675308,1.2628472627340284,-0.2693988944033236,0.2541466329189236,-0.5308469092959345,0.2244332930826524,-0.13402265965499446,0.28668988782440363,-0.5308469092959345,0.4592649622162746,0.15878251657287115,9,0,0,0.0,0.0,6.25,3.0,4.0,1.0,2.25,0,0,0,0.0,0.0,0,0,0,0,0,0,0,0,0,0,1,0,0,1,0,1,0,0,0,0,0,0,0,0,-0.0
2019-12-10,1.2820293990074143,1.5405326283129308,-0.25694290893060123,False,True,False,False,63.7244,70.5047,6.12,58.5,-0.22945348903818816,1.5010317916895224,1.7380368114299731,-0.3882360056110593,1.0995560831563336,1.487864846148386,-0.3882360056110593,1.0995560831563336,1.487864846148386,0.2244332930826524,1.6985359748065647,1.47469790060725,-0.22634269150935982,0.22649752787802163,-0.3882360056110593,0.2244332930826524,-0.1326201056657564,0.2861311395284432,-0.5308469092959345,0.4592649622162746,-0.027489419892413075,10,0,0,0.0,0.0,6.25,3.0,4.0,1.0,2.25,0,0,0,0.0,0.0,0,0,0,0,0,0,0,0,0,0,1,0,0,1,0,1,0,0,1,0,0,0,0,0,-0.0
2019-12-11,1.5668665193952032,1.64586819264202,-0.07767456157156986,False,True,False,False,63.5788,70.3881,6.22,154.7,-0.25694290893060123,1.2820293990074143,1.5405326283129308,-0.22945348903818816,1.5010317916895224,1.7380368114299731,-0.3882360056110593,1.0995560831563336,1.487864846148386,-0.3882360056110593,1.0995560831563336,1.487864846148386,-0.2173787996714662,0.22340805203157182,-0.3882360056110593,0.2244332930826524,-0.13151606580114591,0.2855795998414005,-0.5308469092959345,0.4592649622162746,0.17926834735903135,11,0,0,0.0,0.0,6.25,3.0,4.0,1.0,2.25,0,0,0,0.0,0.0,0,0,0,0,0,0,0,0,0,0,1,0,0,1,0,1,0,0,0,1,0,0,0,0,-0.0
2019-12-12,1.4483640095249777,1.5010317916895224,-0.04562030356021698,False,True,False,False,63.5653,70.4558,6.04,100.3,-0.07767456157156986,1.5668665193952032,1.64586819264202,-0.25694290893060123,1.2820293990074143,1.5405326283129308,-0.22945348903818816,1.5010317916895224,1.7380368114299731,-0.3882360056110593,1.0995560831563336,1.487864846148386,-0.2149065261844121,0.22507779611455428,-0.3882360056110593,0.2244332930826524,-0.1698688889288491,0.2309691521059007,-0.5308469092959345,0.2244332930826524,0.032054258011352886,12,0,0,0.0,0.0,6.25,3.0,4.0,1.0,2.25,0,0,0,0.0,0.0,0,0,0,0,0,0,0,0,0,0,1,0,0,1,0,1,0,0,0,0,1,0,0,0,-0.0
2019-12-13,1.3014447175939097,1.711702920347701,-0.40543313142464044,False,True,False,False,63.2257,70.4271,5.98,128.15,-0.04562030356021698,1.4483640095249777,1.5010317916895224,-0.07767456157156986,1.5668665193952032,1.64586819264202,-0.25694290893060123,1.2820293990074143,1.5405326283129308,-0.3882360056110593,1.0995560831563336,1.487864846148386,-0.25348561141910775,0.14673105413001916,-0.3882360056110593,-0.04562030356021698,-0.15736307606250224,0.23273820599473843,-0.5308469092959345,0.2244332930826524,-0.3598128278644235,13,0,0,0.0,0.0,6.25,3.0,4.0,1.0,2.25,0,0,0,0.0,0.0,0,0,0,0,0,0,0,0,0,0,1,0,0,1,0,1,0,0,0,0,0,1,0,0,-0.0
2019-12-14,1.3014447175939097,1.711702920347701,-0.40543313142464044,False,False,False,False,62.5544,69.8608,5.98,128.15,-0.40543313142464044,1.3014447175939097,1.711702920347701,-0.04562030356021698,1.4483640095249777,1.5010317916895224,-0.07767456157156986,1.5668665193952032,1.64586819264202,-0.22945348903818816,1.5010317916895224,1.7380368114299731,-0.2559423436781908,0.1494814062260116,-0.40543313142464044,-0.04562030356021698,-0.19328450114161488,0.22916361917117112,-0.5308469092959345,0.2244332930826524,0.0,14,0,0,0.0,0.0,6.25,3.0,4.0,1.0,2.25,0,0,0,0.0,0.0,0,0,0,0,0,0,0,0,0,0,1,0,0,1,0,1,0,0,0,0,0,0,1,0,-0.40543313142464044
2019-12-15,1.3014447175939097,1.711702920347701,-0.40543313142464044,False,False,False,False,62.5544,69.8608,5.98,128.15,-0.40543313142464044,1.3014447175939097,1.711702920347701,-0.40543313142464044,1.3014447175939097,1.711702920347701,-0.04562030356021698,1.4483640095249777,1.5010317916895224,-0.25694290893060123,1.2820293990074143,1.5405326283129308,-0.2583990759372738,0.15213578296132463,-0.40543313142464044,-0.04562030356021698,-0.22920592622072752,0.21928438936071593,-0.5308469092959345,0.2244332930826524,0.0,15,0,0,0.0,0.0,6.25,3.0,4.0,1.0,2.25,0,0,0,0.0,0.0,0,0,0,0,0,0,0,0,0,0,1,0,0,1,0,1,0,0,0,0,0,0,0,1,-0.40543313142464044
2019-12-16,1.3158131341174035,1.9882087767115604,-0.6762905209537554,False,True,False,False,62.5544,69.8608,5.9,130.2,-0.40543313142464044,1.3014447175939097,1.711702920347701,-0.40543313142464044,1.3014447175939097,1.711702920347701,-0.40543313142464044,1.3014447175939097,1.711702920347701,-0.07767456157156986,1.5668665193952032,1.64586819264202,-0.2608558081963568,0.15469912474204478,-0.40543313142464044,-0.04562030356021698,-0.26512735129984016,0.20217841063443656,-0.5308469092959345,0.2244332930826524,-0.270857389529115,16,0,0,0.0,0.0,6.25,3.0,4.0,1.0,2.25,0,0,0,1.0,0.0,0,0,0,0,0,0,0,0,0,0,1,0,0,1,0,1,0,0,0,0,0,0,0,0,-0.0
2019-12-17,1.6985359748065647,1.5010317916895224,0.20678560462337026,False,True,False,False,62.7686,69.9431,5.85,124.38,-0.6762905209537554,1.3158131341174035,1.9882087767115604,-0.40543313142464044,1.3014447175939097,1.711702920347701,-0.40543313142464044,1.3014447175939097,1.711702920347701,-0.04562030356021698,1.4483640095249777,1.5010317916895224,-0.3246896698985807,0.2185815930006874,-0.6762905209537554,-0.04562030356021698,-0.2755161807039702,0.21984727323853537,-0.6762905209537554,0.2244332930826524,0.8830761255771257,17,0,0,0.0,0.0,6.25,3.0,4.0,1.0,2.25,0,0,0,0.0,1.0,0,0,0,0,0,0,0,0,0,0,1,0,0,1,0,1,0,0,1,0,0,0,0,0,0.0
2019-12-18,1.5668665193952032,1.64586819264202,-0.08111276325380624,False,True,False,False,62.5326,69.6801,5.89,120.65,0.20678560462337026,1.6985359748065647,1.5010317916895224,-0.6762905209537554,1.3158131341174035,1.9882087767115604,-0.40543313142464044,1.3014447175939097,1.711702920347701,-0.40543313142464044,1.3014447175939097,1.711702920347701,-0.25844273939087054,0.2982792958473052,-0.6762905209537554,0.20678560462337026,-0.23791076953116835,0.25407328459304895,-0.6762905209537554,0.2244332930826524,-0.2878983678771765,18,0,0,0.0,0.0,6.25,3.0,4.0,1.0,2.25,0,0,0,0.0,0.0,0,0,0,0,0,0,0,0,0,0,1,0,0,1,0,1,0,0,0,1,0,0,0,0,-0.0
2019-12-19,1.64586819264202,1.6853690292654286,-0.04377019909637302,False,True,False,False,62.5831,69.6925,5.94,102.0,-0.08111276325380624,1.5668665193952032,1.64586819264202,0.20678560462337026,1.6985359748065647,1.5010317916895224,-0.6762905209537554,1.3158131341174035,1.9882087767115604,-0.40543313142464044,1.3014447175939097,1.711702920347701,-0.2589339110597614,0.2979346481932989,-0.6762905209537554,0.20678560462337026,-0.23692021862208673,0.25469964974658965,-0.6762905209537554,0.2244332930826524,0.03734256415743322,19,0,0,0.0,0.0,6.25,3.0,4.0,1.0,2.25,0,0,0,0.0,0.0,0,0,0,0,0,0,0,0,0,0,1,0,0,1,0,1,0,0,0,0,1,0,0,0,-0.0
2019-12-20,1.632701247100884,1.882873212382471,-0.2484858266311878,False,True,False,False,62.5283,69.5877,6.04,139.45,-0.04377019909637302,1.64586819264202,1.6853690292654286,-0.08111276325380624,1.5668665193952032,1.64586819264202,0.20678560462337026,1.6985359748065647,1.5010317916895224,-0.40543313142464044,1.3014447175939097,1.711702920347701,-0.25866961042206943,0.29815615773785203,-0.6762905209537554,0.20678560462337026,-0.25607761092058856,0.22577331012092094,-0.6762905209537554,0.20678560462337026,-0.20471562753481476,20,0,0,0.0,0.0,6.25,3.0,4.0,1.0,2.25,0,0,0,0.0,0.0,0,0,0,0,0,0,0,0,0,0,1,0,0,1,0,1,0,0,0,0,0,1,0,0,-0.0
2019-12-21,1.632701247100884,1.882873212382471,-0.2484858266311878,False,False,False,False,62.4071,69.378,6.04,139.45,-0.2484858266311878,1.632701247100884,1.882873212382471,-0.04377019909637302,1.64586819264202,1.6853690292654286,-0.08111276325380624,1.5668665193952032,1.64586819264202,-0.6762905209537554,1.3158131341174035,1.9882087767115604,-0.2362485668801476,0.2910978708220139,-0.6762905209537554,0.20678560462337026,-0.24609545527916918,0.22254704328652875,-0.6762905209537554,0.20678560462337026,0.0,21,0,0,0.0,0.0,6.25,3.0,4.0,1.0,2.25,0,0,0,0.0,0.0,0,0,0,0,0,0,0,0,0,0,1,0,0,1,0,1,0,0,0,0,0,0,1,0,-0.2484858266311878
2019-12-22,1.632701247100884,1.882873212382471,-0.2484858266311878,False,False,False,False,62.4071,69.378,6.04,139.45,-0.2484858266311878,1.632701247100884,1.882873212382471,-0.2484858266311878,1.632701247100884,1.882873212382471,-0.04377019909637302,1.64586819264202,1.6853690292654286,0.20678560462337026,1.6985359748065647,1.5010317916895224,-0.2138275233382258,0.28179047584869465,-0.6762905209537554,0.20678560462337026,-0.23611329963774977,0.2187833832059506,-0.6762905209537554,0.20678560462337026,0.0,22,0,0,0.0,0.0,6.25,3.0,4.0,1.0,2.25,0,0,0,0.0,0.0,0,0,0,0,0,0,0,0,0,0,1,0,0,1,0,1,0,0,0,0,0,0,0,1,-0.2484858266311878
2019-12-23,2.1725460142874664,2.2515476875342837,-0.08001930337227862,False,True,False,False,62.4071,69.378,6.02,107.35,-0.2484858266311878,1.632701247100884,1.882873212382471,-0.2484858266311878,1.632701247100884,1.882873212382471,-0.2484858266311878,1.632701247100884,1.882873212382471,-0.08111276325380624,1.5668665193952032,1.64586819264202,-0.19140647979630399,0.2700014815566214,-0.6762905209537554,0.20678560462337026,-0.22613114399633036,0.2144540380532732,-0.6762905209537554,0.20678560462337026,0.16846652325890915,23,0,0,0.0,0.0,6.25,3.0,4.0,1.0,2.25,0,0,0,0.0,0.0,0,0,0,0,0,0,0,0,0,0,1,0,0,1,0,1,0,0,0,0,0,0,0,0,-0.0
2019-12-24,2.936228855673364,1.9487079400881517,0.9956462538739902,False,True,False,False,62.2499,68.9978,6.07,90.7,-0.08001930337227862,2.1725460142874664,2.2515476875342837,-0.2484858266311878,1.632701247100884,1.882873212382471,-0.2484858266311878,1.632701247100884,1.882873212382471,-0.04377019909637302,1.64586819264202,1.6853690292654286,-0.10622487728466445,0.16528159411239265,-0.2484858266311878,0.20678560462337026,-0.21545727359162256,0.21796604155900978,-0.6762905209537554,0.20678560462337026,1.0756655572462688,24,0,0,0.0,0.0,6.25,3.0,4.0,1.0,2.25,0,0,0,0.0,1.0,0,0,0,0,0,0,0,0,0,0,1,0,0,1,0,1,0,0,1,0,0,0,0,0,0.0
2019-12-25,2.1067112865817856,2.2515476875342837,-0.1466673747529897,False,True,False,False,62.1673,68.9062,6.22,140.94,0.9956462538739902,2.936228855673364,1.9487079400881517,-0.08001930337227862,2.1725460142874664,2.2515476875342837,-0.2484858266311878,1.632701247100884,1.882873212382471,-0.2484858266311878,1.632701247100884,1.882873212382471,0.006469501179709823,0.44556187363976235,-0.2484858266311878,0.9956462538739902,-0.12598661910558032,0.38933871575844636,-0.6762905209537554,0.9956462538739902,-1.14231362862698,25,0,0,0.0,0.0,6.25,3.0,4.0,1.0,2.25,1,1,1,0.0,0.0,0,0,0,0,0,0,0,0,0,0,1,0,0,1,0,1,0,0,0,1,0,0,0,0,-0.0
2019-12-26,2.9493958012145,2.3173824152399645,0.6365094222209261,False,True,False,False,61.7164,68.4065,6.18,76.8,-0.1466673747529897,2.1067112865817856,2.2515476875342837,0.9956462538739902,2.936228855673364,1.9487079400881517,-0.08001930337227862,2.1725460142874664,2.2515476875342837,-0.2484858266311878,1.632701247100884,1.882873212382471,-0.002895443320173528,0.4483894575546606,-0.2484858266311878,0.9956462538739902,-0.13091467718996744,0.3891167415106133,-0.6762905209537554,0.9956462538739902,0.7831767969739158,26,0,0,0.0,0.0,6.25,3.0,4.0,1.0,2.25,1,0,1,0.0,1.0,0,0,0,0,0,0,0,0,0,0,1,0,0,1,0,1,0,0,0,0,1,0,0,0,0.0
2019-12-27,2.9493958012145,2.725557727015185,0.2240043735378499,False,True,False,False,61.7676,68.5003,6.23,106.6,0.6365094222209261,2.9493958012145,2.3173824152399645,-0.1466673747529897,2.1067112865817856,2.2515476875342837,0.9956462538739902,2.936228855673364,1.9487079400881517,-0.2484858266311878,1.632701247100884,1.882873212382471,0.09428735972515492,0.5078344529865046,-0.2484858266311878,0.9956462538739902,-0.08219112534845721,0.4399984909009858,-0.6762905209537554,0.9956462538739902,-0.4125050486830762,27,0,0,0.0,0.0,6.25,3.0,4.0,1.0,2.25,1,0,1,0.0,1.0,0,0,0,0,0,0,0,0,0,0,1,0,0,1,0,1,0,0,0,0,0,1,0,0,0.0
2019-12-28,0.10378693330508655,0.0009590226741222348,0.10282791062359083,False,False,False,False,62.0315,69.0349,6.23,106.6,0.2240043735378499,2.9493958012145,2.725557727015185,0.6365094222209261,2.9493958012145,2.3173824152399645,-0.1466673747529897,2.1067112865817856,2.2515476875342837,-0.08001930337227862,2.1725460142874664,2.2515476875342837,0.16178595974930318,0.4855951003994441,-0.2484858266311878,0.9956462538739902,-0.037231303565422195,0.4365735136735314,-0.6762905209537554,0.9956462538739902,-0.12117646291425908,28,0,0,0.0,0.0,6.25,3.0,4.0,1.0,2.25,1,0,0,0.0,0.0,0,0,0,0,0,0,0,0,0,0,1,0,0,1,0,1,0,0,0,0,0,0,1,0,0.10282791062359083
2019-12-29,0.0012338060135533738,0.00012620438391674381,0.0011076016296366297,False,False,False,False,62.0315,69.0349,6.23,106.6,0.10282791062359083,0.10378693330508655,0.0009590226741222348,0.2240043735378499,2.9493958012145,2.725557727015185,0.6365094222209261,2.9493958012145,2.3173824152399645,0.9956462538739902,2.936228855673364,1.9487079400881517,0.21197363649998582,0.45319920229503396,-0.2484858266311878,0.9956462538739902,-0.0009269434191199615,0.42456724867869966,-0.6762905209537554,0.9956462538739902,-0.10172030899395419,29,0,0,0.0,0.0,6.25,3.0,4.0,1.0,2.25,1,0,0,0.0,0.0,0,0,0,0,0,0,0,0,0,0,1,0,0,1,0,1,0,0,0,0,0,0,0,1,0.0011076016296366297
2019-12-30,2.699223835932913,3.6604108604358525,-0.966615846869805,False,True,False,False,62.0315,69.0349,6.23,24.45,0.0011076016296366297,0.0012338060135533738,0.00012620438391674381,0.10282791062359083,0.10378693330508655,0.0009590226741222348,0.2240043735378499,2.9493958012145,2.725557727015185,-0.1466673747529897,2.1067112865817856,2.2515476875342837,0.2476298405372465,0.41949952622849646,-0.1466673747529897,0.9956462538739902,0.028111680370471258,0.40836626021768374,-0.6762905209537554,0.9956462538739902,-0.9677234484994416,30,0,0,0.0,0.0,6.25,3.0,4.0,1.0,2.25,1,0,1,1.0,0.0,0,0,0,0,0,0,0,0,0,0,1,0,0,1,0,1,0,0,0,0,0,0,0,0,-0.0
2019-12-31,1.0356521521182154,1.4483640095249777,-0.41133773038740207,False,True,False,True,61.9057,69.3406,6.23,24.45,-0.966615846869805,2.699223835932913,3.6604108604358525,0.0011076016296366297,0.0012338060135533738,0.00012620438391674381,0.10282791062359083,0.10378693330508655,0.0009590226741222348,0.6365094222209261,2.9493958012145,2.3173824152399645,0.12097319146617128,0.6205675353577806,-0.966615846869805,0.9956462538739902,0.007374157090753429,0.45193590392278504,-0.966615846869805,0.9956462538739902,0.5552781164824029,31,0,1,0.0,0.0,6.25,3.0,4.0,1.0,2.25,1,0,1,0.0,0.0,0,0,0,0,0,0,0,0,0,0,1,0,0,1,0,1,0,0,1,0,0,0,0,0,-0.0
2020-01-01,1.0356521521182154,1.4483640095249777,-0.41133773038740207,True,False,False,False,61.9057,69.3777,6.23,24.45,-0.41133773038740207,1.0356521521182154,1.4483640095249777,-0.966615846869805,2.699223835932913,3.6604108604358525,0.0011076016296366297,0.0012338060135533738,0.00012620438391674381,0.2240043735378499,2.9493958012145,2.725557727015185,-0.08002452057117049,0.5076294227999378,-0.966615846869805,0.6365094222209261,-0.0367775096957303,0.46105750851849636,-0.966615846869805,0.9956462538739902,0.0,1,1,0,0.0,1.0,6.25,2.4,4.0,1.6,2.25,0,0,0,0.0,0.0,0,0,0,0,0,0,0,0,0,0,0,0,0,0,0,0,1,0,0,1,0,0,0,0,-0.41133773038740207
2020-01-02,1.0356521521182154,1.4483640095249777,-0.41133773038740207,True,False,False,False,61.9057,69.3777,6.23,24.45,-0.41133773038740207,1.0356521521182154,1.4483640095249777,-0.41133773038740207,1.0356521521182154,1.4483640095249777,-0.966615846869805,2.699223835932913,3.6604108604358525,0.10282791062359083,0.10378693330508655,0.0009590226741222348,-0.11783457137608654,0.5230432994735923,-0.966615846869805,0.6365094222209261,-0.06036500734813,0.47182158489739706,-0.966615846869805,0.9956462538739902,0.0,2,0,0,1.0,0.0,6.25,2.4,4.0,1.6,2.25,0,0,0,0.0,0.0,0,0,0,0,0,0,0,0,0,0,0,0,0,0,0,0,1,0,0,0,1,0,0,0,-0.41133773038740207
2020-01-03,0.019042046398297763,0.10108052624201368,-0.08203847984371591,True,False,False,False,61.9057,69.3777,6.23,24.45,-0.41133773038740207,1.0356521521182154,1.4483640095249777,-0.41133773038740207,1.0356521521182154,1.4483640095249777,-0.41133773038740207,1.0356521521182154,1.4483640095249777,0.0011076016296366297,0.0012338060135533738,0.00012620438391674381,-0.26752702174870485,0.40859519383067316,-0.966615846869805,0.2240043735378499,-0.08661983101177494,0.4809652912164767,-0.966615846869805,0.9956462538739902,0.32929925054368614,3,0,0,0.0,0.0,6.25,2.4,4.0,1.6,2.25,0,0,0,0.0,0.0,0,0,0,0,0,0,0,0,0,0,0,0,0,0,0,0,1,0,0,0,0,1,0,0,-0.08203847984371591
2020-01-04,0.019042046398297763,0.10108052624201368,-0.08203847984371591,True,False,False,False,61.9057,69.3777,6.23,24.45,-0.08203847984371591,0.019042046398297763,0.10108052624201368,-0.41133773038740207,1.0356521521182154,1.4483640095249777,-0.41133773038740207,1.0356521521182154,1.4483640095249777,-0.966615846869805,2.699223835932913,3.6604108604358525,-0.3112474293746428,0.3608145328868182,-0.966615846869805,0.10282791062359083,-0.0747307348126698,0.4787082319467812,-0.966615846869805,0.9956462538739902,0.0,4,0,0,0.0,0.0,6.25,2.4,4.0,1.6,2.25,0,0,0,0.0,0.0,0,0,0,0,0,0,0,0,0,0,0,0,0,0,0,0,1,0,0,0,0,0,1,0,-0.08203847984371591
2020-01-05,0.019042046398297763,0.10108052624201368,-0.08203847984371591,True,False,False,False,61.9057,69.3777,6.23,24.45,-0.08203847984371591,0.019042046398297763,0.10108052624201368,-0.08203847984371591,0.019042046398297763,0.10108052624201368,-0.41133773038740207,1.0356521521182154,1.4483640095249777,-0.41133773038740207,1.0356521521182154,1.4483640095249777,-0.33765691372711526,0.3309881398071717,-0.966615846869805,0.0011076016296366297,-0.06284163861356466,0.4761208710484787,-0.966615846869805,0.9956462538739902,0.0,5,0,0,0.0,0.0,6.25,2.4,4.0,1.6,2.25,0,0,0,0.0,0.0,0,0,0,0,0,0,0,0,0,0,0,0,0,0,0,0,1,0,0,0,0,0,0,1,-0.08203847984371591
2020-01-06,0.017085040662296533,0.10165449588729478,-0.0845694552118313,True,False,False,False,61.9057,69.3777,6.23,24.45,-0.08203847984371591,0.019042046398297763,0.10108052624201368,-0.08203847984371591,0.019042046398297763,0.10108052624201368,-0.08203847984371591,0.019042046398297763,0.10108052624201368,-0.41133773038740207,1.0356521521182154,1.4483640095249777,-0.3495349253661656,0.31804367334028616,-0.966615846869805,-0.08203847984371591,-0.05095254241445953,0.473197790461871,-0.966615846869805,0.9956462538739902,-0.00253097536811539,6,0,0,0.0,0.0,6.25,2.4,4.0,1.6,2.25,0,0,0,0.0,0.0,0,0,0,0,0,0,0,0,0,0,0,0,0,0,0,0,1,0,0,0,0,0,0,0,-0.0845694552118313
2020-01-07,0.017085040662296533,0.10165449588729478,-0.0845694552118313,True,False,False,False,61.9057,69.3777,6.23,24.45,-0.0845694552118313,0.017085040662296533,0.10165449588729478,-0.08203847984371591,0.019042046398297763,0.10108052624201368,-0.08203847984371591,0.019042046398297763,0.10108052624201368,-0.41133773038740207,1.0356521521182154,1.4483640095249777,-0.22352829798645507,0.1756819164454885,-0.41133773038740207,-0.08203847984371591,-0.05127755326014187,0.47322085241286876,-0.966615846869805,0.9956462538739902,0.0,7,0,0,0.0,0.0,6.25,2.4,4.0,1.6,2.25,0,0,0,0.0,0.0,0,0,0,0,0,0,0,0,0,0,0,0,0,0,0,0,1,0,1,0,0,0,0,0,-0.0845694552118313
2020-01-08,0.006048744441413764,0.006876688860719534,-0.0008279444194374402,True,False,False,False,61.9057,69.3777,6.23,24.45,-0.0845694552118313,0.017085040662296533,0.10165449588729478,-0.0845694552118313,0.017085040662296533,0.10165449588729478,-0.08203847984371591,0.019042046398297763,0.10108052624201368,-0.08203847984371591,0.019042046398297763,0.10108052624201368,-0.17684711581851636,0.16019158441383047,-0.41133773038740207,-0.08203847984371591,-0.1284358181948434,0.3651032519904234,-0.966615846869805,0.6365094222209261,0.08374151079239386,8,0,0,0.0,0.0,6.25,2.4,4.0,1.6,2.25,0,0,0,0.0,0.0,0,0,0,0,0,0,0,0,0,0,0,0,0,0,0,0,1,0,0,1,0,0,0,0,-0.0008279444194374402
2020-01-09,1.8433723757590625,2.2647146330754198,-0.4226454750672002,False,True,True,False,61.9057,69.3777,6.17,102.7,-0.0008279444194374402,0.006048744441413764,0.006876688860719534,-0.0845694552118313,0.017085040662296533,0.10165449588729478,-0.0845694552118313,0.017085040662296533,0.10165449588729478,-0.08203847984371591,0.019042046398297763,0.10108052624201368,-0.11820286068023571,0.13284760821842592,-0.41133773038740207,-0.0008279444194374402,-0.1180187160281611,0.3666204446364959,-0.966615846869805,0.6365094222209261,-0.42181753064776273,9,0,0,0.0,0.0,6.25,2.4,4.0,1.6,2.25,0,0,0,0.0,0.0,0,0,0,0,0,0,0,0,0,0,0,0,0,0,0,0,1,0,0,0,1,0,0,0,-0.0
2020-01-10,1.8038715391356541,1.487864846148386,0.3215791691922057,False,True,False,False,61.234,68.0555,6.15,107.3,-0.4226454750672002,1.8433723757590625,2.2647146330754198,-0.0008279444194374402,0.006048744441413764,0.006876688860719534,-0.0845694552118313,0.017085040662296533,0.10165449588729478,-0.08203847984371591,0.019042046398297763,0.10108052624201368,-0.11981825277734973,0.13700967680622594,-0.4226454750672002,-0.0008279444194374402,-0.19367263726302728,0.3026412810914856,-0.966615846869805,0.2240043735378499,0.7442246442594058,10,0,0,0.0,0.0,6.25,2.4,4.0,1.6,2.25,0,0,0,0.0,1.0,0,0,0,0,0,0,0,0,0,0,0,0,0,0,0,0,1,0,0,0,0,1,0,0,0.0
2020-01-11,1.8038715391356541,1.487864846148386,0.3215791691922057,False,False,False,False,61.2632,68.045,6.15,107.3,0.3215791691922057,1.8038715391356541,1.487864846148386,-0.4226454750672002,1.8433723757590625,2.2647146330754198,-0.0008279444194374402,0.006048744441413764,0.006876688860719534,-0.0845694552118313,0.017085040662296533,0.10165449588729478,-0.062158588629360925,0.21708747239385612,-0.4226454750672002,0.3215791691922057,-0.18670300900200185,0.3139136289735554,-0.966615846869805,0.3215791691922057,0.0,11,0,0,0.0,0.0,6.25,2.4,4.0,1.6,2.25,0,0,0,0.0,1.0,0,0,0,0,0,0,0,0,0,0,0,0,0,0,0,0,1,0,0,0,0,0,1,0,0.3215791691922057
2020-01-12,1.8038715391356541,1.487864846148386,0.3215791691922057,False,False,False,False,61.2632,68.045,6.15,107.3,0.3215791691922057,1.8038715391356541,1.487864846148386,0.3215791691922057,1.8038715391356541,1.487864846148386,-0.4226454750672002,1.8433723757590625,2.2647146330754198,-0.0845694552118313,0.017085040662296533,0.10165449588729478,-0.004498924481372132,0.2602398965818961,-0.4226454750672002,0.3215791691922057,-0.1710779191042436,0.33422097424052744,-0.966615846869805,0.3215791691922057,0.0,12,0,0,0.0,0.0,6.25,2.4,4.0,1.6,2.25,0,0,0,0.0,1.0,0,0,0,0,0,0,0,0,0,0,0,0,0,0,0,0,1,0,0,0,0,0,0,1,0.3215791691922057
2020-01-13,1.6853690292654286,1.8565393213001986,-0.1739709609317983,False,True,False,False,61.2632,68.045,6.02,30.8,0.3215791691922057,1.8038715391356541,1.487864846148386,0.3215791691922057,1.8038715391356541,1.487864846148386,0.3215791691922057,1.8038715391356541,1.487864846148386,-0.0008279444194374402,0.006048744441413764,0.006876688860719534,0.05316073966661667,0.28384000924174646,-0.4226454750672002,0.3215791691922057,-0.14818709284977444,0.35711179775176854,-0.966615846869805,0.3215791691922057,-0.495550130124004,13,0,0,0.0,0.0,6.25,2.4,4.0,1.6,2.25,0,0,0,0.0,0.0,0,0,0,0,0,0,0,0,0,0,0,0,0,0,0,0,1,0,0,0,0,0,0,0,-0.0
2020-01-14,1.5668665193952032,1.7380368114299731,-0.168409401112235,False,True,False,False,60.9474,67.8162,5.87,69.2,-0.1739709609317983,1.6853690292654286,1.8565393213001986,0.3215791691922057,1.8038715391356541,1.487864846148386,0.3215791691922057,1.8038715391356541,1.487864846148386,-0.4226454750672002,1.8433723757590625,2.2647146330754198,0.040389095992335665,0.29293580176624634,-0.4226454750672002,0.3215791691922057,-0.09156960099705967,0.2694490798605841,-0.4226454750672002,0.3215791691922057,0.0055615598195633,14,0,0,0.0,0.0,6.25,2.4,4.0,1.6,2.25,0,0,0,0.0,0.0,0,0,0,0,0,0,0,0,0,0,0,0,0,0,0,0,1,0,1,0,0,0,0,0,-0.0
2020-01-15,1.6722020837242924,1.5405326283129308,0.12476300530100205,False,True,False,False,61.414,68.4213,6.07,113.5,-0.168409401112235,1.5668665193952032,1.7380368114299731,-0.1739709609317983,1.6853690292654286,1.8565393213001986,0.3215791691922057,1.8038715391356541,1.487864846148386,0.3215791691922057,1.8038715391356541,1.487864846148386,0.028411960863706565,0.30051242743339207,-0.4226454750672002,0.3215791691922057,-0.07421757747740487,0.2546904435577053,-0.4226454750672002,0.3215791691922057,0.29317240641323705,15,0,0,0.0,0.0,6.25,2.4,4.0,1.6,2.25,0,0,0,0.0,0.0,0,0,0,0,0,0,0,0,0,0,0,0,0,0,0,0,1,0,0,1,0,0,0,0,0.0
2020-01-16,1.487864846148386,1.4220301184427053,0.06512923847116248,False,True,False,False,61.4328,68.3747,5.95,70.5,0.12476300530100205,1.6722020837242924,1.5405326283129308,-0.168409401112235,1.5668665193952032,1.7380368114299731,-0.1739709609317983,1.6853690292654286,1.8565393213001986,0.3215791691922057,1.8038715391356541,1.487864846148386,0.04635352510948364,0.302219999300055,-0.4226454750672002,0.3215791691922057,-0.03592466778537601,0.2399820993776726,-0.4226454750672002,0.3215791691922057,-0.05963376682983958,16,0,0,0.0,0.0,6.25,2.4,4.0,1.6,2.25,0,0,0,0.0,0.0,0,0,0,0,0,0,0,0,0,0,0,0,0,0,0,0,1,0,0,0,1,0,0,0,0.0
2020-01-17,1.046938295989344,1.4220301184427053,-0.3791543653662435,False,True,False,False,61.5694,68.656,5.93,41.3,0.06512923847116248,1.487864846148386,1.4220301184427053,0.12476300530100205,1.6722020837242924,1.5405326283129308,-0.168409401112235,1.5668665193952032,1.7380368114299731,0.3215791691922057,1.8038715391356541,1.487864846148386,0.11603562704353544,0.2215193241372819,-0.1739709609317983,0.3215791691922057,-0.0018913128669071147,0.21514743767967376,-0.4226454750672002,0.3215791691922057,-0.44428360383740595,17,0,0,0.0,0.0,6.25,2.4,4.0,1.6,2.25,0,0,0,0.0,0.0,0,0,0,0,0,0,0,0,0,0,0,0,0,0,0,0,1,0,0,0,0,1,0,0,-0.0
2020-01-18,1.046938295989344,1.4220301184427053,-0.3791543653662435,False,False,False,False,61.5333,68.5358,5.93,41.3,-0.3791543653662435,1.046938295989344,1.4220301184427053,0.06512923847116248,1.487864846148386,1.4220301184427053,0.12476300530100205,1.6722020837242924,1.5405326283129308,-0.1739709609317983,1.6853690292654286,1.8565393213001986,0.01593083639232842,0.2668467296913936,-0.3791543653662435,0.3215791691922057,-0.023113876118516227,0.23718667444649313,-0.4226454750672002,0.3215791691922057,0.0,18,0,0,0.0,0.0,6.25,2.4,4.0,1.6,2.25,0,0,0,0.0,0.0,0,0,0,0,0,0,0,0,0,0,0,0,0,0,0,0,1,0,0,0,0,0,1,0,-0.3791543653662435
2020-01-19,1.046938295989344,1.4220301184427053,-0.3791543653662435,False,False,False,False,61.5333,68.5358,5.93,41.3,-0.3791543653662435,1.046938295989344,1.4220301184427053,-0.3791543653662435,1.046938295989344,1.4220301184427053,0.06512923847116248,1.487864846148386,1.4220301184427053,-0.168409401112235,1.5668665193952032,1.7380368114299731,-0.08417395425887861,0.2645019509719993,-0.3791543653662435,0.3215791691922057,-0.04433643937012534,0.2554535787033989,-0.4226454750672002,0.3215791691922057,0.0,19,0,0,0.0,0.0,6.25,2.4,4.0,1.6,2.25,0,0,0,0.0,0.0,0,0,0,0,0,0,0,0,0,0,0,0,0,0,0,0,1,0,0,0,0,0,0,1,-0.3791543653662435
2020-01-20,1.2753467719477694,1.8433723757590625,-0.5742354709802688,False,True,False,False,61.5333,68.5358,5.91,91.65,-0.3791543653662435,1.046938295989344,1.4220301184427053,-0.3791543653662435,1.046938295989344,1.4220301184427053,-0.3791543653662435,1.046938295989344,1.4220301184427053,0.12476300530100205,1.6722020837242924,1.5405326283129308,-0.1842787449100856,0.21291577144318094,-0.3791543653662435,0.12476300530100205,-0.06555900262173445,0.2707128680951273,-0.4226454750672002,0.3215791691922057,-0.19508110561402536,20,0,0,0.0,0.0,6.25,2.4,4.0,1.6,2.25,0,0,0,0.0,0.0,0,0,0,0,0,0,0,0,0,0,0,0,0,0,0,0,1,0,0,0,0,0,0,0,-0.0
2020-01-21,1.6722020837242924,1.4483640095249777,0.22583443184061835,False,True,False,False,61.4654,68.2082,5.94,112.18,-0.5742354709802688,1.2753467719477694,1.8433723757590625,-0.3791543653662435,1.046938295989344,1.4220301184427053,-0.3791543653662435,1.046938295989344,1.4220301184427053,0.06512923847116248,1.487864846148386,1.4220301184427053,-0.24145938920272428,0.2585444415699338,-0.5742354709802688,0.12476300530100205,-0.10053514660519428,0.3030580882961694,-0.5742354709802688,0.3215791691922057,0.8000699028208872,21,0,0,0.0,0.0,6.25,2.4,4.0,1.6,2.25,0,0,0,0.0,1.0,0,0,0,0,0,0,0,0,0,0,0,0,0,0,0,0,1,0,1,0,0,0,0,0,0.0
2020-01-22,1.0184590883995024,1.304575893085198,-0.2861168046856959,False,True,False,False,61.8552,68.6222,6.0,85.94,0.22583443184061835,1.6722020837242924,1.4483640095249777,-0.5742354709802688,1.2753467719477694,1.8433723757590625,-0.3791543653662435,1.046938295989344,1.4220301184427053,-0.3791543653662435,1.046938295989344,1.4220301184427053,-0.18513884163803093,0.3140845309465834,-0.5742354709802688,0.22583443184061835,-0.07836344038716216,0.31541848613000106,-0.5742354709802688,0.3215791691922057,-0.5119512365263142,22,0,0,0.0,0.0,6.25,2.4,4.0,1.6,2.25,0,0,0,0.0,0.0,0,0,0,0,0,0,0,0,0,0,0,0,0,0,0,0,1,0,0,1,0,0,0,0,-0.0
2020-01-23,1.2267504889182985,1.2837673234126303,-0.057016834494331654,False,True,False,False,61.8343,68.5186,5.99,83.85,-0.2861168046856959,1.0184590883995024,1.304575893085198,0.22583443184061835,1.6722020837242924,1.4483640095249777,-0.5742354709802688,1.2753467719477694,1.8433723757590625,-0.3791543653662435,1.046938295989344,1.4220301184427053,-0.24383595735041633,0.2834120939591827,-0.5742354709802688,0.22583443184061835,-0.09874121612046635,0.31921668947738596,-0.5742354709802688,0.3215791691922057,0.22909997019136424,23,0,0,0.0,0.0,6.25,2.4,4.0,1.6,2.25,0,0,0,0.0,0.0,0,0,0,0,0,0,0,0,0,0,0,0,0,0,0,0,1,0,0,0,1,0,0,0,-0.0
2020-01-24,1.1243222187660493,1.487864846148386,-0.35875233327443046,False,True,False,False,61.9515,68.6856,5.95,121.14,-0.057016834494331654,1.2267504889182985,1.2837673234126303,-0.2861168046856959,1.0184590883995024,1.304575893085198,0.22583443184061835,1.6722020837242924,1.4483640095249777,-0.3791543653662435,1.046938295989344,1.4220301184427053,-0.261285396345487,0.2643372221238505,-0.5742354709802688,0.22583443184061835,-0.07262488465097572,0.3053332239245452,-0.5742354709802688,0.3215791691922057,-0.3017354987800988,24,0,0,0.0,0.0,6.25,2.4,4.0,1.6,2.25,0,0,0,0.0,0.0,0,0,0,0,0,0,0,0,0,0,0,0,0,0,0,0,1,0,0,0,0,1,0,0,-0.0
2020-01-25,1.1243222187660493,1.487864846148386,-0.35875233327443046,False,False,False,False,61.8031,68.2924,5.95,121.14,-0.35875233327443046,1.1243222187660493,1.487864846148386,-0.057016834494331654,1.2267504889182985,1.2837673234126303,-0.2861168046856959,1.0184590883995024,1.304575893085198,-0.5742354709802688,1.2753467719477694,1.8433723757590625,-0.2583708203323708,0.26292972719716834,-0.5742354709802688,0.22583443184061835,-0.12121999197002116,0.2915977481753972,-0.5742354709802688,0.3215791691922057,0.0,25,0,0,0.0,0.0,6.25,2.4,4.0,1.6,2.25,1,0,0,0.0,0.0,0,0,0,0,0,0,0,0,0,0,0,0,0,0,0,0,1,0,0,0,0,0,1,0,-0.35875233327443046
2020-01-26,1.1243222187660493,1.487864846148386,-0.35875233327443046,False,False,False,False,61.8031,68.2924,5.95,121.14,-0.35875233327443046,1.1243222187660493,1.487864846148386,-0.35875233327443046,1.1243222187660493,1.487864846148386,-0.057016834494331654,1.2267504889182985,1.2837673234126303,0.22583443184061835,1.6722020837242924,1.4483640095249777,-0.2554562443192547,0.2614767576605672,-0.5742354709802688,0.22583443184061835,-0.1698150992890666,0.26785040906865565,-0.5742354709802688,0.3215791691922057,0.0,26,0,0,0.0,0.0,6.25,2.4,4.0,1.6,2.25,1,0,0,0.0,0.0,0,0,0,0,0,0,0,0,0,0,0,0,0,0,0,0,1,0,0,0,0,0,0,1,-0.35875233327443046
2020-01-27,2.0935443410406496,3.265402494201768,-1.1746081926244873,False,True,False,False,61.8031,68.2924,6.19,80.65,-0.35875233327443046,1.1243222187660493,1.487864846148386,-0.35875233327443046,1.1243222187660493,1.487864846148386,-0.35875233327443046,1.1243222187660493,1.487864846148386,-0.2861168046856959,1.0184590883995024,1.304575893085198,-0.2525416683061385,0.2599775510659925,-0.5742354709802688,0.22583443184061835,-0.21841020660811203,0.23102415961108458,-0.5742354709802688,0.22583443184061835,-0.8158558593500569,27,0,0,0.0,0.0,6.25,2.4,4.0,1.6,2.25,1,1,1,1.0,0.0,0,0,0,0,0,0,0,0,0,0,0,0,0,0,0,0,1,0,0,0,0,0,0,0,-0.0
2020-01-28,1.7512037569711094,2.238380741993147,-0.4917024587797449,False,True,False,False,62.338,68.7775,6.15,92.3,-1.1746081926244873,2.0935443410406496,3.265402494201768,-0.35875233327443046,1.1243222187660493,1.487864846148386,-0.35875233327443046,1.1243222187660493,1.487864846148386,-0.057016834494331654,1.2267504889182985,1.2837673234126303,-0.33830919996959835,0.42832177322773446,-1.1746081926244873,0.22583443184061835,-0.2898842945861612,0.3435849708571129,-1.1746081926244873,0.22583443184061835,0.6829057338447424,28,0,0,0.0,0.0,6.25,2.4,4.0,1.6,2.25,1,0,1,0.0,0.0,0,0,0,0,0,0,0,0,0,0,0,0,0,0,0,0,1,0,1,0,0,0,0,0,-0.0
2020-01-29,1.4220301184427053,1.382529281819297,0.040475891983474586,False,True,False,False,62.8299,69.226,6.18,134.67,-0.4917024587797449,1.7512037569711094,2.238380741993147,-1.1746081926244873,2.0935443410406496,3.265402494201768,-0.35875233327443046,1.1243222187660493,1.487864846148386,-0.35875233327443046,1.1243222187660493,1.487864846148386,-0.4408144700582216,0.3493988624028631,-1.1746081926244873,-0.057016834494331654,-0.3129766558481263,0.3456506729408825,-1.1746081926244873,0.22583443184061835,0.5321783507632195,29,0,0,0.0,0.0,6.25,2.4,4.0,1.6,2.25,1,0,1,0.0,0.0,0,0,0,0,0,0,0,0,0,0,0,0,0,0,0,0,1,0,0,1,0,0,0,0,0.0
2020-01-30,1.382529281819297,1.7512037569711094,-0.36779338600144046,False,True,False,False,62.3934,68.6764,6.14,157.95,0.040475891983474586,1.4220301184427053,1.382529281819297,-0.4917024587797449,1.7512037569711094,2.238380741993147,-1.1746081926244873,2.0935443410406496,3.265402494201768,-0.35875233327443046,1.1243222187660493,1.487864846148386,-0.39415837053405445,0.39262978615428196,-1.1746081926244873,0.040475891983474586,-0.3189971639422354,0.3380910529992729,-1.1746081926244873,0.22583443184061835,-0.408269277984915,30,0,0,0.0,0.0,6.25,2.4,4.0,1.6,2.25,1,0,1,0.0,0.0,0,0,0,0,0,0,0,0,0,0,0,0,0,0,0,0,1,0,0,0,1,0,0,0,-0.0
2020-01-31,1.6853690292654286,1.5800334649363392,0.10605953208131393,False,True,False,True,63.0359,69.4151,6.05,77.9,-0.36779338600144046,1.382529281819297,1.7512037569711094,0.040475891983474586,1.4220301184427053,1.382529281819297,-0.4917024587797449,1.7512037569711094,2.238380741993147,-0.35875233327443046,1.1243222187660493,1.487864846148386,-0.43855502074935565,0.36473327082658313,-1.1746081926244873,0.040475891983474586,-0.3499202085474213,0.3195445044440451,-1.1746081926244873,0.22583443184061835,0.47385291808275437,31,0,1,0.0,0.0,6.25,2.4,4.0,1.6,2.25,1,0,1,0.0,0.0,0,0,0,0,0,0,0,0,0,0,0,0,0,0,0,0,1,0,0,0,0,1,0,0,0.0
2020-02-01,1.6853690292654286,1.5800334649363392,0.10605953208131393,False,False,False,False,63.1385,69.5976,6.05,77.9,0.10605953208131393,1.6853690292654286,1.5800334649363392,-0.36779338600144046,1.382529281819297,1.7512037569711094,0.040475891983474586,1.4220301184427053,1.382529281819297,-1.1746081926244873,2.0935443410406496,3.265402494201768,-0.3721533256985351,0.4198321886132045,-1.1746081926244873,0.10605953208131393,-0.3152620730154529,0.3416767763076996,-1.1746081926244873,0.22583443184061835,0.0,1,1,0,0.0,1.0,6.0,2.3,4.0,1.7000000000000002,2.25,0,0,0,0.0,0.0,1,0,0,0,0,0,0,0,0,0,0,0,0,0,0,0,1,0,0,0,0,0,1,0,0.10605953208131393
2020-02-02,1.6853690292654286,1.5800334649363392,0.10605953208131393,False,False,False,False,63.1385,69.5976,6.05,77.9,0.10605953208131393,1.6853690292654286,1.5800334649363392,0.10605953208131393,1.6853690292654286,1.5800334649363392,-0.36779338600144046,1.382529281819297,1.7512037569711094,-0.4917024587797449,1.7512037569711094,2.238380741993147,-0.30575163064771443,0.4573835105946255,-1.1746081926244873,0.10605953208131393,-0.2806039374834845,0.3588734846672751,-1.1746081926244873,0.22583443184061835,0.0,2,0,0,1.0,0.0,6.0,2.3,4.0,1.7000000000000002,2.25,0,0,0,0.0,0.0,1,0,0,0,0,0,0,0,0,0,0,0,0,0,0,0,1,0,0,0,0,0,0,1,0.10605953208131393
2020-02-03,1.1986985848676992,1.711702920347701,-0.5190350603112622,False,True,True,False,63.1385,69.5976,6.01,131.89,0.10605953208131393,1.6853690292654286,1.5800334649363392,0.10605953208131393,1.6853690292654286,1.5800334649363392,0.10605953208131393,1.6853690292654286,1.5800334649363392,0.040475891983474586,1.4220301184427053,1.382529281819297,-0.2393499355968938,0.48151031801217864,-1.1746081926244873,0.10605953208131393,-0.2459458019515161,0.37182007195419636,-1.1746081926244873,0.22583443184061835,-0.6250945923925761,3,0,0,0.0,0.0,6.0,2.3,4.0,1.7000000000000002,2.25,0,0,0,0.0,0.0,1,0,0,0,0,0,0,0,0,0,0,0,0,0,0,0,1,0,0,0,0,0,0,0,-0.0
2020-02-04,1.4220301184427053,1.382529281819297,0.03193731330914352,False,True,False,False,63.9091,70.7921,5.93,124.3,-0.5190350603112622,1.1986985848676992,1.711702920347701,0.10605953208131393,1.6853690292654286,1.5800334649363392,0.10605953208131393,1.6853690292654286,1.5800334649363392,-0.36779338600144046,1.382529281819297,1.7512037569711094,-0.14569663098071878,0.29811415305288264,-0.5190350603112622,0.10605953208131393,-0.24200291547515848,0.36834746807579777,-1.1746081926244873,0.22583443184061835,0.5509723736204057,4,0,0,0.0,0.0,6.0,2.3,4.0,1.7000000000000002,2.25,0,0,0,0.0,0.0,1,0,0,0,0,0,0,0,0,0,0,0,0,0,0,0,1,0,1,0,0,0,0,0,0.0
2020-02-05,1.5273656827717947,1.4088631729015693,0.10695951510068939,False,True,False,False,63.4342,70.1265,6.01,96.75,0.03193731330914352,1.4220301184427053,1.382529281819297,-0.5190350603112622,1.1986985848676992,1.711702920347701,0.10605953208131393,1.6853690292654286,1.5800334649363392,0.10605953208131393,1.6853690292654286,1.5800334649363392,-0.07089094925373472,0.26009448432740667,-0.5190350603112622,0.10605953208131393,-0.2558527096559781,0.3527173824325688,-1.1746081926244873,0.10605953208131393,0.07502220179154587,5,0,0,0.0,0.0,6.0,2.3,4.0,1.7000000000000002,2.25,0,0,0,0.0,0.0,1,0,0,0,0,0,0,0,0,0,0,0,0,0,0,0,1,0,0,1,0,0,0,0,0.0
2020-02-06,1.461530955066114,1.4088631729015693,0.046785086560527135,False,True,False,False,63.1742,69.7443,6.01,68.9,0.10695951510068939,1.5273656827717947,1.4088631729015693,0.03193731330914352,1.4220301184427053,1.382529281819297,-0.5190350603112622,1.1986985848676992,1.711702920347701,0.10605953208131393,1.6853690292654286,1.5800334649363392,-0.06139328880841833,0.26598609616908747,-0.5190350603112622,0.10695951510068939,-0.22777582967123636,0.36553486760346837,-1.1746081926244873,0.10695951510068939,-0.06017442854016226,6,0,0,0.0,0.0,6.0,2.3,4.0,1.7000000000000002,2.25,0,0,0,0.0,0.0,1,0,0,0,0,0,0,0,0,0,0,0,0,0,0,0,1,0,0,0,1,0,0,0,0.0
2020-02-07,1.869706266841335,1.3693623362781608,0.49846550185325905,False,True,False,False,62.7977,69.0837,6.04,79.55,0.046785086560527135,1.461530955066114,1.4088631729015693,0.10695951510068939,1.5273656827717947,1.4088631729015693,0.03193731330914352,1.4220301184427053,1.382529281819297,0.10605953208131393,1.6853690292654286,1.5800334649363392,-0.0021677927281372376,0.23013023333448585,-0.5190350603112622,0.10695951510068939,-0.2203614067387464,0.37028679566652745,-1.1746081926244873,0.10695951510068939,0.4516804152927319,7,0,0,0.0,0.0,6.0,2.3,4.0,1.7000000000000002,2.25,0,0,0,0.0,1.0,1,0,0,0,0,0,0,0,0,0,0,0,0,0,0,0,1,0,0,0,0,1,0,0,0.0
2020-02-08,1.869706266841335,1.3693623362781608,0.49846550185325905,False,False,False,False,63.472,69.6288,6.04,79.55,0.49846550185325905,1.869706266841335,1.3693623362781608,0.046785086560527135,1.461530955066114,1.4088631729015693,0.10695951510068939,1.5273656827717947,1.4088631729015693,-0.5190350603112622,1.1986985848676992,1.711702920347701,0.053890202953569215,0.2985192889961413,-0.5190350603112622,0.49846550185325905,-0.15913156137248288,0.41394284295737693,-1.1746081926244873,0.49846550185325905,0.0,8,0,0,0.0,0.0,6.0,2.3,4.0,1.7000000000000002,2.25,0,0,0,0.0,1.0,1,0,0,0,0,0,0,0,0,0,0,0,0,0,0,0,1,0,0,0,0,0,1,0,0.49846550185325905
2020-02-09,1.869706266841335,1.3693623362781608,0.49846550185325905,False,False,False,False,63.472,69.6288,6.04,79.55,0.49846550185325905,1.869706266841335,1.3693623362781608,0.49846550185325905,1.869706266841335,1.3693623362781608,0.046785086560527135,1.461530955066114,1.4088631729015693,0.03193731330914352,1.4220301184427053,1.382529281819297,0.10994819863527565,0.34341681689256476,-0.5190350603112622,0.49846550185325905,-0.09790171600621933,0.4444210523956188,-1.1746081926244873,0.49846550185325905,0.0,9,0,0,0.0,0.0,6.0,2.3,4.0,1.7000000000000002,2.25,0,0,0,0.0,1.0,1,0,0,0,0,0,0,0,0,0,0,0,0,0,0,0,1,0,0,0,0,0,0,1,0.49846550185325905
2020-02-10,1.8038715391356541,1.9223740490058794,-0.1205693893558407,False,True,False,False,63.472,69.6288,5.96,86.65,0.49846550185325905,1.869706266841335,1.3693623362781608,0.49846550185325905,1.869706266841335,1.3693623362781608,0.49846550185325905,1.869706266841335,1.3693623362781608,0.10695951510068939,1.5273656827717947,1.4088631729015693,0.1660061943169821,0.37339517533059235,-0.5190350603112622,0.49846550185325905,-0.0366718706399558,0.46432369611658414,-1.1746081926244873,0.49846550185325905,-0.6190348912090997,10,0,0,0.0,0.0,6.0,2.3,4.0,1.7000000000000002,2.25,0,0,0,0.0,0.0,1,0,0,0,0,0,0,0,0,0,0,0,0,0,0,0,1,0,0,0,0,0,0,0,-0.0
2020-02-11,1.1893777381951838,1.5536995738540669,-0.3634972478863707,False,True,False,False,63.7708,69.8226,5.87,79.7,-0.1205693893558407,1.8038715391356541,1.9223740490058794,0.49846550185325905,1.869706266841335,1.3693623362781608,0.49846550185325905,1.869706266841335,1.3693623362781608,0.046785086560527135,1.461530955066114,1.4088631729015693,0.22292986159632802,0.2666788515237178,-0.1205693893558407,0.49846550185325905,0.03861661530780468,0.33230398122646565,-0.5190350603112622,0.49846550185325905,-0.24292785853053,11,0,0,0.0,0.0,6.0,2.3,4.0,1.7000000000000002,2.25,0,0,0,0.0,0.0,1,0,0,0,0,0,0,0,0,0,0,0,0,0,0,0,1,0,1,0,0,0,0,0,-0.0
2020-02-12,1.487864846148386,1.270606128811465,0.2197160382205426,False,True,False,False,63.949,69.7684,5.82,79.55,-0.3634972478863707,1.1893777381951838,1.5536995738540669,-0.1205693893558407,1.8038715391356541,1.9223740490058794,0.49846550185325905,1.869706266841335,1.3693623362781608,0.49846550185325905,1.869706266841335,1.3693623362781608,0.16643920999696887,0.34442848902401935,-0.3634972478863707,0.49846550185325905,0.04777413037161712,0.3180252003425953,-0.5190350603112622,0.49846550185325905,0.5832132861069133,12,0,0,0.0,0.0,6.0,2.3,4.0,1.7000000000000002,2.25,0,0,0,0.0,1.0,1,0,0,0,0,0,0,0,0,0,0,0,0,0,0,0,1,0,0,1,0,0,0,0,0.0
2020-02-13,1.711702920347701,1.395696227360433,0.3098642378670721,False,True,False,False,63.047,68.7843,5.83,82.48,0.2197160382205426,1.487864846148386,1.270606128811465,-0.3634972478863707,1.1893777381951838,1.5536995738540669,-0.1205693893558407,1.8038715391356541,1.9223740490058794,0.49846550185325905,1.869706266841335,1.3693623362781608,0.18254728472837645,0.3438192839579041,-0.3634972478863707,0.49846550185325905,0.06057699795997911,0.32129980394792657,-0.5190350603112622,0.49846550185325905,0.09014819964652954,13,0,0,0.0,0.0,6.0,2.3,4.0,1.7000000000000002,2.25,0,0,0,0.0,1.0,1,0,0,0,0,0,0,0,0,0,0,0,0,0,0,0,1,0,0,0,1,0,0,0,0.0
2020-02-14,1.64586819264202,1.5536995738540669,0.08892390113068728,False,True,False,False,63.6016,69.1795,5.79,59.07,0.3098642378670721,1.711702920347701,1.395696227360433,0.2197160382205426,1.487864846148386,1.270606128811465,-0.3634972478863707,1.1893777381951838,1.5536995738540669,0.49846550185325905,1.869706266841335,1.3693623362781608,0.22013002062931147,0.34087172513242026,-0.3634972478863707,0.49846550185325905,0.10898111395058717,0.30228334340715185,-0.5190350603112622,0.49846550185325905,-0.22094033673638486,14,0,0,0.0,0.0,6.0,2.3,4.0,1.7000000000000002,2.25,0,0,0,0.0,0.0,1,0,0,0,0,0,0,0,0,0,0,0,0,0,0,0,1,0,0,0,0,1,0,0,0.0
2020-02-15,1.64586819264202,1.5536995738540669,0.08892390113068728,False,False,False,False,63.4536,68.771,5.79,59.07,0.08892390113068728,1.64586819264202,1.5536995738540669,0.3098642378670721,1.711702920347701,1.395696227360433,0.2197160382205426,1.487864846148386,1.270606128811465,-0.1205693893558407,1.8038715391356541,1.9223740490058794,0.16162407766894407,0.3196208655377134,-0.3634972478863707,0.49846550185325905,0.10775714031125669,0.30233077131655073,-0.5190350603112622,0.49846550185325905,0.0,15,0,0,0.0,0.0,6.0,2.3,4.0,1.7000000000000002,2.25,0,0,0,0.0,0.0,1,0,0,0,0,0,0,0,0,0,0,0,0,0,0,0,1,0,0,0,0,0,1,0,0.08892390113068728
2020-02-16,1.64586819264202,1.5536995738540669,0.08892390113068728,False,False,False,False,63.4536,68.771,5.79,59.07,0.08892390113068728,1.64586819264202,1.5536995738540669,0.08892390113068728,1.64586819264202,1.5536995738540669,0.3098642378670721,1.711702920347701,1.395696227360433,-0.3634972478863707,1.1893777381951838,1.5536995738540669,0.10311813470857666,0.2830805360119467,-0.3634972478863707,0.49846550185325905,0.10653316667192621,0.30237285620023446,-0.5190350603112622,0.49846550185325905,0.0,16,0,0,0.0,0.0,6.0,2.3,4.0,1.7000000000000002,2.25,0,0,0,0.0,0.0,1,0,0,0,0,0,0,0,0,0,0,0,0,0,0,0,1,0,0,0,0,0,0,1,0.08892390113068728
2020-02-17,1.5405326283129308,1.869706266841335,-0.32306262995840945,False,True,False,False,63.4536,68.771,5.8,60.5,0.08892390113068728,1.64586819264202,1.5536995738540669,0.08892390113068728,1.64586819264202,1.5536995738540669,0.08892390113068728,1.64586819264202,1.5536995738540669,0.2197160382205426,1.487864846148386,1.270606128811465,0.04461219174820926,0.22388570642172378,-0.3634972478863707,0.3098642378670721,0.10530919303259574,0.30240960028889236,-0.5190350603112622,0.49846550185325905,-0.4119865310890967,17,0,0,0.0,0.0,6.0,2.3,4.0,1.7000000000000002,2.25,0,0,0,0.0,0.0,1,0,0,0,0,0,0,0,0,0,0,0,0,0,0,0,1,0,0,0,0,0,0,0,-0.0
2020-02-18,1.3430284451958885,1.4351970639838416,-0.09234874939709976,False,True,False,False,63.3085,68.6201,5.8,43.1,-0.32306262995840945,1.5405326283129308,1.869706266841335,0.08892390113068728,1.64586819264202,1.5536995738540669,0.08892390113068728,1.64586819264202,1.5536995738540669,0.3098642378670721,1.711702920347701,1.395696227360433,0.015684585947842302,0.25909812567805784,-0.3634972478863707,0.3098642378670721,0.11930722377208522,0.2745379063717102,-0.3634972478863707,0.49846550185325905,0.2307138805613097,18,0,0,0.0,0.0,6.0,2.3,4.0,1.7000000000000002,2.25,0,0,0,0.0,0.0,1,0,0,0,0,0,0,0,0,0,0,0,0,0,0,0,1,0,1,0,0,0,0,0,-0.0
2020-02-19,1.1164999634313684,1.2756600107381326,-0.15916004730676425,False,True,False,False,63.7698,69.0882,5.84,90.45,-0.09234874939709976,1.3430284451958885,1.4351970639838416,-0.32306262995840945,1.5405326283129308,1.869706266841335,0.08892390113068728,1.64586819264202,1.5536995738540669,0.08892390113068728,1.64586819264202,1.5536995738540669,0.05442008573202387,0.20823876448701034,-0.32306262995840945,0.3098642378670721,0.11042964786449641,0.2795442991208353,-0.3634972478863707,0.49846550185325905,-0.06681129790966449,19,0,0,0.0,0.0,6.0,2.3,4.0,1.7000000000000002,2.25,0,0,0,0.0,0.0,1,0,0,0,0,0,0,0,0,0,0,0,0,0,0,0,1,0,0,1,0,0,0,0,-0.0
2020-02-20,1.7380368114299731,1.395696227360433,0.33831900079867877,False,True,False,False,63.6873,68.7823,5.81,153.85,-0.15916004730676425,1.1164999634313684,1.2756600107381326,-0.09234874939709976,1.3430284451958885,1.4351970639838416,-0.32306262995840945,1.5405326283129308,1.869706266841335,0.08892390113068728,1.64586819264202,1.5536995738540669,0.0002949306566943207,0.207351269044722,-0.32306262995840945,0.3098642378670721,0.09142110769253543,0.2886964355580543,-0.3634972478863707,0.49846550185325905,0.497479048105443,20,0,0,0.0,0.0,6.0,2.3,4.0,1.7000000000000002,2.25,0,0,0,0.0,1.0,1,0,0,0,0,0,0,0,0,0,0,0,0,0,0,0,1,0,0,0,1,0,0,0,0.0
2020-02-21,1.382529281819297,1.5800334649363392,-0.19995607152960473,False,True,False,False,63.7413,68.7705,5.82,115.45,0.33831900079867877,1.7380368114299731,1.395696227360433,-0.15916004730676425,1.1164999634313684,1.2756600107381326,-0.09234874939709976,1.3430284451958885,1.4351970639838416,0.08892390113068728,1.64586819264202,1.5536995738540669,0.004359896789780985,0.21458438162633447,-0.32306262995840945,0.33831900079867877,0.11224495870954627,0.29565943911512177,-0.3634972478863707,0.49846550185325905,-0.5382750723282835,21,0,0,0.0,0.0,6.0,2.3,4.0,1.7000000000000002,2.25,0,0,0,0.0,0.0,1,0,0,0,0,0,0,0,0,0,0,0,0,0,0,0,1,0,0,0,0,1,0,0,-0.0
2020-02-22,1.382529281819297,1.5800334649363392,-0.19995607152960473,False,False,False,False,64.3008,69.4191,5.82,115.45,-0.19995607152960473,1.382529281819297,1.5800334649363392,0.33831900079867877,1.7380368114299731,1.395696227360433,-0.15916004730676425,1.1164999634313684,1.2756600107381326,-0.32306262995840945,1.5405326283129308,1.869706266841335,-0.036908670733117876,0.22321552456841395,-0.32306262995840945,0.33831900079867877,0.062357703467913146,0.28417889696333065,-0.3634972478863707,0.49846550185325905,0.0,22,0,0,0.0,0.0,6.0,2.3,4.0,1.7000000000000002,2.25,0,0,0,0.0,0.0,1,0,0,0,0,0,0,0,0,0,0,0,0,0,0,0,1,0,0,0,0,0,1,0,-0.19995607152960473
2020-02-23,1.382529281819297,1.5800334649363392,-0.19995607152960473,True,False,False,False,64.3008,69.4191,5.82,115.45,-0.19995607152960473,1.382529281819297,1.5800334649363392,-0.19995607152960473,1.382529281819297,1.5800334649363392,0.33831900079867877,1.7380368114299731,1.395696227360433,-0.09234874939709976,1.3430284451958885,1.4351970639838416,-0.07817723825601673,0.2227779082991996,-0.32306262995840945,0.33831900079867877,0.012470448226280018,0.262183957831455,-0.3634972478863707,0.49846550185325905,0.0,23,0,0,0.0,0.0,6.0,2.3,4.0,1.7000000000000002,2.25,0,0,0,0.0,0.0,1,0,0,0,0,0,0,0,0,0,0,0,0,0,0,0,1,0,0,0,0,0,0,1,-0.19995607152960473
2020-02-24,1.382529281819297,1.5800334649363392,-0.19995607152960473,True,False,False,False,64.3008,69.4191,5.82,115.45,-0.19995607152960473,1.382529281819297,1.5800334649363392,-0.19995607152960473,1.382529281819297,1.5800334649363392,-0.19995607152960473,1.382529281819297,1.5800334649363392,-0.15916004730676425,1.1164999634313684,1.2756600107381326,-0.11944580577891559,0.21321570038671986,-0.32306262995840945,0.33831900079867877,-0.03741680701535311,0.22663373696888345,-0.3634972478863707,0.33831900079867877,0.0,24,0,0,0.0,0.0,6.0,2.3,4.0,1.7000000000000002,2.25,0,0,0,0.0,0.0,1,0,0,0,0,0,0,0,0,0,0,0,0,0,0,0,1,0,0,0,0,0,0,0,-0.19995607152960473
2020-02-25,1.9882087767115604,2.3963840884867813,-0.40372860267257416,False,True,False,False,64.3008,69.4191,5.97,111.15,-0.19995607152960473,1.382529281819297,1.5800334649363392,-0.19995607152960473,1.382529281819297,1.5800334649363392,-0.19995607152960473,1.382529281819297,1.5800334649363392,0.33831900079867877,1.7380368114299731,1.395696227360433,-0.10185915457480063,0.19816771896833338,-0.19995607152960473,0.33831900079867877,-0.043087284313479114,0.2298446899877186,-0.3634972478863707,0.33831900079867877,-0.20377253114296942,25,0,0,0.0,0.0,6.0,2.3,4.0,1.7000000000000002,2.25,1,1,1,0.0,0.0,1,0,0,0,0,0,0,0,0,0,0,0,0,0,0,0,1,0,1,0,0,0,0,0,-0.0
2020-02-26,1.382529281819297,1.6722020837242924,-0.2934106048059197,False,True,False,False,64.9213,70.4591,5.97,125.6,-0.40372860267257416,1.9882087767115604,2.3963840884867813,-0.19995607152960473,1.382529281819297,1.5800334649363392,-0.19995607152960473,1.382529281819297,1.5800334649363392,-0.19995607152960473,1.382529281819297,1.5800334649363392,-0.14634199075701124,0.22832955931109425,-0.40372860267257416,0.33831900079867877,-0.045960952512493644,0.2343658487671175,-0.40372860267257416,0.33831900079867877,0.11031799786665447,26,0,0,0.0,0.0,6.0,2.3,4.0,1.7000000000000002,2.25,1,0,1,0.0,0.0,1,0,0,0,0,0,0,0,0,0,0,0,0,0,0,0,1,0,0,1,0,0,0,0,-0.0
2020-02-27,1.9355409945470157,2.054043504417241,-0.11284714755876893,False,True,False,False,65.5177,71.2439,5.95,74.85,-0.2934106048059197,1.382529281819297,1.6722020837242924,-0.40372860267257416,1.9882087767115604,2.3963840884867813,-0.19995607152960473,1.382529281819297,1.5800334649363392,-0.19995607152960473,1.382529281819297,1.5800334649363392,-0.1655206418283192,0.23512282463900305,-0.40372860267257416,0.33831900079867877,-0.08261285558581237,0.2296980564732989,-0.40372860267257416,0.33831900079867877,0.18056345724715075,27,0,0,0.0,0.0,6.0,2.3,4.0,1.7000000000000002,2.25,1,0,1,0.0,0.0,1,0,0,0,0,0,0,0,0,0,0,0,0,0,0,0,1,0,0,0,1,0,0,0,-0.0
2020-02-28,1.882873212382471,1.8302054302179263,0.06166364143136209,False,True,False,True,65.6097,71.6458,6.32,161.05,-0.11284714755876893,1.9355409945470157,2.054043504417241,-0.2934106048059197,1.382529281819297,1.6722020837242924,-0.40372860267257416,1.9882087767115604,2.3963840884867813,-0.19995607152960473,1.382529281819297,1.5800334649363392,-0.22997294873652602,0.09268033632948276,-0.40372860267257416,-0.11284714755876893,-0.11280652597337246,0.20000157657151796,-0.40372860267257416,0.33831900079867877,0.174510788990131,28,0,0,0.0,0.0,6.0,2.3,4.0,1.7000000000000002,2.25,1,0,1,0.0,0.0,1,0,0,0,0,0,0,0,0,0,0,0,0,0,0,0,1,0,0,0,0,1,0,0,0.0
2020-02-29,1.882873212382471,1.8302054302179263,0.06166364143136209,False,False,False,False,66.9909,73.7235,6.32,161.05,0.06166364143136209,1.882873212382471,1.8302054302179263,-0.11284714755876893,1.9355409945470157,2.054043504417241,-0.2934106048059197,1.382529281819297,1.6722020837242924,-0.19995607152960473,1.382529281819297,1.5800334649363392,-0.19259870402781645,0.14486253086262385,-0.40372860267257416,0.06166364143136209,-0.11475368738046711,0.1980092834213009,-0.40372860267257416,0.33831900079867877,0.0,29,0,1,0.0,0.0,6.0,2.3,4.0,1.7000000000000002,2.25,1,0,0,0.0,0.0,1,0,0,0,0,0,0,0,0,0,0,0,0,0,0,0,1,0,0,0,0,0,1,0,0.06166364143136209
2020-03-01,1.882873212382471,1.8302054302179263,0.06166364143136209,False,False,False,False,66.9909,73.7235,6.32,161.05,0.06166364143136209,1.882873212382471,1.8302054302179263,0.06166364143136209,1.882873212382471,1.8302054302179263,-0.11284714755876893,1.9355409945470157,2.054043504417241,-0.40372860267257416,1.9882087767115604,2.3963840884867813,-0.15522445931910692,0.1735551244689366,-0.40372860267257416,0.06166364143136209,-0.11670084878756175,0.1959759062685179,-0.40372860267257416,0.33831900079867877,0.0,1,1,0,0.0,1.0,6.0,2.5,4.0,1.5,0.25,0,0,0,0.0,0.0,0,1,0,0,0,0,0,0,0,0,0,0,0,0,0,0,1,0,0,0,0,0,0,1,0.06166364143136209
2020-03-02,1.6063673560186116,1.9092071034647433,-0.3040550908063048,False,True,True,False,66.9909,73.7235,5.96,96.45,0.06166364143136209,1.882873212382471,1.8302054302179263,0.06166364143136209,1.882873212382471,1.8302054302179263,0.06166364143136209,1.882873212382471,1.8302054302179263,-0.2934106048059197,1.382529281819297,1.6722020837242924,-0.11785021461039735,0.18973225842395997,-0.40372860267257416,0.06166364143136209,-0.11864801019465641,0.19390015260783658,-0.40372860267257416,0.33831900079867877,-0.3657187322376669,2,0,0,1.0,0.0,6.0,2.5,4.0,1.5,0.25,0,0,0,0.0,0.0,0,1,0,0,0,0,0,0,0,0,0,0,0,0,0,0,1,0,0,0,0,0,0,0,-0.0
2020-03-03,1.47469790060725,1.4483640095249777,0.02917206237643057,False,True,False,False,66.3274,73.4178,5.95,163.15,-0.3040550908063048,1.6063673560186116,1.9092071034647433,0.06166364143136209,1.882873212382471,1.8302054302179263,0.06166364143136209,1.882873212382471,1.8302054302179263,-0.11284714755876893,1.9355409945470157,2.054043504417241,-0.13272150307849737,0.2009862254623949,-0.40372860267257416,0.06166364143136209,-0.11729032882664894,0.19241964195745678,-0.40372860267257416,0.33831900079867877,0.3332271531827353,3,0,0,0.0,0.0,6.0,2.5,4.0,1.5,0.25,0,0,0,0.0,0.0,0,1,0,0,0,0,0,0,0,0,0,0,0,0,0,0,1,0,1,0,0,0,0,0,0.0
2020-03-04,1.3561953907370246,1.3298614996547522,0.017103096902892405,False,True,False,False,66.4437,73.9385,5.9,141.15,0.02917206237643057,1.47469790060725,1.4483640095249777,-0.3040550908063048,1.6063673560186116,1.9092071034647433,0.06166364143136209,1.882873212382471,1.8302054302179263,0.06166364143136209,1.882873212382471,1.8302054302179263,-0.07087855092863955,0.16751397968765244,-0.3040550908063048,0.06166364143136209,-0.10861027084282535,0.19633242686507965,-0.40372860267257416,0.33831900079867877,-0.012068965473538164,4,0,0,0.0,0.0,6.0,2.5,4.0,1.5,0.25,0,0,0,0.0,0.0,0,1,0,0,0,0,0,0,0,0,0,0,0,0,0,0,1,0,0,1,0,0,0,0,0.0
2020-03-05,1.7775376480533818,1.5405326283129308,0.2403429818744579,False,True,False,False,66.0784,73.7369,5.87,118.0,0.017103096902892405,1.3561953907370246,1.3298614996547522,0.02917206237643057,1.47469790060725,1.4483640095249777,-0.3040550908063048,1.6063673560186116,1.9092071034647433,0.06166364143136209,1.882873212382471,1.8302054302179263,-0.02651945068452353,0.13712023147333724,-0.3040550908063048,0.06166364143136209,-0.09602004625642128,0.1984813229463678,-0.40372860267257416,0.33831900079867877,0.2232398849715655,5,0,0,0.0,0.0,6.0,2.5,4.0,1.5,0.25,0,0,0,0.0,1.0,0,1,0,0,0,0,0,0,0,0,0,0,0,0,0,0,1,0,0,0,1,0,0,0,0.0
2020-03-06,1.2178580742580933,1.5010317916895224,-0.28115475018275643,False,True,False,False,66.1854,73.6842,5.95,139.79,0.2403429818744579,1.7775376480533818,1.5405326283129308,0.017103096902892405,1.3561953907370246,1.3298614996547522,0.02917206237643057,1.47469790060725,1.4483640095249777,0.06166364143136209,1.882873212382471,1.8302054302179263,0.023936282091651728,0.16266241480933702,-0.3040550908063048,0.2403429818744579,-0.10301833332243707,0.1831218335198328,-0.40372860267257416,0.2403429818744579,-0.5214977320572143,6,0,0,0.0,0.0,6.0,2.5,4.0,1.5,0.25,0,0,0,0.0,0.0,0,1,0,0,0,0,0,0,0,0,0,0,0,0,0,0,1,0,0,0,0,1,0,0,-0.0
2020-03-07,1.2178580742580933,1.5010317916895224,-0.28115475018275643,False,False,False,False,67.5175,75.8424,5.95,139.79,-0.28115475018275643,1.2178580742580933,1.5010317916895224,0.2403429818744579,1.7775376480533818,1.5405326283129308,0.017103096902892405,1.3561953907370246,1.3298614996547522,-0.3040550908063048,1.6063673560186116,1.9092071034647433,-0.025037773853222343,0.19732475110474776,-0.3040550908063048,0.2403429818744579,-0.10881823894051934,0.18765795195233034,-0.40372860267257416,0.2403429818744579,0.0,7,0,0,0.0,0.0,6.0,2.5,4.0,1.5,0.25,0,0,0,0.0,0.0,0,1,0,0,0,0,0,0,0,0,0,0,0,0,0,0,1,0,0,0,0,0,1,0,-0.28115475018275643
2020-03-08,1.2178580742580933,1.5010317916895224,-0.28115475018275643,True,False,False,False,67.5175,75.8424,5.95,139.79,-0.28115475018275643,1.2178580742580933,1.5010317916895224,-0.28115475018275643,1.2178580742580933,1.5010317916895224,0.2403429818744579,1.7775376480533818,1.5405326283129308,0.02917206237643057,1.47469790060725,1.4483640095249777,-0.07401182979809641,0.2140529169205969,-0.3040550908063048,0.2403429818744579,-0.11461814455860161,0.19189829317553148,-0.40372860267257416,0.2403429818744579,0.0,8,0,0,0.0,0.0,6.0,2.5,4.0,1.5,0.25,0,0,0,0.0,0.0,0,1,0,0,0,0,0,0,0,0,0,0,0,0,0,0,1,0,0,0,0,0,0,1,-0.28115475018275643
2020-03-09,1.2178580742580933,1.5010317916895224,-0.28115475018275643,True,False,False,False,67.5175,75.8424,5.95,139.79,-0.28115475018275643,1.2178580742580933,1.5010317916895224,-0.28115475018275643,1.2178580742580933,1.5010317916895224,-0.28115475018275643,1.2178580742580933,1.5010317916895224,0.017103096902892405,1.3561953907370246,1.3298614996547522,-0.1229858857429705,0.21703419712709038,-0.3040550908063048,0.2403429818744579,-0.12041805017668386,0.19586206853263516,-0.40372860267257416,0.2403429818744579,0.0,9,0,0,0.0,0.0,6.0,2.5,4.0,1.5,0.25,0,0,0,0.0,0.0,0,1,0,0,0,0,0,0,0,0,0,0,0,0,0,0,1,0,0,0,0,0,0,0,-0.28115475018275643
2020-03-10,2.1198782321229217,2.277881578616556,-0.1605815885101851,False,True,False,False,67.5175,75.8424,5.87,142.7,-0.28115475018275643,1.2178580742580933,1.5010317916895224,-0.28115475018275643,1.2178580742580933,1.5010317916895224,-0.28115475018275643,1.2178580742580933,1.5010317916895224,0.2403429818744579,1.7775376480533818,1.5405326283129308,-0.119714408511035,0.2140013516501529,-0.28115475018275643,0.2403429818744579,-0.12621795579476613,0.19956575815891978,-0.40372860267257416,0.2403429818744579,0.12057316167257132,10,0,0,0.0,0.0,6.0,2.5,4.0,1.5,0.25,0,0,0,0.0,0.0,0,1,0,0,0,0,0,0,0,0,0,0,0,0,0,0,1,0,1,0,0,0,0,0,-0.0
2020-03-11,1.8170384846767902,1.6985359748065647,0.1169028940235364,False,True,False,False,72.0208,81.8588,5.56,129.2,-0.1605815885101851,2.1198782321229217,2.277881578616556,-0.28115475018275643,1.2178580742580933,1.5010317916895224,-0.28115475018275643,1.2178580742580933,1.5010317916895224,-0.28115475018275643,1.2178580742580933,1.5010317916895224,-0.14682207292340868,0.20377219222580242,-0.28115475018275643,0.2403429818744579,-0.10885031192602405,0.18348971951022178,-0.3040550908063048,0.2403429818744579,0.2774844825337215,11,0,0,0.0,0.0,6.0,2.5,4.0,1.5,0.25,0,0,0,0.0,0.0,0,1,0,0,0,0,0,0,0,0,0,0,0,0,0,0,1,0,0,1,0,0,0,0,0.0
2020-03-12,1.487864846148386,1.461530955066114,0.030831119358576378,False,True,False,False,71.472,81.0207,5.63,185.4,0.1169028940235364,1.8170384846767902,1.6985359748065647,-0.1605815885101851,2.1198782321229217,2.277881578616556,-0.28115475018275643,1.2178580742580933,1.5010317916895224,-0.28115475018275643,1.2178580742580933,1.5010317916895224,-0.13256495904903096,0.2199981733876644,-0.28115475018275643,0.2403429818744579,-0.0795422048667772,0.18450905741667367,-0.3040550908063048,0.2403429818744579,-0.08607177466496002,12,0,0,0.0,0.0,6.0,2.5,4.0,1.5,0.25,0,0,0,0.0,0.0,0,1,0,0,0,0,0,0,0,0,0,0,0,0,0,0,1,0,0,0,1,0,0,0,0.0
2020-03-13,1.8170384846767902,1.64586819264202,0.17442136009670348,False,True,False,False,74.0274,83.6584,5.3,118.2,0.030831119358576378,1.487864846148386,1.461530955066114,0.1169028940235364,1.8170384846767902,1.6985359748065647,-0.1605815885101851,2.1198782321229217,2.277881578616556,-0.28115475018275643,1.2178580742580933,1.5010317916895224,-0.16249522512272832,0.16919533977425108,-0.28115475018275643,0.1169028940235364,-0.06927947151553825,0.18649916874332365,-0.3040550908063048,0.2403429818744579,0.1435902407381271,13,0,0,0.0,0.0,6.0,2.5,4.0,1.5,0.25,0,0,0,0.0,0.0,0,1,0,0,0,0,0,0,0,0,0,0,0,0,0,0,1,0,0,0,0,1,0,0,0.0
2020-03-14,1.8170384846767902,1.64586819264202,0.17442136009670348,False,False,False,False,73.1882,81.861,5.3,118.2,0.17442136009670348,1.8170384846767902,1.64586819264202,0.030831119358576378,1.487864846148386,1.461530955066114,0.1169028940235364,1.8170384846767902,1.6985359748065647,-0.28115475018275643,1.2178580742580933,1.5010317916895224,-0.09741292365423405,0.2006427749198995,-0.28115475018275643,0.17442136009670348,-0.06122534875372814,0.19483741767416082,-0.3040550908063048,0.2403429818744579,0.0,14,0,0,0.0,0.0,6.0,2.5,4.0,1.5,0.25,0,0,0,0.0,0.0,0,1,0,0,0,0,0,0,0,0,0,0,0,0,0,0,1,0,0,0,0,0,1,0,0.17442136009670348
2020-03-15,1.8170384846767902,1.64586819264202,0.17442136009670348,False,False,False,False,73.1882,81.861,5.3,118.2,0.17442136009670348,1.8170384846767902,1.64586819264202,0.17442136009670348,1.8170384846767902,1.64586819264202,0.030831119358576378,1.487864846148386,1.461530955066114,-0.1605815885101851,2.1198782321229217,2.277881578616556,-0.03233062218573978,0.20495040701782805,-0.28115475018275643,0.17442136009670348,-0.05317122599191805,0.20248847150697752,-0.3040550908063048,0.2403429818744579,0.0,15,0,0,0.0,0.0,6.0,2.5,4.0,1.5,0.25,0,0,0,0.0,0.0,0,1,0,0,0,0,0,0,0,0,0,0,0,0,0,0,1,0,0,0,0,0,0,1,0.17442136009670348
2020-03-16,1.6722020837242924,1.9882087767115604,-0.30664912602102085,False,True,False,False,73.1882,81.861,5.32,207.9,0.17442136009670348,1.8170384846767902,1.64586819264202,0.17442136009670348,1.8170384846767902,1.64586819264202,0.17442136009670348,1.8170384846767902,1.64586819264202,0.1169028940235364,1.8170384846767902,1.6985359748065647,0.03275167928275449,0.18403396868233873,-0.28115475018275643,0.17442136009670348,-0.045117103230107945,0.20952762405907405,-0.3040550908063048,0.2403429818744579,-0.4810704861177243,16,0,0,0.0,0.0,6.0,2.5,4.0,1.5,0.25,0,0,0,0.0,0.0,0,1,0,0,0,0,0,0,0,0,0,0,0,0,0,0,1,0,0,0,0,0,0,0,-0.0
2020-03-17,1.395696227360433,1.5668665193952032,-0.17244984014695947,False,True,False,False,74.1262,82.7471,5.3,174.5,-0.30664912602102085,1.6722020837242924,1.9882087767115604,0.17442136009670348,1.8170384846767902,1.64586819264202,0.17442136009670348,1.8170384846767902,1.64586819264202,0.030831119358576378,1.487864846148386,1.461530955066114,0.029109625591573856,0.19138696318770496,-0.30664912602102085,0.17442136009670348,-0.04530239145973052,0.20977522128749582,-0.30664912602102085,0.2403429818744579,0.13419928587406138,17,0,0,0.0,0.0,6.0,2.5,4.0,1.5,0.25,0,0,0,0.0,0.0,0,1,0,0,0,0,0,0,0,0,0,0,0,0,0,0,1,0,1,0,0,0,0,0,-0.0
2020-03-18,1.176716099048382,1.4220301184427053,-0.2517503203296414,False,True,False,False,73.8896,82.3056,5.42,140.55,-0.17244984014695947,1.395696227360433,1.5668665193952032,-0.30664912602102085,1.6722020837242924,1.9882087767115604,0.17442136009670348,1.8170384846767902,1.64586819264202,0.17442136009670348,1.8170384846767902,1.64586819264202,0.027414161072034673,0.19338957115587357,-0.30664912602102085,0.17442136009670348,-0.059703955925686954,0.2111852492786241,-0.30664912602102085,0.2403429818744579,-0.07930048018268193,18,0,0,0.0,0.0,6.0,2.5,4.0,1.5,0.25,0,0,0,0.0,0.0,0,1,0,0,0,0,0,0,0,0,0,0,0,0,0,0,1,0,0,1,0,0,0,0,-0.0
2020-03-19,1.4220301184427053,1.5536995738540669,-0.13081552793160411,False,True,False,False,77.2131,84.8881,5.72,108.75,-0.2517503203296414,1.176716099048382,1.4220301184427053,-0.17244984014695947,1.395696227360433,1.5668665193952032,-0.30664912602102085,1.6722020837242924,1.9882087767115604,0.17442136009670348,1.8170384846767902,1.64586819264202,-0.025250583835562158,0.21405089124195137,-0.30664912602102085,0.17442136009670348,-0.07890777144229652,0.21583633310707204,-0.30664912602102085,0.2403429818744579,0.12093479239803728,19,0,0,0.0,0.0,6.0,2.5,4.0,1.5,0.25,0,0,0,0.0,0.0,0,1,0,0,0,0,0,0,0,0,0,0,0,0,0,0,1,0,0,0,1,0,0,0,-0.0
2020-03-20,1.6985359748065647,1.7643707025122455,-0.0668464637138057,False,True,False,False,80.157,87.2669,5.9,148.5,-0.13081552793160411,1.4220301184427053,1.5536995738540669,-0.2517503203296414,1.176716099048382,1.4220301184427053,-0.17244984014695947,1.395696227360433,1.5668665193952032,0.17442136009670348,1.8170384846767902,1.64586819264202,-0.048342962019873655,0.21570531546774502,-0.30664912602102085,0.17442136009670348,-0.10541909357130094,0.19543691955648013,-0.30664912602102085,0.17442136009670348,0.06396906421779841,20,0,0,0.0,0.0,6.0,2.5,4.0,1.5,0.25,0,0,0,0.0,0.0,0,1,0,0,0,0,0,0,0,0,0,0,0,0,0,0,1,0,0,0,0,1,0,0,-0.0
2020-03-21,1.6985359748065647,1.7643707025122455,-0.0668464637138057,False,False,False,False,78.0443,84.1552,5.9,148.5,-0.0668464637138057,1.6985359748065647,1.7643707025122455,-0.13081552793160411,1.4220301184427053,1.5536995738540669,-0.2517503203296414,1.176716099048382,1.4220301184427053,-0.30664912602102085,1.6722020837242924,1.9882087767115604,-0.08280979399280354,0.19216980232308634,-0.30664912602102085,0.17442136009670348,-0.09011135882351874,0.18889698376880623,-0.30664912602102085,0.17442136009670348,0.0,21,0,0,0.0,0.0,6.0,2.5,4.0,1.5,0.25,0,0,0,0.0,0.0,0,1,0,0,0,0,0,0,0,0,0,0,0,0,0,0,1,0,0,0,0,0,1,0,-0.0668464637138057
2020-03-22,1.6985359748065647,1.7643707025122455,-0.0668464637138057,False,False,False,False,78.0443,84.1552,5.9,148.5,-0.0668464637138057,1.6985359748065647,1.7643707025122455,-0.0668464637138057,1.6985359748065647,1.7643707025122455,-0.13081552793160411,1.4220301184427053,1.5536995738540669,-0.17244984014695947,1.395696227360433,1.5668665193952032,-0.11727662596573342,0.15670918994802124,-0.30664912602102085,0.17442136009670348,-0.07480362407573657,0.18073142414586282,-0.30664912602102085,0.17442136009670348,0.0,22,0,0,0.0,0.0,6.0,2.5,4.0,1.5,0.25,0,0,0,0.0,0.0,0,1,0,0,0,0,0,0,0,0,0,0,0,0,0,0,1,0,0,0,0,0,0,1,-0.0668464637138057
2020-03-23,1.711702920347701,1.882873212382471,-0.1741893726049004,False,True,False,False,78.0443,84.1552,5.8,118.0,-0.0668464637138057,1.6985359748065647,1.7643707025122455,-0.0668464637138057,1.6985359748065647,1.7643707025122455,-0.0668464637138057,1.6985359748065647,1.7643707025122455,-0.2517503203296414,1.176716099048382,1.4220301184427053,-0.1517434579386633,0.09702780523567547,-0.30664912602102085,-0.0668464637138057,-0.059495889327954354,0.17070712087151912,-0.30664912602102085,0.17442136009670348,-0.10734290889109468,23,0,0,0.0,0.0,6.0,2.5,4.0,1.5,0.25,0,0,0,0.0,0.0,0,1,0,0,0,0,0,0,0,0,0,0,0,0,0,0,1,0,0,0,0,0,0,0,-0.0
2020-03-24,1.5536995738540669,1.6063673560186116,-0.06374615727048694,False,True,False,False,80.8815,86.705,5.88,91.45,-0.1741893726049004,1.711702920347701,1.882873212382471,-0.0668464637138057,1.6985359748065647,1.7643707025122455,-0.0668464637138057,1.6985359748065647,1.7643707025122455,-0.13081552793160411,1.4220301184427053,1.5536995738540669,-0.13282063602207467,0.0712833672620139,-0.2517503203296414,-0.0668464637138057,-0.05185550521525035,0.16220515557832688,-0.30664912602102085,0.17442136009670348,0.11044321533441345,24,0,0,0.0,0.0,6.0,2.5,4.0,1.5,0.25,0,0,0,0.0,0.0,0,1,0,0,0,0,0,0,0,0,0,0,0,0,0,0,1,0,1,0,0,0,0,0,-0.0
2020-03-25,1.6590351381831563,1.8038715391356541,-0.1501383952049907,False,True,False,False,78.8493,85.4253,5.84,147.85,-0.06374615727048694,1.5536995738540669,1.6063673560186116,-0.1741893726049004,1.711702920347701,1.882873212382471,-0.0668464637138057,1.6985359748065647,1.7643707025122455,-0.0668464637138057,1.6985359748065647,1.7643707025122455,-0.11729153846829288,0.0730304164813704,-0.2517503203296414,-0.06374615727048694,-0.04493868869812905,0.15924989939807477,-0.30664912602102085,0.17442136009670348,-0.08639223793450376,25,0,0,0.0,0.0,6.0,2.5,4.0,1.5,0.25,1,1,1,0.0,0.0,0,1,0,0,0,0,0,0,0,0,0,0,0,0,0,0,1,0,0,1,0,0,0,0,-0.0
2020-03-26,2.0935443410406496,2.2647146330754198,-0.16582401897712357,False,True,False,False,77.7928,84.1485,5.91,142.6,-0.1501383952049907,1.6590351381831563,1.8038715391356541,-0.06374615727048694,1.5536995738540669,1.6063673560186116,-0.1741893726049004,1.711702920347701,1.882873212382471,-0.0668464637138057,1.6985359748065647,1.7643707025122455,-0.10277554916477136,0.04747877551825697,-0.1741893726049004,-0.06374615727048694,-0.06401306650016671,0.15428932109954197,-0.30664912602102085,0.17442136009670348,-0.015685623772132867,26,0,0,0.0,0.0,6.0,2.5,4.0,1.5,0.25,1,0,1,0.0,0.0,0,1,0,0,0,0,0,0,0,0,0,0,0,0,0,0,1,0,0,0,1,0,0,0,-0.0
2020-03-27,2.475385761733598,2.6070552171449597,-0.11941193204902127,False,True,False,True,78.7223,85.9648,6.24,76.9,-0.16582401897712357,2.0935443410406496,2.2647146330754198,-0.1501383952049907,1.6590351381831563,1.8038715391356541,-0.06374615727048694,1.5536995738540669,1.6063673560186116,-0.0668464637138057,1.6985359748065647,1.7643707025122455,-0.10777676217127412,0.05250268082672545,-0.1741893726049004,-0.06374615727048694,-0.07805986209557383,0.15394184860917143,-0.30664912602102085,0.17442136009670348,0.046412086928102295,27,0,0,0.0,0.0,6.0,2.5,4.0,1.5,0.25,1,0,1,0.0,0.0,0,1,0,0,0,0,0,0,0,0,0,0,0,0,0,0,1,0,0,0,0,1,0,0,-0.0
2020-03-28,2.475385761733598,2.6070552171449597,-0.11941193204902127,False,False,False,False,77.7325,85.7389,6.24,76.9,-0.11941193204902127,2.475385761733598,2.6070552171449597,-0.16582401897712357,2.0935443410406496,2.2647146330754198,-0.1501383952049907,1.6590351381831563,1.8038715391356541,-0.1741893726049004,1.711702920347701,1.882873212382471,-0.11528611479059063,0.04933650469462411,-0.1741893726049004,-0.06374615727048694,-0.09904795439169703,0.1358368454790861,-0.30664912602102085,0.17442136009670348,0.0,28,0,0,0.0,0.0,6.0,2.5,4.0,1.5,0.25,1,0,0,0.0,0.0,0,1,0,0,0,0,0,0,0,0,0,0,0,0,0,0,1,0,0,0,0,0,1,0,-0.11941193204902127
2020-03-29,2.475385761733598,2.6070552171449597,-0.11941193204902127,False,False,False,False,77.7325,85.7389,6.24,76.9,-0.11941193204902127,2.475385761733598,2.6070552171449597,-0.11941193204902127,2.475385761733598,2.6070552171449597,-0.16582401897712357,2.0935443410406496,2.2647146330754198,-0.06374615727048694,1.5536995738540669,1.6063673560186116,-0.12279546740990714,0.04449800390125509,-0.1741893726049004,-0.06374615727048694,-0.12003604668782024,0.1107087853612985,-0.30664912602102085,0.17442136009670348,0.0,29,0,0,0.0,0.0,6.0,2.5,4.0,1.5,0.25,1,0,0,0.0,0.0,0,1,0,0,0,0,0,0,0,0,0,0,0,0,0,0,1,0,0,0,0,0,0,1,-0.11941193204902127
2020-03-30,1.5405326283129308,2.040876558876105,-0.5002646142130958,False,False,False,False,77.7325,85.7389,6.24,76.9,-0.11941193204902127,2.475385761733598,2.6070552171449597,-0.11941193204902127,2.475385761733598,2.6070552171449597,-0.11941193204902127,2.475385761733598,2.6070552171449597,-0.1501383952049907,1.6590351381831563,1.8038715391356541,-0.13030482002922367,0.03734268952731369,-0.1741893726049004,-0.06374615727048694,-0.14102413898394345,0.07150141573845861,-0.30664912602102085,-0.06374615727048694,-0.3808526821640745,30,0,0,0.0,0.0,6.0,2.5,4.0,1.5,0.25,1,0,0,0.0,0.0,0,1,0,0,0,0,0,0,0,0,0,0,0,0,0,0,1,0,0,0,0,0,0,0,-0.5002646142130958
2020-03-31,1.0193468498205256,1.2547225895866712,-0.23537573976614554,False,False,False,False,77.7325,85.7389,6.24,76.9,-0.5002646142130958,1.5405326283129308,2.040876558876105,-0.11941193204902127,2.475385761733598,2.6070552171449597,-0.11941193204902127,2.475385761733598,2.6070552171449597,-0.16582401897712357,2.0935443410406496,2.2647146330754198,-0.176886997401823,0.14612891533574035,-0.5002646142130958,-0.06374615727048694,-0.1548538167119488,0.11279877413096813,-0.5002646142130958,-0.06374615727048694,0.2648888744469502,31,0,1,0.0,0.0,6.0,2.5,4.0,1.5,0.25,1,0,0,0.0,0.0,0,1,0,0,0,0,0,0,0,0,0,0,0,0,0,0,1,0,1,0,0,0,0,0,-0.23537573976614554
2020-04-01,1.0093779111571595,0.871000856362575,0.1383770547814175,False,False,False,False,77.7325,85.7389,6.24,76.9,-0.23537573976614554,1.0193468498205256,1.2547225895866712,-0.5002646142130958,1.5405326283129308,2.040876558876105,-0.11941193204902127,2.475385761733598,2.6070552171449597,-0.11941193204902127,2.475385761733598,2.6070552171449597,-0.20140550918691708,0.1381629115210524,-0.5002646142130958,-0.11941193204902127,-0.15934852382760492,0.11478999264666635,-0.5002646142130958,-0.06374615727048694,0.37375279454756305,1,1,0,0.0,1.0,5.5,3.1,4.0,0.8999999999999999,0.25,0,0,0,0.0,0.0,0,0,1,0,0,0,0,0,0,0,0,1,0,0,0,0,1,0,0,1,0,0,0,0,0.1383770547814175
2020-04-02,0.9930555453275659,0.8620862860122812,0.13096925930211778,False,False,False,False,77.7325,85.7389,6.24,76.9,0.1383770547814175,1.0093779111571595,0.871000856362575,-0.23537573976614554,1.0193468498205256,1.2547225895866712,-0.5002646142130958,1.5405326283129308,2.040876558876105,-0.11941193204902127,2.475385761733598,2.6070552171449597,-0.16018901633171592,0.18950207542299033,-0.5002646142130958,0.1383770547814175,-0.13148228274824358,0.13602281936059119,-0.5002646142130958,0.1383770547814175,-0.007407795479299734,2,0,0,1.0,0.0,5.5,3.1,4.0,0.8999999999999999,0.25,0,0,0,0.0,0.0,0,0,1,0,0,0,0,0,0,0,0,1,0,0,0,0,1,0,0,0,1,0,0,0,0.13096925930211778
2020-04-03,0.8169640228781728,0.9457886000298233,-0.1288245771384836,False,False,False,False,77.7325,85.7389,6.24,76.9,0.13096925930211778,0.9930555453275659,0.8620862860122812,0.1383770547814175,1.0093779111571595,0.871000856362575,-0.23537573976614554,1.0193468498205256,1.2547225895866712,-0.11941193204902127,2.475385761733598,2.6070552171449597,-0.11778997657753856,0.21894590570444702,-0.5002646142130958,0.1383770547814175,-0.11278336937440632,0.15304950740804993,-0.5002646142130958,0.1383770547814175,-0.2597938364406014,3,0,0,0.0,0.0,5.5,3.1,4.0,0.8999999999999999,0.25,0,0,0,0.0,0.0,0,0,1,0,0,0,0,0,0,0,0,1,0,0,0,0,1,0,0,0,0,1,0,0,-0.1288245771384836
2020-04-04,0.8169640228781728,0.9457886000298233,-0.1288245771384836,False,False,False,False,77.7325,85.7389,6.24,76.9,-0.1288245771384836,0.8169640228781728,0.9457886000298233,0.13096925930211778,0.9930555453275659,0.8620862860122812,0.1383770547814175,1.0093779111571595,0.871000856362575,-0.5002646142130958,1.5405326283129308,2.040876558876105,-0.11913464016174749,0.2189864275007886,-0.5002646142130958,0.1383770547814175,-0.11721037747616901,0.1525139882024959,-0.5002646142130958,0.1383770547814175,0.0,4,0,0,0.0,0.0,5.5,3.1,4.0,0.8999999999999999,0.25,0,0,0,0.0,0.0,0,0,1,0,0,0,0,0,0,0,0,1,0,0,0,0,1,0,0,0,0,0,1,0,-0.1288245771384836
2020-04-05,0.8169640228781728,0.9457886000298233,-0.1288245771384836,False,False,False,False,77.7325,85.7389,6.24,76.9,-0.1288245771384836,0.8169640228781728,0.9457886000298233,-0.1288245771384836,0.8169640228781728,0.9457886000298233,0.13096925930211778,0.9930555453275659,0.8620862860122812,-0.23537573976614554,1.0193468498205256,1.2547225895866712,-0.12047930374595639,0.21901731047419074,-0.5002646142130958,0.1383770547814175,-0.12163738557793172,0.1518376420291587,-0.5002646142130958,0.1383770547814175,0.0,5,0,0,0.0,0.0,5.5,3.1,4.0,0.8999999999999999,0.25,0,0,0,0.0,0.0,0,0,1,0,0,0,0,0,0,0,0,1,0,0,0,0,1,0,0,0,0,0,0,1,-0.1288245771384836
2020-04-06,1.4351970639838416,1.7643707025122455,-0.3291291616660556,False,False,False,False,77.7325,85.7389,5.89,164.2,-0.1288245771384836,0.8169640228781728,0.9457886000298233,-0.1288245771384836,0.8169640228781728,0.9457886000298233,-0.1288245771384836,0.8169640228781728,0.9457886000298233,0.1383770547814175,1.0093779111571595,0.871000856362575,-0.12182396733016529,0.21903855870168237,-0.5002646142130958,0.1383770547814175,-0.1260643936796944,0.1510185767926527,-0.5002646142130958,0.1383770547814175,-0.200304584527572,6,0,0,0.0,0.0,5.5,3.1,4.0,0.8999999999999999,0.25,0,0,0,0.0,0.0,0,0,1,0,0,0,0,0,0,0,0,1,0,0,0,0,1,0,0,0,0,0,0,0,-0.3291291616660556
2020-04-07,1.1131242011560918,1.5273656827717947,-0.40898895252287654,False,False,False,False,76.4074,82.6346,5.74,158.0,-0.3291291616660556,1.4351970639838416,1.7643707025122455,-0.1288245771384836,0.8169640228781728,0.9457886000298233,-0.1288245771384836,0.8169640228781728,0.9457886000298233,0.13096925930211778,0.9930555453275659,0.8620862860122812,-0.09737604553773098,0.17485305993621686,-0.3291291616660556,0.1383770547814175,-0.13713152146977695,0.16021391587732695,-0.5002646142130958,0.1383770547814175,-0.07985979085682093,7,0,0,0.0,0.0,5.5,3.1,4.0,0.8999999999999999,0.25,0,0,0,0.0,0.0,0,0,1,0,0,0,0,0,0,0,0,1,0,0,0,0,1,0,1,0,0,0,0,0,-0.40898895252287654
2020-04-08,1.3561953907370246,1.2443916733409925,0.11682570575469729,False,False,False,False,75.455,82.012,5.76,191.25,-0.40898895252287654,1.1131242011560918,1.5273656827717947,-0.3291291616660556,1.4351970639838416,1.7643707025122455,-0.1288245771384836,0.8169640228781728,0.9457886000298233,-0.1288245771384836,0.8169640228781728,0.9457886000298233,-0.12217793307440683,0.20704037779672885,-0.40898895252287654,0.1383770547814175,-0.16179172113066193,0.17402426440175522,-0.5002646142130958,0.1383770547814175,0.5258146582775738,8,0,0,0.0,0.0,5.5,3.1,4.0,0.8999999999999999,0.25,0,0,0,0.0,0.0,0,0,1,0,0,0,0,0,0,0,0,1,0,0,0,0,1,0,0,1,0,0,0,0,0.11682570575469729
2020-04-09,1.47469790060725,1.3019080384304944,0.1685015750899698,False,False,False,False,75.7499,82.2341,5.89,182.3,0.11682570575469729,1.3561953907370246,1.2443916733409925,-0.40898895252287654,1.1131242011560918,1.5273656827717947,-0.3291291616660556,1.4351970639838416,1.7643707025122455,-0.1288245771384836,0.8169640228781728,0.9457886000298233,-0.12525669722108118,0.2026334105330697,-0.40898895252287654,0.13096925930211778,-0.14272285677639848,0.18935090504503624,-0.5002646142130958,0.1383770547814175,0.051675869335272503,9,0,0,0.0,0.0,5.5,3.1,4.0,0.8999999999999999,0.25,0,0,0,0.0,0.0,0,0,1,0,0,0,0,0,0,0,0,1,0,0,0,0,1,0,0,0,1,0,0,0,0.1685015750899698
2020-04-10,1.5010317916895224,1.487864846148386,0.012027180146846173,False,False,False,False,74.605,81.0882,5.96,159.1,0.1685015750899698,1.47469790060725,1.3019080384304944,0.11682570575469729,1.3561953907370246,1.2443916733409925,-0.40898895252287654,1.1131242011560918,1.5273656827717947,-0.1288245771384836,0.8169640228781728,0.9457886000298233,-0.11989493782281659,0.2108722902981852,-0.40898895252287654,0.1685015750899698,-0.11884245720017753,0.20651729349425624,-0.5002646142130958,0.1685015750899698,-0.15647439494312362,10,0,0,0.0,0.0,5.5,3.1,4.0,0.8999999999999999,0.25,0,0,0,0.0,0.0,0,0,1,0,0,0,0,0,0,0,0,1,0,0,0,0,1,0,0,0,0,1,0,0,0.012027180146846173
2020-04-11,0.0036078479701095725,0.009109958610529092,-0.00550211064041952,False,False,False,False,73.7515,80.7358,5.96,159.1,0.012027180146846173,1.5010317916895224,1.487864846148386,0.1685015750899698,1.47469790060725,1.3019080384304944,0.11682570575469729,1.3561953907370246,1.2443916733409925,-0.3291291616660556,1.4351970639838416,1.7643707025122455,-0.09977325821062662,0.21652261995458918,-0.40898895252287654,0.1685015750899698,-0.109453949186187,0.2094561865656361,-0.5002646142130958,0.1685015750899698,-0.017529290787265693,11,0,0,0.0,0.0,5.5,3.1,4.0,0.8999999999999999,0.25,0,0,0,0.0,0.0,0,0,1,0,0,0,0,0,0,0,0,1,0,0,0,0,1,0,0,0,0,0,1,0,-0.00550211064041952
2020-04-12,0.0021598227684771756,0.0010001320709247725,0.0011596906971573946,False,False,False,False,73.7515,80.7358,5.96,159.1,-0.00550211064041952,0.0036078479701095725,0.009109958610529092,0.012027180146846173,1.5010317916895224,1.487864846148386,0.1685015750899698,1.47469790060725,1.3019080384304944,-0.40898895252287654,1.1131242011560918,1.5273656827717947,-0.08215576299661746,0.21877031596381433,-0.40898895252287654,0.1685015750899698,-0.10131753337128688,0.21124441345731193,-0.5002646142130958,0.1685015750899698,0.0066618013375769145,12,0,0,0.0,0.0,5.5,3.1,4.0,0.8999999999999999,0.25,0,0,0,0.0,0.0,0,0,1,0,0,0,0,0,0,0,0,1,0,0,0,0,1,0,0,0,0,0,0,1,0.0011596906971573946
2020-04-13,1.2451481559962128,1.395696227360433,-0.15346033099372813,False,False,False,False,73.7515,80.7358,5.83,147.8,0.0011596906971573946,0.0021598227684771756,0.0010001320709247725,-0.00550211064041952,0.0036078479701095725,0.009109958610529092,0.012027180146846173,1.5010317916895224,1.487864846148386,0.11682570575469729,1.3561953907370246,1.2443916733409925,-0.06358658187724017,0.2196635655117938,-0.40898895252287654,0.1685015750899698,-0.09270527460370269,0.21290127885480636,-0.5002646142130958,0.1685015750899698,-0.15462002169088554,13,0,0,0.0,0.0,5.5,3.1,4.0,0.8999999999999999,0.25,0,0,0,0.0,0.0,0,0,1,0,0,0,0,0,0,0,0,1,0,0,0,0,1,0,0,0,0,0,0,0,-0.15346033099372813
2020-04-14,1.3018421447938744,1.209478903896013,0.0923632408978615,False,False,False,False,73.5245,80.5387,5.91,126.4,-0.15346033099372813,1.2451481559962128,1.395696227360433,0.0011596906971573946,0.0021598227684771756,0.0010001320709247725,-0.00550211064041952,0.0036078479701095725,0.009109958610529092,0.1685015750899698,1.47469790060725,1.3019080384304944,-0.03849103463833625,0.1926432003043183,-0.40898895252287654,0.1685015750899698,-0.06793354008803357,0.17936769860464746,-0.40898895252287654,0.1685015750899698,0.24582357189158965,14,0,0,0.0,0.0,5.5,3.1,4.0,0.8999999999999999,0.25,0,0,0,0.0,0.0,0,0,1,0,0,0,0,0,0,0,0,1,0,0,0,0,1,0,1,0,0,0,0,0,0.0923632408978615
2020-04-15,1.3430284451958885,1.4088631729015693,-0.07322047633286397,False,False,False,False,73.315,80.1186,5.96,97.35,0.0923632408978615,1.3018421447938744,1.209478903896013,-0.15346033099372813,1.2451481559962128,1.395696227360433,0.0011596906971573946,0.0021598227684771756,0.0010001320709247725,0.012027180146846173,1.5010317916895224,1.487864846148386,0.03313070727891204,0.10536826894550613,-0.15346033099372813,0.1685015750899698,-0.04452361289774735,0.1772073641945398,-0.40898895252287654,0.1685015750899698,-0.16558371723072546,15,0,0,0.0,0.0,5.5,3.1,4.0,0.8999999999999999,0.25,0,0,0,0.0,0.0,0,0,1,0,0,0,0,0,0,0,0,1,0,0,0,0,1,0,0,1,0,0,0,0,-0.07322047633286397
2020-04-16,1.0150446106037352,1.1723477115857457,-0.15730310098201042,False,False,False,False,73.7145,80.6731,6.01,67.25,-0.07322047633286397,1.3430284451958885,1.4088631729015693,0.0923632408978615,1.3018421447938744,1.209478903896013,-0.15346033099372813,1.2451481559962128,1.395696227360433,-0.00550211064041952,0.0036078479701095725,0.009109958610529092,0.005981252694974717,0.10469073812883535,-0.15346033099372813,0.1685015750899698,-0.059637722263053174,0.16925279148451997,-0.40898895252287654,0.1685015750899698,-0.08408262464914645,16,0,0,0.0,0.0,5.5,3.1,4.0,0.8999999999999999,0.25,0,0,0,0.0,0.0,0,0,1,0,0,0,0,0,0,0,0,1,0,0,0,0,1,0,0,0,1,0,0,0,-0.15730310098201042
2020-04-17,1.1808866971318608,1.2452982446390737,-0.06441154750721287,False,False,False,False,74.7119,81.2791,6.12,136.55,-0.15730310098201042,1.0150446106037352,1.1723477115857457,-0.07322047633286397,1.3430284451958885,1.4088631729015693,0.0923632408978615,1.3018421447938744,1.209478903896013,0.0011596906971573946,0.0021598227684771756,0.0010001320709247725,-0.040562272458165315,0.09205589853302291,-0.15730310098201042,0.0923632408978615,-0.08022860514049089,0.16164450998325597,-0.40898895252287654,0.1685015750899698,0.09289155347479755,17,0,0,0.0,0.0,5.5,3.1,4.0,0.8999999999999999,0.25,0,0,0,0.0,0.0,0,0,1,0,0,0,0,0,0,0,0,1,0,0,0,0,1,0,0,0,0,1,0,0,-0.06441154750721287
2020-04-18,0.0003101354542717393,0.00270335391437419,-0.002393218459839112,False,False,False,False,73.9441,80.111,6.12,136.55,-0.06441154750721287,1.1808866971318608,1.2452982446390737,-0.15730310098201042,1.0150446106037352,1.1723477115857457,-0.07322047633286397,1.3430284451958885,1.4088631729015693,-0.15346033099372813,1.2451481559962128,1.395696227360433,-0.05148209069445946,0.08926941535898299,-0.15730310098201042,0.0923632408978615,-0.075627674452543,0.16107059365705287,-0.40898895252287654,0.1685015750899698,0.062018329047373755,18,0,0,0.0,0.0,5.5,3.1,4.0,0.8999999999999999,0.25,0,0,0,0.0,0.0,0,0,1,0,0,0,0,0,0,0,0,1,0,0,0,0,1,0,0,0,0,0,1,0,-0.002393218459839112
2020-04-19,0.0003101354542717393,0.00270335391437419,-0.002393218459839112,False,False,False,False,73.9441,80.111,6.12,136.55,-0.002393218459839112,0.0003101354542717393,0.00270335391437419,-0.06441154750721287,1.1808866971318608,1.2452982446390737,-0.15730310098201042,1.0150446106037352,1.1723477115857457,0.0923632408978615,1.3018421447938744,1.209478903896013,-0.051037963240090835,0.0895436105838329,-0.15730310098201042,0.0923632408978615,-0.0665968631183541,0.1614025467284727,-0.40898895252287654,0.1685015750899698,0.0,19,0,0,0.0,0.0,5.5,3.1,4.0,0.8999999999999999,0.25,0,0,0,0.0,0.0,0,0,1,0,0,0,0,0,0,0,0,1,0,0,0,0,1,0,0,0,0,0,0,1,-0.002393218459839112
2020-04-20,1.5800334649363392,1.7380368114299731,-0.16140989918388143,False,False,False,False,73.9441,80.111,6.11,73.85,-0.002393218459839112,0.0003101354542717393,0.00270335391437419,-0.002393218459839112,0.0003101354542717393,0.00270335391437419,-0.06441154750721287,1.1808866971318608,1.2452982446390737,-0.07322047633286397,1.3430284451958885,1.4088631729015693,-0.051545521691090335,0.08920786772799201,-0.15730310098201042,0.0923632408978615,-0.057566051784165205,0.16118985676810588,-0.40898895252287654,0.1685015750899698,-0.15901668072404232,20,0,0,0.0,0.0,5.5,3.1,4.0,0.8999999999999999,0.25,0,0,0,0.0,0.0,0,0,1,0,0,0,0,0,0,0,0,1,0,0,0,0,1,0,0,0,0,0,0,0,-0.16140989918388143
2020-04-21,1.107958056284874,1.1908543620117484,-0.0828963057268745,False,False,False,False,74.6657,81.1019,6.15,59.4,-0.16140989918388143,1.5800334649363392,1.7380368114299731,-0.002393218459839112,0.0003101354542717393,0.00270335391437419,-0.002393218459839112,0.0003101354542717393,0.00270335391437419,-0.15730310098201042,1.0150446106037352,1.1723477115857457,-0.05268117428968366,0.09075864249605667,-0.16140989918388143,0.0923632408978615,-0.04558610446400991,0.14485960393772584,-0.40898895252287654,0.1685015750899698,0.07851359345700694,21,0,0,0.0,0.0,5.5,3.1,4.0,0.8999999999999999,0.25,0,0,0,0.0,0.0,0,0,1,0,0,0,0,0,0,0,0,1,0,0,0,0,1,0,1,0,0,0,0,0,-0.0828963057268745
2020-04-22,0.8413943495514921,1.0035796055618464,-0.1621852560103544,False,False,False,False,76.2562,82.616,6.16,143.8,-0.0828963057268745,1.107958056284874,1.1908543620117484,-0.16140989918388143,1.5800334649363392,1.7380368114299731,-0.002393218459839112,0.0003101354542717393,0.00270335391437419,-0.06441154750721287,1.1808866971318608,1.2452982446390737,-0.07771825237893167,0.06443326258269387,-0.16140989918388143,-0.002393218459839112,-0.02229377255000976,0.10172773847043678,-0.16140989918388143,0.1685015750899698,-0.07928895028347992,22,0,0,0.0,0.0,5.5,3.1,4.0,0.8999999999999999,0.25,0,0,0,0.0,0.0,0,0,1,0,0,0,0,0,0,0,0,1,0,0,0,0,1,0,0,1,0,0,0,0,-0.1621852560103544
2020-04-23,0.9079570727517046,1.2471982237545907,-0.3392411510028861,False,False,False,False,77.0416,83.6826,6.16,129.3,-0.1621852560103544,0.8413943495514921,1.0035796055618464,-0.0828963057268745,1.107958056284874,1.1908543620117484,-0.16140989918388143,1.5800334649363392,1.7380368114299731,-0.002393218459839112,0.0003101354542717393,0.00270335391437419,-0.09042750661857316,0.07175611550258,-0.1621852560103544,-0.002393218459839112,-0.042223126961799175,0.09968636031427494,-0.1621852560103544,0.1685015750899698,-0.1770558949925317,23,0,0,0.0,0.0,5.5,3.1,4.0,0.8999999999999999,0.25,0,0,0,0.0,0.0,0,0,1,0,0,0,0,0,0,0,0,1,0,0,0,0,1,0,0,0,1,0,0,0,-0.3392411510028861
2020-04-24,1.3430284451958885,1.3561953907370246,-0.01555719059393217,False,False,False,False,75.129,81.1468,5.85,131.45,-0.3392411510028861,0.9079570727517046,1.2471982237545907,-0.1621852560103544,0.8413943495514921,1.0035796055618464,-0.0828963057268745,1.107958056284874,1.1908543620117484,-0.002393218459839112,0.0003101354542717393,0.00270335391437419,-0.11641865662155539,0.11804006807938523,-0.3392411510028861,-0.002393218459839112,-0.0784904645398603,0.10904697129277238,-0.3392411510028861,0.0923632408978615,0.3236839604089539,24,0,0,0.0,0.0,5.5,3.1,4.0,0.8999999999999999,0.25,0,0,0,0.0,0.0,0,0,1,0,0,0,0,0,0,0,0,1,0,0,0,0,1,0,0,0,0,1,0,0,-0.01555719059393217
2020-04-25,0.0014507444089415776,0.007474914961183052,-0.006024170550924779,False,False,False,False,74.7163,80.2528,5.85,131.45,-0.01555719059393217,1.3430284451958885,1.3561953907370246,-0.3392411510028861,0.9079570727517046,1.2471982237545907,-0.1621852560103544,0.8413943495514921,1.0035796055618464,-0.16140989918388143,1.5800334649363392,1.7380368114299731,-0.10943946277680101,0.12296888355519527,-0.3392411510028861,-0.002393218459839112,-0.0804607767356302,0.10752421855044444,-0.3392411510028861,0.0923632408978615,0.00953302004300739,25,0,0,0.0,0.0,5.5,3.1,4.0,0.8999999999999999,0.25,1,0,0,0.0,0.0,0,0,1,0,0,0,0,0,0,0,0,1,0,0,0,0,1,0,0,0,0,0,1,0,-0.006024170550924779
2020-04-26,0.0014507444089415776,0.007474914961183052,-0.006024170550924779,False,False,False,False,74.7163,80.2528,5.85,131.45,-0.006024170550924779,0.0014507444089415776,0.007474914961183052,-0.01555719059393217,1.3430284451958885,1.3561953907370246,-0.3392411510028861,0.9079570727517046,1.2471982237545907,-0.0828963057268745,1.107958056284874,1.1908543620117484,-0.10995817021838468,0.12244864146435303,-0.3392411510028861,-0.002393218459839112,-0.08049806672923772,0.10749630967669453,-0.3392411510028861,0.0923632408978615,0.0,26,0,0,0.0,0.0,5.5,3.1,4.0,0.8999999999999999,0.25,1,0,0,0.0,0.0,0,0,1,0,0,0,0,0,0,0,0,1,0,0,0,0,1,0,0,0,0,0,0,1,-0.006024170550924779
2020-04-27,1.461530955066114,2.0013757222526967,-0.5426619129359221,False,False,False,False,74.7163,80.2528,5.58,89.5,-0.006024170550924779,0.0014507444089415776,0.007474914961183052,-0.006024170550924779,0.0014507444089415776,0.007474914961183052,-0.01555719059393217,1.3430284451958885,1.3561953907370246,-0.1621852560103544,0.8413943495514921,1.0035796055618464,-0.11047687765996834,0.12192360505454614,-0.3392411510028861,-0.006024170550924779,-0.08101119967552929,0.10709292202122837,-0.3392411510028861,0.0923632408978615,-0.5366377423849974,27,0,0,0.0,0.0,5.5,3.1,4.0,0.8999999999999999,0.25,1,1,0,0.0,0.0,0,0,1,0,0,0,0,0,0,0,0,1,0,0,0,0,1,0,0,0,0,0,0,0,-0.5426619129359221
2020-04-28,1.3693623362781608,1.4088631729015693,-0.03628357818339253,False,False,False,False,74.496,80.7611,5.71,65.6,-0.5426619129359221,1.461530955066114,2.0013757222526967,-0.006024170550924779,0.0014507444089415776,0.007474914961183052,-0.006024170550924779,0.0014507444089415776,0.007474914961183052,-0.3392411510028861,0.9079570727517046,1.2471982237545907,-0.16494145105311703,0.20518982941316408,-0.5426619129359221,-0.006024170550924779,-0.10881131267140029,0.16317717548266059,-0.5426619129359221,0.0923632408978615,0.5063783347525296,28,0,0,0.0,0.0,5.5,3.1,4.0,0.8999999999999999,0.25,1,0,0,0.0,0.0,0,0,1,0,0,0,0,0,0,0,0,1,0,0,0,0,1,0,1,0,0,0,0,0,-0.03628357818339253
2020-04-29,1.5932004104774755,1.4351970639838416,0.15129799702539737,False,False,False,False,74.5706,80.7749,5.89,107.45,-0.03628357818339253,1.3693623362781608,1.4088631729015693,-0.5426619129359221,1.461530955066114,2.0013757222526967,-0.006024170550924779,0.0014507444089415776,0.007474914961183052,-0.01555719059393217,1.3430284451958885,1.3561953907370246,-0.15828248997547673,0.20901684406164633,-0.5426619129359221,-0.006024170550924779,-0.11800037117720415,0.15436101687516013,-0.5426619129359221,-0.002393218459839112,0.1875815752087899,29,0,0,0.0,0.0,5.5,3.1,4.0,0.8999999999999999,0.25,1,0,0,0.0,0.0,0,0,1,0,0,0,0,0,0,0,0,1,0,0,0,0,1,0,0,1,0,0,0,0,0.15129799702539737
2020-04-30,2.185712959828603,1.8960401579236073,0.28710161863528116,False,False,False,False,73.6894,80.0488,5.76,72.6,0.15129799702539737,1.5932004104774755,1.4351970639838416,-0.03628357818339253,1.3693623362781608,1.4088631729015693,-0.5426619129359221,1.461530955066114,2.0013757222526967,-0.006024170550924779,0.0014507444089415776,0.007474914961183052,-0.1134991681132265,0.2394139621168021,-0.5426619129359221,0.15129799702539737,-0.10196333736589977,0.1702195341961351,-0.5426619129359221,0.15129799702539737,0.1358036216098838,30,0,1,0.0,0.0,5.5,3.1,4.0,0.8999999999999999,0.25,1,0,0,0.0,1.0,0,0,1,0,0,0,0,0,0,0,0,1,0,0,0,0,1,0,0,0,1,0,0,0,0.28710161863528116
2020-05-01,2.185712959828603,1.8960401579236073,0.28710161863528116,True,False,False,False,72.7263,79.1189,5.76,72.6,0.28710161863528116,2.185712959828603,1.8960401579236073,0.15129799702539737,1.5932004104774755,1.4351970639838416,-0.03628357818339253,1.3693623362781608,1.4088631729015693,-0.006024170550924779,0.0014507444089415776,0.007474914961183052,-0.02402162959348831,0.2573558527753942,-0.5426619129359221,0.28710161863528116,-0.0702201431075218,0.19823707502581964,-0.5426619129359221,0.28710161863528116,0.0,1,1,0,0.0,1.0,5.5,3.0,4.0,1.0,0.25,0,0,0,0.0,1.0,0,0,0,1,0,0,0,0,0,0,0,1,0,0,0,0,1,0,0,0,0,1,0,0,0.28710161863528116
2020-05-02,2.185712959828603,1.8960401579236073,0.28710161863528116,False,False,False,False,72.7263,79.1189,5.76,72.6,0.28710161863528116,2.185712959828603,1.8960401579236073,0.28710161863528116,2.185712959828603,1.8960401579236073,0.15129799702539737,1.5932004104774755,1.4351970639838416,-0.5426619129359221,1.461530955066114,2.0013757222526967,0.019215343153542168,0.28314666044326836,-0.5426619129359221,0.28710161863528116,-0.04511205981162937,0.22008607978021924,-0.5426619129359221,0.28710161863528116,0.0,2,0,0,1.0,0.0,5.5,3.0,4.0,1.0,0.25,0,0,0,0.0,1.0,0,0,0,1,0,0,0,0,0,0,0,1,0,0,0,0,1,0,0,0,0,0,1,0,0.28710161863528116
2020-05-03,2.185712959828603,1.8960401579236073,0.28710161863528116,False,False,False,False,72.7263,79.1189,5.76,72.6,0.28710161863528116,2.185712959828603,1.8960401579236073,0.28710161863528116,2.185712959828603,1.8960401579236073,0.28710161863528116,2.185712959828603,1.8960401579236073,-0.03628357818339253,1.3693623362781608,1.4088631729015693,0.06109045589442873,0.299967647141893,-0.5426619129359221,0.28710161863528116,-0.024433857161977927,0.23733249453402067,-0.5426619129359221,0.28710161863528116,0.0,3,0,0,0.0,0.0,5.5,3.0,4.0,1.0,0.25,0,0,0,0.0,1.0,0,0,0,1,0,0,0,0,0,0,0,1,0,0,0,0,1,0,0,0,0,0,0,1,0.28710161863528116
2020-05-04,0.032137703015208956,0.12963454490084575,-0.0974968418856368,True,False,False,False,72.7263,79.1189,5.76,72.6,0.28710161863528116,2.185712959828603,1.8960401579236073,0.28710161863528116,2.185712959828603,1.8960401579236073,0.28710161863528116,2.185712959828603,1.8960401579236073,0.15129799702539737,1.5932004104774755,1.4351970639838416,0.10296556863531528,0.30935026887607464,-0.5426619129359221,0.28710161863528116,-0.003755654512326476,0.25158414994115524,-0.5426619129359221,0.28710161863528116,-0.38459846052091795,4,0,0,0.0,0.0,5.5,3.0,4.0,1.0,0.25,0,0,0,0.0,0.0,0,0,0,1,0,0,0,0,0,0,0,1,0,0,0,0,1,0,0,0,0,0,0,0,-0.0974968418856368
2020-05-05,0.008368812826642279,0.0015703988527429713,0.006798413973899308,True,False,False,False,72.7263,79.1189,5.76,72.6,-0.0974968418856368,0.032137703015208956,0.12963454490084575,0.28710161863528116,2.185712959828603,1.8960401579236073,0.28710161863528116,2.185712959828603,1.8960401579236073,0.28710161863528116,2.185712959828603,1.8960401579236073,0.16656057878535607,0.1679412541050012,-0.0974968418856368,0.28710161863528116,0.0008095638661195712,0.24907063730911244,-0.5426619129359221,0.28710161863528116,0.10429525585953611,5,0,0,0.0,0.0,5.5,3.0,4.0,1.0,0.25,0,0,0,0.0,0.0,0,0,0,1,0,0,0,0,0,0,0,1,0,0,0,0,1,0,1,0,0,0,0,0,0.006798413973899308
2020-05-06,1.262726830371284,2.212046850910875,-0.9534748960655678,False,False,False,False,72.7263,79.1189,5.35,138.3,0.006798413973899308,0.008368812826642279,0.0015703988527429713,-0.0974968418856368,0.032137703015208956,0.12963454490084575,0.28710161863528116,2.185712959828603,1.8960401579236073,0.28710161863528116,2.185712959828603,1.8960401579236073,0.17271514909354058,0.15986381450122658,-0.0974968418856368,0.28710161863528116,0.007216329559031986,0.2479027277400827,-0.5426619129359221,0.28710161863528116,-0.9602733100394671,6,0,0,0.0,0.0,5.5,3.0,4.0,1.0,0.25,0,0,0,1.0,0.0,0,0,0,1,0,0,0,0,0,0,0,1,0,0,0,0,1,0,0,1,0,0,0,0,-0.9534748960655678
2020-05-07,1.5932004104774755,1.3561953907370246,0.24300328261300388,False,False,False,False,73.9719,80.0598,5.34,112.2,-0.9534748960655678,1.262726830371284,2.212046850910875,0.006798413973899308,0.008368812826642279,0.0015703988527429713,-0.0974968418856368,0.032137703015208956,0.12963454490084575,0.28710161863528116,2.185712959828603,1.8960401579236073,0.014890450080545554,0.45585515045978214,-0.9534748960655678,0.28710161863528116,-0.0493043590163404,0.35609326889204085,-0.9534748960655678,0.28710161863528116,1.1964781786785716,7,0,0,0.0,0.0,5.5,3.0,4.0,1.0,0.25,0,0,0,0.0,1.0,0,0,0,1,0,0,0,0,0,0,0,1,0,0,0,0,1,0,0,0,1,0,0,0,0.24300328261300388
2020-05-08,1.64586819264202,1.5800334649363392,0.06552261962676575,False,False,False,False,74.1169,80.0611,5.19,114.0,0.24300328261300388,1.5932004104774755,1.3561953907370246,-0.9534748960655678,1.262726830371284,2.212046850910875,0.006798413973899308,0.008368812826642279,0.0015703988527429713,0.28710161863528116,2.185712959828603,1.8960401579236073,0.008590687791648816,0.4517525584229406,-0.9534748960655678,0.28710161863528116,-0.00771547090091968,0.35361832154879524,-0.9534748960655678,0.28710161863528116,-0.17748066298623813,8,0,0,0.0,0.0,5.5,3.0,4.0,1.0,0.25,0,0,0,0.0,0.0,0,0,0,1,0,0,0,0,0,0,0,1,0,0,0,0,1,0,0,0,0,1,0,0,0.06552261962676575
2020-05-09,1.64586819264202,1.5800334649363392,0.06552261962676575,True,False,False,False,73.8725,80.0039,5.19,114.0,0.06552261962676575,1.64586819264202,1.5800334649363392,0.24300328261300388,1.5932004104774755,1.3561953907370246,-0.9534748960655678,1.262726830371284,2.212046850910875,-0.0974968418856368,0.032137703015208956,0.12963454490084575,-0.023063454923853387,0.43649002608989673,-0.9534748960655678,0.28710161863528116,-0.001924055885155543,0.3541435697415606,-0.9534748960655678,0.28710161863528116,0.0,9,0,0,0.0,0.0,5.5,3.0,4.0,1.0,0.25,0,0,0,0.0,0.0,0,0,0,1,0,0,0,0,0,0,0,1,0,0,0,0,1,0,0,0,0,0,1,0,0.06552261962676575
2020-05-10,0.0038390690956477754,0.011225095060838259,-0.007386025965190484,False,False,False,False,73.8725,80.0039,5.19,114.0,0.06552261962676575,1.64586819264202,1.5800334649363392,0.06552261962676575,1.64586819264202,1.5800334649363392,0.24300328261300388,1.5932004104774755,1.3561953907370246,0.006798413973899308,0.008368812826642279,0.0015703988527429713,-0.05471759763935559,0.41788604582005434,-0.9534748960655678,0.28710161863528116,0.003186429127536638,0.3545957924345009,-0.9534748960655678,0.28710161863528116,-0.07290864559195624,10,0,0,0.0,0.0,5.5,3.0,4.0,1.0,0.25,0,0,0,0.0,0.0,0,0,0,1,0,0,0,0,0,0,0,1,0,0,0,0,1,0,0,0,0,0,0,1,-0.007386025965190484
2020-05-11,0.0038390690956477754,0.011225095060838259,-0.007386025965190484,True,False,False,False,73.8725,80.0039,5.19,114.0,-0.007386025965190484,0.0038390690956477754,0.011225095060838259,0.06552261962676575,1.64586819264202,1.5800334649363392,0.06552261962676575,1.64586819264202,1.5800334649363392,-0.9534748960655678,1.262726830371284,2.212046850910875,-0.09678726115370868,0.39174468485902636,-0.9534748960655678,0.24300328261300388,0.0030891537408033734,0.3545987003039775,-0.9534748960655678,0.28710161863528116,0.0,11,0,0,0.0,0.0,5.5,3.0,4.0,1.0,0.25,0,0,0,0.0,0.0,0,0,0,1,0,0,0,0,0,0,0,1,0,0,0,0,1,0,0,0,0,0,0,0,-0.007386025965190484
2020-05-12,1.8565393213001986,2.0935443410406496,-0.23764587997080064,False,True,True,False,73.8725,80.0039,5.45,146.25,-0.007386025965190484,0.0038390690956477754,0.011225095060838259,-0.007386025965190484,0.0038390690956477754,0.011225095060838259,0.06552261962676575,1.64586819264202,1.5800334649363392,0.24300328261300388,1.5932004104774755,1.3561953907370246,-0.08391428745078779,0.39319534413073276,-0.9534748960655678,0.24300328261300388,0.04132314566728421,0.3182189456738045,-0.9534748960655678,0.28710161863528116,-0.23025985400561017,12,0,0,0.0,0.0,5.5,3.0,4.0,1.0,0.25,0,0,0,0.0,0.0,0,0,0,1,0,0,0,0,0,0,0,1,0,0,0,0,1,0,1,0,0,0,0,0,-0.0
2020-05-13,1.487864846148386,1.3693623362781608,0.11454488677536691,False,True,False,False,73.4326,79.4394,5.51,166.3,-0.23764587997080064,1.8565393213001986,2.0935443410406496,-0.007386025965190484,0.0038390690956477754,0.011225095060838259,-0.007386025965190484,0.0038390690956477754,0.011225095060838259,0.06552261962676575,1.64586819264202,1.5800334649363392,-0.11883490087145919,0.39464835307814544,-0.9534748960655678,0.24300328261300388,0.026940124111040773,0.3264408983339657,-0.9534748960655678,0.28710161863528116,0.35219076674616756,13,0,0,0.0,0.0,5.5,3.0,4.0,1.0,0.25,0,0,0,0.0,0.0,0,0,0,1,0,0,0,0,0,0,0,1,0,0,0,0,1,0,0,1,0,0,0,0,0.0
2020-05-14,1.632701247100884,1.6063673560186116,0.03617905004249791,False,True,False,False,73.5819,79.7775,5.37,168.1,0.11454488677536691,1.487864846148386,1.3693623362781608,-0.23764587997080064,1.8565393213001986,2.0935443410406496,-0.007386025965190484,0.0038390690956477754,0.011225095060838259,0.06552261962676575,1.64586819264202,1.5800334649363392,0.0337393538201029,0.14684108012031855,-0.23764587997080064,0.24300328261300388,0.024314901950324312,0.32551034606886164,-0.9534748960655678,0.28710161863528116,-0.078365836732869,14,0,0,0.0,0.0,5.5,3.0,4.0,1.0,0.25,0,0,0,0.0,0.0,0,0,0,1,0,0,0,0,0,0,0,1,0,0,0,0,1,0,0,0,1,0,0,0,0.0
2020-05-15,2.1198782321229217,1.8038715391356541,0.3118943466427211,False,True,False,False,73.9298,79.9033,5.27,231.7,0.03617905004249791,1.632701247100884,1.6063673560186116,0.11454488677536691,1.487864846148386,1.3693623362781608,-0.23764587997080064,1.8565393213001986,2.0935443410406496,-0.007386025965190484,0.0038390690956477754,0.011225095060838259,0.004193034881459194,0.11509234144044216,-0.23764587997080064,0.11454488677536691,0.0063918613365540776,0.3167172257743253,-0.9534748960655678,0.28710161863528116,0.2757152966002232,15,0,0,0.0,0.0,5.5,3.0,4.0,1.0,0.25,0,0,0,0.0,1.0,0,0,0,1,0,0,0,0,0,0,0,1,0,0,0,0,1,0,0,0,0,1,0,0,0.0
2020-05-16,0.05296940336384873,0.00936178511707035,0.04360761824809507,False,False,False,False,73.2056,79.1279,5.27,231.7,0.3118943466427211,2.1198782321229217,1.8038715391356541,0.03617905004249791,1.632701247100884,1.6063673560186116,0.11454488677536691,1.487864846148386,1.3693623362781608,-0.007386025965190484,0.0038390690956477754,0.011225095060838259,0.03938899588373852,0.16417722738345467,-0.23764587997080064,0.3118943466427211,0.008162770479942643,0.31847198999467885,-0.9534748960655678,0.3118943466427211,-0.26828672839462603,16,0,0,0.0,0.0,5.5,3.0,4.0,1.0,0.25,0,0,0,0.0,0.0,0,0,0,1,0,0,0,0,0,0,0,1,0,0,0,0,1,0,0,0,0,0,1,0,0.04360761824809507
2020-05-17,0.008871955812822479,0.0008676513853833118,0.008004304428360854,False,False,False,False,73.2056,79.1279,5.27,231.7,0.04360761824809507,0.05296940336384873,0.00936178511707035,0.3118943466427211,2.1198782321229217,1.8038715391356541,0.03617905004249791,1.632701247100884,1.6063673560186116,-0.23764587997080064,1.8565393213001986,2.0935443410406496,0.036258281401071284,0.16380435119394648,-0.23764587997080064,0.3118943466427211,-0.009229658119142078,0.3085614031339956,-0.9534748960655678,0.3118943466427211,-0.03560331381973422,17,0,0,0.0,0.0,5.5,3.0,4.0,1.0,0.25,0,0,0,0.0,0.0,0,0,0,1,0,0,0,0,0,0,0,1,0,0,0,0,1,0,0,0,0,0,0,1,0.008004304428360854
2020-05-18,1.461530955066114,1.869706266841335,-0.4048087632017563,False,True,False,False,73.2056,79.1279,5.28,166.4,0.008004304428360854,0.008871955812822479,0.0008676513853833118,0.04360761824809507,0.05296940336384873,0.00936178511707035,0.3118943466427211,2.1198782321229217,1.8038715391356541,0.11454488677536691,1.487864846148386,1.3693623362781608,0.03845690002872148,0.16322316880201337,-0.23764587997080064,0.3118943466427211,-0.02916518056249353,0.2967325455515057,-0.9534748960655678,0.3118943466427211,-0.41281306763011716,18,0,0,0.0,0.0,5.5,3.0,4.0,1.0,0.25,0,0,0,0.0,0.0,0,0,0,1,0,0,0,0,0,0,0,1,0,0,0,0,1,0,0,0,0,0,0,0,-0.0
2020-05-19,1.5668665193952032,1.4220301184427053,0.15119891893343418,False,True,False,False,72.9798,78.9422,5.3,207.65,-0.4048087632017563,1.461530955066114,1.869706266841335,0.008004304428360854,0.008871955812822479,0.0008676513853833118,0.04360761824809507,0.05296940336384873,0.00936178511707035,0.03617905004249791,1.632701247100884,1.6063673560186116,-0.018317776719359358,0.23511349879691162,-0.4048087632017563,0.3118943466427211,-0.05111603208507349,0.3130919960093008,-0.9534748960655678,0.3118943466427211,0.5560076821351905,19,0,0,0.0,0.0,5.5,3.0,4.0,1.0,0.25,0,0,0,0.0,0.0,0,0,0,1,0,0,0,0,0,0,0,1,0,0,0,0,1,0,1,0,0,0,0,0,0.0
2020-05-20,1.5010317916895224,1.5010317916895224,0.004294759198797758,False,True,False,False,72.3918,79.1677,5.36,95.55,0.15119891893343418,1.5668665193952032,1.4220301184427053,-0.4048087632017563,1.461530955066114,1.869706266841335,0.008004304428360854,0.008871955812822479,0.0008676513853833118,0.3118943466427211,2.1198782321229217,1.8038715391356541,0.0372314802669599,0.22011406038165524,-0.4048087632017563,0.3118943466427211,-0.040801710302249564,0.3174942321239496,-0.9534748960655678,0.3118943466427211,-0.1469041597346364,20,0,0,0.0,0.0,5.5,3.0,4.0,1.0,0.25,0,0,0,0.0,0.0,0,0,0,1,0,0,0,0,0,0,0,1,0,0,0,0,1,0,0,1,0,0,0,0,0.0
2020-05-21,1.3693623362781608,1.4483640095249777,-0.07754178507887824,False,True,False,False,72.3381,79.1813,5.32,113.45,0.004294759198797758,1.5010317916895224,1.5010317916895224,0.15119891893343418,1.5668665193952032,1.4220301184427053,-0.4048087632017563,1.461530955066114,1.869706266841335,0.04360761824809507,0.05296940336384873,0.00936178511707035,0.021481462041735743,0.21758991272434075,-0.4048087632017563,0.3118943466427211,0.027610407930919397,0.1784488578470033,-0.4048087632017563,0.3118943466427211,-0.081836544277676,21,0,0,0.0,0.0,5.5,3.0,4.0,1.0,0.25,0,0,0,0.0,0.0,0,0,0,1,0,0,0,0,0,0,0,1,0,0,0,0,1,0,0,0,1,0,0,0,-0.0
2020-05-22,1.0657235613135467,1.5141987372306585,-0.45013138463876506,False,True,False,False,70.924,77.7965,5.34,122.4,-0.07754178507887824,1.3693623362781608,1.4483640095249777,0.004294759198797758,1.5010317916895224,1.5010317916895224,0.15119891893343418,1.5668665193952032,1.4220301184427053,0.008004304428360854,0.008871955812822479,0.0008676513853833118,0.005235628452967721,0.22053507481072404,-0.4048087632017563,0.3118943466427211,0.004714331667213532,0.1690005922121689,-0.4048087632017563,0.3118943466427211,-0.3725895995598868,22,0,0,0.0,0.0,5.5,3.0,4.0,1.0,0.25,0,0,0,0.0,0.0,0,0,0,1,0,0,0,0,0,0,0,1,0,0,0,0,1,0,0,0,0,1,0,0,-0.0
2020-05-23,0.005403917679253319,0.003126904467278674,0.0022770132119746453,False,False,False,False,71.8804,78.4431,5.34,122.4,-0.45013138463876506,1.0657235613135467,1.5141987372306585,-0.07754178507887824,1.3693623362781608,1.4483640095249777,0.004294759198797758,1.5010317916895224,1.5010317916895224,-0.4048087632017563,1.461530955066114,1.869706266841335,-0.10362519030153029,0.2317250948435943,-0.45013138463876506,0.15119891893343418,-0.03211809720889581,0.20671232156073358,-0.45013138463876506,0.3118943466427211,0.4524083978507397,23,0,0,0.0,0.0,5.5,3.0,4.0,1.0,0.25,0,0,0,0.0,0.0,0,0,0,1,0,0,0,0,0,0,0,1,0,0,0,0,1,0,0,0,0,0,1,0,0.0022770132119746453
2020-05-24,0.005403917679253319,0.003126904467278674,0.0022770132119746453,False,False,False,False,71.8804,78.4431,5.34,122.4,0.0022770132119746453,0.005403917679253319,0.003126904467278674,-0.45013138463876506,1.0657235613135467,1.5141987372306585,-0.07754178507887824,1.3693623362781608,1.4483640095249777,0.15119891893343418,1.5668665193952032,1.4220301184427053,-0.10952956244954751,0.22784236619645826,-0.45013138463876506,0.15119891893343418,-0.03663564052423803,0.20509911108376616,-0.45013138463876506,0.3118943466427211,0.0,24,0,0,0.0,0.0,5.5,3.0,4.0,1.0,0.25,0,0,0,0.0,0.0,0,0,0,1,0,0,0,0,0,0,0,1,0,0,0,0,1,0,0,0,0,0,0,1,0.0022770132119746453
2020-05-25,1.461530955066114,1.6590351381831563,-0.1951921256515843,False,True,False,False,71.8804,78.4431,5.41,117.7,0.0022770132119746453,0.005403917679253319,0.003126904467278674,0.0022770132119746453,0.005403917679253319,0.003126904467278674,-0.45013138463876506,1.0657235613135467,1.5141987372306585,0.004294759198797758,1.5010317916895224,1.5010317916895224,-0.11034774690903126,0.22735972874178176,-0.45013138463876506,0.15119891893343418,-0.03594542344015482,0.2052213392056678,-0.45013138463876506,0.3118943466427211,-0.19746913886355896,25,0,0,0.0,0.0,5.5,3.0,4.0,1.0,0.25,1,1,1,0.0,0.0,0,0,0,1,0,0,0,0,0,0,0,1,0,0,0,0,1,0,0,0,0,0,0,0,-0.0
2020-05-26,0.9355654090964218,1.2723113858141222,-0.3367459767177004,False,True,False,False,71.5962,77.8823,5.46,171.6,-0.1951921256515843,1.461530955066114,1.6590351381831563,0.0022770132119746453,0.005403917679253319,0.003126904467278674,0.0022770132119746453,0.005403917679253319,0.003126904467278674,-0.07754178507887824,1.3693623362781608,1.4483640095249777,-0.0804025129732924,0.19337741024613922,-0.45013138463876506,0.15119891893343418,-0.049360144846325796,0.20930836311807646,-0.45013138463876506,0.3118943466427211,-0.1415538510661161,26,0,0,0.0,0.0,5.5,3.0,4.0,1.0,0.25,1,0,1,0.0,0.0,0,0,0,1,0,0,0,0,0,0,0,1,0,0,0,0,1,0,1,0,0,0,0,0,-0.0
2020-05-27,1.1163526842591782,1.5273656827717947,-0.409973944134058,False,True,False,False,71.1408,77.7854,5.5,182.39,-0.3367459767177004,0.9355654090964218,1.2723113858141222,-0.1951921256515843,1.461530955066114,1.6590351381831563,0.0022770132119746453,0.005403917679253319,0.003126904467278674,-0.45013138463876506,1.0657235613135467,1.5141987372306585,-0.1501089266377402,0.18367942915241528,-0.45013138463876506,0.004294759198797758,-0.05643872318539007,0.21767433187359322,-0.45013138463876506,0.3118943466427211,-0.07322796741635762,27,0,0,0.0,0.0,5.5,3.0,4.0,1.0,0.25,1,0,1,0.0,0.0,0,0,0,1,0,0,0,0,0,0,0,1,0,0,0,0,1,0,0,1,0,0,0,0,-0.0
2020-05-28,1.6853690292654286,1.5668665193952032,0.11832650226623694,False,True,False,False,71.0635,77.9069,5.52,171.94,-0.409973944134058,1.1163526842591782,1.5273656827717947,-0.3367459767177004,0.9355654090964218,1.2723113858141222,-0.1951921256515843,1.461530955066114,1.6590351381831563,0.0022770132119746453,0.005403917679253319,0.003126904467278674,-0.2092901699710053,0.1921809860277973,-0.45013138463876506,0.0022770132119746453,-0.0939043539646347,0.2307292486804519,-0.45013138463876506,0.3118943466427211,0.5283004464002949,28,0,0,0.0,0.0,5.5,3.0,4.0,1.0,0.25,1,0,1,0.0,0.0,0,0,0,1,0,0,0,0,0,0,0,1,0,0,0,0,1,0,0,0,1,0,0,0,0.0
2020-05-29,1.6195343015597479,1.7380368114299731,-0.11264680878244884,False,True,False,True,71.1012,78.2611,5.47,131.05,0.11832650226623694,1.6853690292654286,1.5668665193952032,-0.409973944134058,1.1163526842591782,1.5273656827717947,-0.3367459767177004,0.9355654090964218,1.2723113858141222,0.0022770132119746453,0.005403917679253319,0.003126904467278674,-0.18130898606456028,0.2258670732902337,-0.45013138463876506,0.11832650226623694,-0.0880366788057962,0.23529131703388564,-0.45013138463876506,0.3118943466427211,-0.2309733110486858,29,0,0,0.0,0.0,5.5,3.0,4.0,1.0,0.25,1,0,1,0.0,0.0,0,0,0,1,0,0,0,0,0,0,0,1,0,0,0,0,1,0,0,0,0,1,0,0,-0.0
2020-05-30,0.005026434391131809,0.004884788636023509,0.0001416457549766309,False,False,False,False,70.752,78.5489,5.47,131.05,-0.11264680878244884,1.6195343015597479,1.7380368114299731,0.11832650226623694,1.6853690292654286,1.5668665193952032,-0.409973944134058,1.1163526842591782,1.5273656827717947,-0.1951921256515843,1.461530955066114,1.6590351381831563,-0.13309690379937225,0.19247241675094173,-0.409973944134058,0.11832650226623694,-0.11836104705045121,0.20521900897466508,-0.45013138463876506,0.15119891893343418,0.11278845453742548,30,0,0,0.0,0.0,5.5,3.0,4.0,1.0,0.25,1,0,0,0.0,0.0,0,0,0,1,0,0,0,0,0,0,0,1,0,0,0,0,1,0,0,0,0,0,1,0,0.0001416457549766309
2020-05-31,0.005026434391131809,0.004884788636023509,0.0001416457549766309,False,False,False,False,70.752,78.5489,5.47,131.05,0.0001416457549766309,0.005026434391131809,0.004884788636023509,-0.11264680878244884,1.6195343015597479,1.7380368114299731,0.11832650226623694,1.6853690292654286,1.5668665193952032,-0.3367459767177004,0.9355654090964218,1.2723113858141222,-0.1334019562932291,0.1922236325831941,-0.409973944134058,0.11832650226623694,-0.12146575937138823,0.20289577311104487,-0.45013138463876506,0.15119891893343418,0.0,31,0,1,0.0,0.0,5.5,3.0,4.0,1.0,0.25,1,0,0,0.0,0.0,0,0,0,1,0,0,0,0,0,0,0,1,0,0,0,0,1,0,0,0,0,0,0,1,0.0001416457549766309
2020-06-01,1.461530955066114,1.5141987372306585,-0.04847874681539981,False,True,True,False,70.752,78.5489,5.42,129.3,0.0001416457549766309,0.005026434391131809,0.004884788636023509,0.0001416457549766309,0.005026434391131809,0.004884788636023509,-0.11264680878244884,1.6195343015597479,1.7380368114299731,-0.409973944134058,1.1163526842591782,1.5273656827717947,-0.13370700878708597,0.19197396048410675,-0.409973944134058,0.11832650226623694,-0.12202737784805853,0.20252036544299626,-0.45013138463876506,0.15119891893343418,-0.048620392570376446,1,1,0,0.0,1.0,4.5,3.2,4.0,0.7999999999999998,0.25,0,0,0,0.0,0.0,0,0,0,0,1,0,0,0,0,0,0,1,0,0,0,0,1,0,0,0,0,0,0,0,-0.0
2020-06-02,1.2351147627248715,1.3693623362781608,-0.1304634028849674,False,True,False,False,69.7114,77.6376,5.34,120.7,-0.04847874681539981,1.461530955066114,1.5141987372306585,0.0001416457549766309,0.005026434391131809,0.004884788636023509,0.0001416457549766309,0.005026434391131809,0.004884788636023509,0.11832650226623694,1.6853690292654286,1.5668665193952032,-0.11274795466763103,0.19215118718495158,-0.409973944134058,0.11832650226623694,-0.09657523382046164,0.1859617838686511,-0.45013138463876506,0.15119891893343418,-0.08198465606956759,2,0,0,1.0,0.0,4.5,3.2,4.0,0.7999999999999998,0.25,0,0,0,0.0,0.0,0,0,0,0,1,0,0,0,0,0,0,1,0,0,0,0,1,0,1,0,0,0,0,0,-0.0
2020-06-03,1.1849569234841442,1.2782887868464903,-0.09333186336234625,False,True,False,False,68.9831,76.7782,5.33,129.93,-0.1304634028849674,1.2351147627248715,1.3693623362781608,-0.04847874681539981,1.461530955066114,1.5141987372306585,0.0001416457549766309,0.005026434391131809,0.004884788636023509,-0.11264680878244884,1.6195343015597479,1.7380368114299731,-0.08327901554866919,0.16612859829719057,-0.409973944134058,0.11832650226623694,-0.1166939710932046,0.1717898745006371,-0.45013138463876506,0.11832650226623694,0.03713153952262116,3,0,0,0.0,0.0,4.5,3.2,4.0,0.7999999999999998,0.25,0,0,0,0.0,0.0,0,0,0,0,1,0,0,0,0,0,0,1,0,0,0,0,1,0,0,1,0,0,0,0,-0.0
2020-06-04,1.5273656827717947,1.3561953907370246,0.16942178906850144,False,True,False,False,68.3413,76.6243,5.37,126.85,-0.09333186336234625,1.1849569234841442,1.2782887868464903,-0.1304634028849674,1.2351147627248715,1.3693623362781608,-0.04847874681539981,1.461530955066114,1.5141987372306585,0.0001416457549766309,0.005026434391131809,0.004884788636023509,-0.03804443258128178,0.08625599297561307,-0.1304634028849674,0.11832650226623694,-0.12366730127614348,0.16844986135996162,-0.45013138463876506,0.11832650226623694,0.2627536524308477,4,0,0,0.0,0.0,4.5,3.2,4.0,0.7999999999999998,0.25,0,0,0,0.0,0.0,0,0,0,0,1,0,0,0,0,0,0,1,0,0,0,0,1,0,0,0,1,0,0,0,0.0
2020-06-05,1.7643707025122455,1.47469790060725,0.2951908023218088,False,True,False,False,69.0151,77.3245,5.32,128.75,0.16942178906850144,1.5273656827717947,1.3561953907370246,-0.09333186336234625,1.1849569234841442,1.2782887868464903,-0.1304634028849674,1.2351147627248715,1.3693623362781608,0.0001416457549766309,0.005026434391131809,0.004884788636023509,-0.030745105895243995,0.10235394522221859,-0.1304634028849674,0.16942178906850144,-0.10602704597990208,0.185699669946318,-0.45013138463876506,0.16942178906850144,0.12576901325330733,5,0,0,0.0,0.0,4.5,3.2,4.0,0.7999999999999998,0.25,0,0,0,0.0,1.0,0,0,0,0,1,0,0,0,0,0,0,1,0,0,0,0,1,0,0,0,0,1,0,0,0.0
2020-06-06,0.0013044417329835351,0.008269434042460477,-0.006964992309476941,False,False,False,False,68.6319,77.9658,5.32,128.75,0.2951908023218088,1.7643707025122455,1.47469790060725,0.16942178906850144,1.5273656827717947,1.3561953907370246,-0.09333186336234625,1.1849569234841442,1.2782887868464903,-0.04847874681539981,1.461530955066114,1.5141987372306585,0.027517409976792806,0.15199926680447778,-0.1304634028849674,0.2951908023218088,-0.052789746911289646,0.18629707503763923,-0.409973944134058,0.2951908023218088,-0.3021557946312857,6,0,0,0.0,0.0,4.5,3.2,4.0,0.7999999999999998,0.25,0,0,0,0.0,0.0,0,0,0,0,1,0,0,0,0,0,0,1,0,0,0,0,1,0,0,0,0,0,1,0,-0.006964992309476941
2020-06-07,0.0013044417329835351,0.008269434042460477,-0.006964992309476941,False,False,False,False,68.6319,77.9658,5.32,128.75,-0.006964992309476941,0.0013044417329835351,0.008269434042460477,0.2951908023218088,1.7643707025122455,1.47469790060725,0.16942178906850144,1.5273656827717947,1.3561953907370246,-0.1304634028849674,1.2351147627248715,1.3693623362781608,0.02650217596758515,0.1522361385888397,-0.1304634028849674,0.2951908023218088,-0.0534498901628219,0.18610320982533504,-0.409973944134058,0.2951908023218088,0.0,7,0,0,0.0,0.0,4.5,3.2,4.0,0.7999999999999998,0.25,0,0,0,0.0,0.0,0,0,0,0,1,0,0,0,0,0,0,1,0,0,0,0,1,0,0,0,0,0,0,1,-0.006964992309476941
2020-06-08,1.5010317916895224,1.6195343015597479,-0.11821256734344104,False,True,False,False,68.6319,77.9658,5.09,120.5,-0.006964992309476941,0.0013044417329835351,0.008269434042460477,-0.006964992309476941,0.0013044417329835351,0.008269434042460477,0.2951908023218088,1.7643707025122455,1.47469790060725,-0.09333186336234625,1.1849569234841442,1.2782887868464903,0.025486941958377498,0.15246475562862807,-0.1304634028849674,0.2951908023218088,-0.05411003341435416,0.18590661802179512,-0.409973944134058,0.2951908023218088,-0.1112475750339641,8,0,0,0.0,0.0,4.5,3.2,4.0,0.7999999999999998,0.25,0,0,0,0.0,0.0,0,0,0,0,1,0,0,0,0,0,0,1,0,0,0,0,1,0,0,0,0,0,0,0,-0.0
2020-06-09,1.4088631729015693,2.8835610735088193,-1.47469790060725,False,True,False,False,68.3123,77.1861,5.27,134.7,-0.11821256734344104,1.5010317916895224,1.6195343015597479,-0.006964992309476941,0.0013044417329835351,0.008269434042460477,-0.006964992309476941,0.0013044417329835351,0.008269434042460477,0.16942178906850144,1.5273656827717947,1.3561953907370246,0.015524967597228753,0.16018580335503235,-0.1304634028849674,0.2951908023218088,-0.04861149353520106,0.18252043532601614,-0.409973944134058,0.2951908023218088,-1.356485333263809,9,0,0,0.0,0.0,4.5,3.2,4.0,0.7999999999999998,0.25,0,0,0,1.0,0.0,0,0,0,0,1,0,0,0,0,0,0,1,0,0,0,0,1,0,1,0,0,0,0,0,-0.0
2020-06-10,1.869706266841335,1.632701247100884,0.23313686294631217,False,True,False,False,68.6745,77.3481,5.14,182.7,-1.47469790060725,1.4088631729015693,2.8835610735088193,-0.11821256734344104,1.5010317916895224,1.6195343015597479,-0.006964992309476941,0.0013044417329835351,0.008269434042460477,0.2951908023218088,1.7643707025122455,1.47469790060725,-0.17650853207738307,0.590941408150527,-1.47469790060725,0.2951908023218088,-0.12989377381302605,0.4198244920721515,-1.47469790060725,0.2951908023218088,1.7078347635535622,10,0,0,0.0,0.0,4.5,3.2,4.0,0.7999999999999998,0.25,0,0,0,0.0,1.0,0,0,0,0,1,0,0,0,0,0,0,1,0,0,0,0,1,0,0,1,0,0,0,0,0.0
2020-06-11,2.3832171429456452,2.1198782321229217,0.25698322755304526,False,True,False,False,68.6183,77.9229,5.12,208.3,0.23313686294631217,1.869706266841335,1.632701247100884,-1.47469790060725,1.4088631729015693,2.8835610735088193,-0.11821256734344104,1.5010317916895224,1.6195343015597479,-0.006964992309476941,0.0013044417329835351,0.008269434042460477,-0.12987014260471755,0.6111376690292357,-1.47469790060725,0.2951908023218088,-0.0839572875929996,0.42199963038251714,-1.47469790060725,0.2951908023218088,0.02384636460673309,11,0,0,0.0,0.0,4.5,3.2,4.0,0.7999999999999998,0.25,0,0,0,0.0,1.0,0,0,0,0,1,0,0,0,0,0,0,1,0,0,0,0,1,0,0,0,1,0,0,0,0.0
2020-06-12,2.3832171429456452,2.1198782321229217,0.25698322755304526,True,False,False,False,69.1219,78.5225,5.12,208.3,0.25698322755304526,2.3832171429456452,2.1198782321229217,0.23313686294631217,1.869706266841335,1.632701247100884,-1.47469790060725,1.4088631729015693,2.8835610735088193,-0.006964992309476941,0.0013044417329835351,0.008269434042460477,-0.11736136567835416,0.6191284312342235,-1.47469790060725,0.2951908023218088,-0.07405323578679901,0.4286864000279916,-1.47469790060725,0.2951908023218088,0.0,12,0,0,0.0,0.0,4.5,3.2,4.0,0.7999999999999998,0.25,0,0,0,0.0,1.0,0,0,0,0,1,0,0,0,0,0,0,1,0,0,0,0,1,0,0,0,0,1,0,0,0.25698322755304526
2020-06-13,2.3832171429456452,2.1198782321229217,0.25698322755304526,False,False,False,False,69.1219,78.5225,5.12,208.3,0.25698322755304526,2.3832171429456452,2.1198782321229217,0.25698322755304526,2.3832171429456452,2.1198782321229217,0.23313686294631217,1.869706266841335,1.632701247100884,-0.11821256734344104,1.5010317916895224,1.6195343015597479,-0.12281959064532037,0.6150401238668256,-1.47469790060725,0.25698322755304526,-0.047651090334263714,0.43742014960073616,-1.47469790060725,0.2951908023218088,0.0,13,0,0,0.0,0.0,4.5,3.2,4.0,0.7999999999999998,0.25,0,0,0,0.0,1.0,0,0,0,0,1,0,0,0,0,0,0,1,0,0,0,0,1,0,0,0,0,0,1,0,0.25698322755304526
2020-06-14,0.0022326054089388905,0.01947385416527247,-0.017241248748433413,False,False,False,False,69.1219,78.5225,5.12,208.3,0.25698322755304526,2.3832171429456452,2.1198782321229217,0.25698322755304526,2.3832171429456452,2.1198782321229217,0.25698322755304526,2.3832171429456452,2.1198782321229217,-1.47469790060725,1.4088631729015693,2.8835610735088193,-0.0851127020935315,0.631205374718718,-1.47469790060725,0.25698322755304526,-0.029305263062973097,0.44490093843923995,-1.47469790060725,0.2951908023218088,-0.27422447630147867,14,0,0,0.0,0.0,4.5,3.2,4.0,0.7999999999999998,0.25,0,0,0,0.0,0.0,0,0,0,0,1,0,0,0,0,0,0,1,0,0,0,0,1,0,0,0,0,0,0,1,-0.017241248748433413
2020-06-15,1.7907045935945178,2.212046850910875,-0.42516870042383786,False,True,False,False,69.1219,78.5225,5.06,160.65,-0.017241248748433413,0.0022326054089388905,0.01947385416527247,0.25698322755304526,2.3832171429456452,2.1198782321229217,0.25698322755304526,2.3832171429456452,2.1198782321229217,0.23313686294631217,1.869706266841335,1.632701247100884,-0.08658073872766812,0.6310052474896111,-1.47469790060725,0.25698322755304526,-0.030546898384645242,0.4448366875866791,-1.47469790060725,0.2951908023218088,-0.40792745167540445,15,0,0,0.0,0.0,4.5,3.2,4.0,0.7999999999999998,0.25,0,0,0,0.0,0.0,0,0,0,0,1,0,0,0,0,0,0,1,0,0,0,0,1,0,0,0,0,0,0,0,-0.0
2020-06-16,1.47469790060725,1.8038715391356541,-0.33566172362533825,False,True,False,False,70.395,79.1451,5.03,250.98,-0.42516870042383786,1.7907045935945178,2.212046850910875,-0.017241248748433413,0.0022326054089388905,0.01947385416527247,0.25698322755304526,2.3832171429456452,2.1198782321229217,0.25698322755304526,2.3832171429456452,2.1198782321229217,-0.13043161488201055,0.6440997171768794,-1.47469790060725,0.25698322755304526,-0.057453323642390815,0.45722450784594454,-1.47469790060725,0.2951908023218088,0.08950697679849962,16,0,0,0.0,0.0,4.5,3.2,4.0,0.7999999999999998,0.25,0,0,0,0.0,0.0,0,0,0,0,1,0,0,0,0,0,0,1,0,0,0,0,1,0,1,0,0,0,0,0,-0.0
2020-06-17,1.5405326283129308,1.461530955066114,0.08699560925067572,False,True,False,False,69.7524,79.0434,4.83,201.45,-0.33566172362533825,1.47469790060725,1.8038715391356541,-0.42516870042383786,1.7907045935945178,2.212046850910875,-0.017241248748433413,0.0022326054089388905,0.01947385416527247,0.25698322755304526,2.3832171429456452,2.1198782321229217,0.03228783897254829,0.2996973139581004,-0.42516870042383786,0.25698322755304526,-0.07211034655241731,0.4629975164525877,-1.47469790060725,0.2951908023218088,0.422657332876014,17,0,0,0.0,0.0,4.5,3.2,4.0,0.7999999999999998,0.25,0,0,0,0.0,0.0,0,0,0,0,1,0,0,0,0,0,0,1,0,0,0,0,1,0,0,1,0,0,0,0,0.0
2020-06-18,1.5010317916895224,1.5536995738540669,-0.05607675150280983,False,True,False,False,69.4822,78.3829,4.75,251.5,0.08699560925067572,1.5405326283129308,1.461530955066114,-0.33566172362533825,1.47469790060725,1.8038715391356541,-0.42516870042383786,1.7907045935945178,2.212046850910875,0.25698322755304526,2.3832171429456452,2.1198782321229217,0.0114105170160288,0.28824539651000464,-0.42516870042383786,0.25698322755304526,-0.059229812794344305,0.4648662952054259,-1.47469790060725,0.2951908023218088,-0.14307236075348556,18,0,0,0.0,0.0,4.5,3.2,4.0,0.7999999999999998,0.25,0,0,0,0.0,0.0,0,0,0,0,1,0,0,0,0,0,0,1,0,0,0,0,1,0,0,0,1,0,0,0,-0.0
2020-06-19,1.5668665193952032,1.7380368114299731,-0.17321683517299707,False,True,False,False,69.618,78.2924,4.69,159.4,-0.05607675150280983,1.5010317916895224,1.5536995738540669,0.08699560925067572,1.5405326283129308,1.461530955066114,-0.33566172362533825,1.47469790060725,1.8038715391356541,-0.017241248748433413,0.0022326054089388905,0.01947385416527247,-0.03331233713480764,0.26732006132571895,-0.42516870042383786,0.25698322755304526,-0.07533685140658083,0.46021775903414336,-1.47469790060725,0.2951908023218088,-0.11714008367018724,19,0,0,0.0,0.0,4.5,3.2,4.0,0.7999999999999998,0.25,0,0,0,0.0,0.0,0,0,0,0,1,0,0,0,0,0,0,1,0,0,0,0,1,0,0,0,0,1,0,0,-0.0
2020-06-20,0.001188840641066692,0.026855878008398445,-0.02566703736588339,False,False,False,False,69.5725,78.0047,4.69,159.4,-0.17321683517299707,1.5668665193952032,1.7380368114299731,-0.05607675150280983,1.5010317916895224,1.5536995738540669,0.08699560925067572,1.5405326283129308,1.461530955066114,-0.42516870042383786,1.7907045935945178,2.212046850910875,-0.09476948895281369,0.23721402932440758,-0.42516870042383786,0.25698322755304526,-0.10879453979906696,0.4480747642597847,-1.47469790060725,0.25698322755304526,0.1475497978071137,20,0,0,0.0,0.0,4.5,3.2,4.0,0.7999999999999998,0.25,0,0,0,0.0,0.0,0,0,0,0,1,0,0,0,0,0,0,1,0,0,0,0,1,0,0,0,0,0,1,0,-0.02566703736588339
2020-06-21,0.001188840641066692,0.026855878008398445,-0.02566703736588339,False,False,False,False,69.5725,78.0047,4.69,159.4,-0.02566703736588339,0.001188840641066692,0.026855878008398445,-0.17321683517299707,1.5668665193952032,1.7380368114299731,-0.05607675150280983,1.5010317916895224,1.5536995738540669,-0.33566172362533825,1.47469790060725,1.8038715391356541,-0.13514809822694634,0.18585618314869473,-0.42516870042383786,0.08699560925067572,-0.11013040016023885,0.447775602142428,-1.47469790060725,0.25698322755304526,0.0,21,0,0,0.0,0.0,4.5,3.2,4.0,0.7999999999999998,0.25,0,0,0,0.0,0.0,0,0,0,0,1,0,0,0,0,0,0,1,0,0,0,0,1,0,0,0,0,0,0,1,-0.02566703736588339
2020-06-22,2.027709613334969,2.277881578616556,-0.2428429523117256,False,True,False,False,69.5725,78.0047,4.39,304.45,-0.02566703736588339,0.001188840641066692,0.026855878008398445,-0.02566703736588339,0.001188840641066692,0.026855878008398445,-0.17321683517299707,1.5668665193952032,1.7380368114299731,0.08699560925067572,1.5405326283129308,1.461530955066114,-0.1363517823151535,0.1849905675222535,-0.42516870042383786,0.08699560925067572,-0.11146626052141075,0.4474719452588865,-1.47469790060725,0.25698322755304526,-0.2171759149458422,22,0,0,0.0,0.0,4.5,3.2,4.0,0.7999999999999998,0.25,0,0,0,0.0,0.0,0,0,0,0,1,0,0,0,0,0,0,1,0,0,0,0,1,0,0,0,0,0,0,0,-0.0
2020-06-23,1.6722020837242924,2.0803773954995135,-0.39893827330358766,False,True,False,False,69.4835,77.8285,4.42,193.65,-0.2428429523117256,2.027709613334969,2.277881578616556,-0.02566703736588339,0.001188840641066692,0.026855878008398445,-0.02566703736588339,0.001188840641066692,0.026855878008398445,-0.05607675150280983,1.5010317916895224,1.5536995738540669,-0.11030524687056602,0.1463473399564712,-0.33566172362533825,0.08699560925067572,-0.12036843087628821,0.4488540695602768,-1.47469790060725,0.25698322755304526,-0.15609532099186207,23,0,0,0.0,0.0,4.5,3.2,4.0,0.7999999999999998,0.25,0,0,0,0.0,0.0,0,0,0,0,1,0,0,0,0,0,0,1,0,0,0,0,1,0,1,0,0,0,0,0,-0.0
2020-06-24,1.6722020837242924,2.0803773954995135,-0.39893827330358766,False,True,False,False,68.8376,77.6832,4.42,193.65,-0.39893827330358766,1.6722020837242924,2.0803773954995135,-0.2428429523117256,2.027709613334969,2.277881578616556,-0.02566703736588339,0.001188840641066692,0.026855878008398445,-0.17321683517299707,1.5668665193952032,1.7380368114299731,-0.1193447539674588,0.1635322378955128,-0.39893827330358766,0.08699560925067572,-0.04352845749745519,0.24492403662154083,-0.42516870042383786,0.25698322755304526,0.0,24,0,0,0.0,0.0,4.5,3.2,4.0,0.7999999999999998,0.25,0,0,0,0.0,0.0,0,0,0,0,1,0,0,0,0,0,0,1,0,0,0,0,1,0,0,1,0,0,0,0,-0.0
2020-06-25,2.3568832518633727,2.5017196528158707,-0.14102833576725943,False,True,False,False,68.8376,77.759,4.52,161.4,-0.39893827330358766,1.6722020837242924,2.0803773954995135,-0.39893827330358766,1.6722020837242924,2.0803773954995135,-0.2428429523117256,2.027709613334969,2.277881578616556,-0.02566703736588339,0.001188840641066692,0.026855878008398445,-0.1887638800466393,0.16447889534794347,-0.39893827330358766,-0.02566703736588339,-0.08867668151530517,0.24823632599763318,-0.42516870042383786,0.25698322755304526,0.25790993753632824,25,0,0,0.0,0.0,4.5,3.2,4.0,0.7999999999999998,0.25,1,1,1,0.0,0.0,0,0,0,0,1,0,0,0,0,0,0,1,0,0,0,0,1,0,0,0,1,0,0,0,-0.0
2020-06-26,1.6590351381831563,2.238380741993147,-0.5849249520149771,False,True,False,False,69.466,78.0589,4.51,92.35,-0.14102833576725943,2.3568832518633727,2.5017196528158707,-0.39893827330358766,1.6722020837242924,2.0803773954995135,-0.39893827330358766,1.6722020837242924,2.0803773954995135,-0.02566703736588339,0.001188840641066692,0.026855878008398445,-0.20089982065584636,0.15597098171050333,-0.39893827330358766,-0.02566703736588339,-0.11710607889532694,0.2275321194828649,-0.42516870042383786,0.25698322755304526,-0.44389661624771765,26,0,0,0.0,0.0,4.5,3.2,4.0,0.7999999999999998,0.25,1,0,1,0.0,0.0,0,0,0,0,1,0,0,0,0,0,0,1,0,0,0,0,1,0,0,0,0,1,0,0,-0.0
2020-06-27,0.001397881389941938,0.01098204425371536,-0.00958416286377342,False,False,False,False,69.1284,77.5413,4.51,92.35,-0.5849249520149771,1.6590351381831563,2.238380741993147,-0.14102833576725943,2.3568832518633727,2.5017196528158707,-0.39893827330358766,1.6722020837242924,2.0803773954995135,-0.2428429523117256,2.027709613334969,2.277881578616556,-0.25971526591898636,0.21152456139263248,-0.5849249520149771,-0.02566703736588339,-0.17724237743589996,0.23226372566387082,-0.5849249520149771,0.25698322755304526,0.5753407891512037,27,0,0,0.0,0.0,4.5,3.2,4.0,0.7999999999999998,0.25,1,0,0,0.0,0.0,0,0,0,0,1,0,0,0,0,0,0,1,0,0,0,0,1,0,0,0,0,0,1,0,-0.00958416286377342
2020-06-28,0.001397881389941938,0.01098204425371536,-0.00958416286377342,False,False,False,False,69.1284,77.5413,4.51,92.35,-0.00958416286377342,0.001397881389941938,0.01098204425371536,-0.5849249520149771,1.6590351381831563,2.238380741993147,-0.14102833576725943,2.3568832518633727,2.5017196528158707,-0.39893827330358766,1.6722020837242924,2.0803773954995135,-0.25741771241868494,0.21455608613920282,-0.5849249520149771,-0.00958416286377342,-0.1962829053228156,0.20301298071891632,-0.5849249520149771,0.08699560925067572,0.0,28,0,0,0.0,0.0,4.5,3.2,4.0,0.7999999999999998,0.25,1,0,0,0.0,0.0,0,0,0,0,1,0,0,0,0,0,0,1,0,0,0,0,1,0,0,0,0,0,0,1,-0.00958416286377342
2020-06-29,2.2515476875342837,2.3305493607811005,-0.0730568445516607,False,True,False,False,69.1284,77.5413,4.51,100.7,-0.00958416286377342,0.001397881389941938,0.01098204425371536,-0.00958416286377342,0.001397881389941938,0.01098204425371536,-0.5849249520149771,1.6590351381831563,2.238380741993147,-0.39893827330358766,1.6722020837242924,2.0803773954995135,-0.2551201589183835,0.2175170591889245,-0.5849249520149771,-0.00958416286377342,-0.19573597061676845,0.20354206372031075,-0.5849249520149771,0.08699560925067572,-0.06347268168788728,29,0,0,0.0,0.0,4.5,3.2,4.0,0.7999999999999998,0.25,1,0,1,0.0,0.0,0,0,0,0,1,0,0,0,0,0,0,1,0,0,0,0,1,0,0,0,0,0,0,0,-0.0
2020-06-30,2.370050197404509,2.1462121232051943,0.22318027273165145,False,True,False,True,69.9513,78.6812,4.38,67.0,-0.0730568445516607,2.2515476875342837,2.3305493607811005,-0.00958416286377342,0.001397881389941938,0.01098204425371536,-0.00958416286377342,0.001397881389941938,0.01098204425371536,-0.14102833576725943,2.3568832518633727,2.5017196528158707,-0.23086500066694568,0.2283127087836278,-0.5849249520149771,-0.00958416286377342,-0.17058512376875581,0.19456790613102815,-0.5849249520149771,0.08699560925067572,0.29623711728331215,30,0,1,0.0,0.0,4.5,3.2,4.0,0.7999999999999998,0.25,1,0,1,0.0,1.0,0,0,0,0,1,0,0,0,0,0,0,1,0,0,0,0,1,0,1,0,0,0,0,0,0.0
2020-07-01,0.0062183297097112376,0.03525811023609333,-0.02903978052638209,False,False,False,False,70.4413,78.9929,4.38,67.0,0.22318027273165145,2.370050197404509,2.1462121232051943,-0.0730568445516607,2.2515476875342837,2.3305493607811005,-0.00958416286377342,0.001397881389941938,0.01098204425371536,-0.5849249520149771,1.6590351381831563,2.238380741993147,-0.14199092266191152,0.2693753363756003,-0.5849249520149771,0.22318027273165145,-0.1306678383146851,0.21440977292224117,-0.5849249520149771,0.22318027273165145,-0.25222005325803354,1,1,0,0.0,1.0,4.25,3.4,4.0,0.6000000000000001,0.25,0,0,0,0.0,0.0,0,0,0,0,0,1,0,0,0,0,0,0,1,0,0,0,1,0,0,1,0,0,0,0,-0.02903978052638209
2020-07-02,2.225213796452011,2.541220489439279,-0.31075768214179106,False,True,True,False,70.4413,79.1901,4.22,180.55,-0.02903978052638209,0.0062183297097112376,0.03525811023609333,0.22318027273165145,2.370050197404509,2.1462121232051943,-0.0730568445516607,2.2515476875342837,2.3305493607811005,-0.00958416286377342,0.001397881389941938,0.01098204425371536,-0.08914828083659644,0.24582108569282693,-0.5849249520149771,0.22318027273165145,-0.1389560804416178,0.20747925118456287,-0.5849249520149771,0.22318027273165145,-0.281717901615409,2,0,0,1.0,0.0,4.25,3.4,4.0,0.6000000000000001,0.25,0,0,0,0.0,0.0,0,0,0,0,0,1,0,0,0,0,0,0,1,0,0,0,1,0,0,0,1,0,0,0,-0.0
2020-07-03,2.0803773954995135,1.975041831170424,0.11302842334983706,False,True,False,False,70.5198,79.5181,4.05,135.3,-0.31075768214179106,2.225213796452011,2.541220489439279,-0.02903978052638209,0.0062183297097112376,0.03525811023609333,0.22318027273165145,2.370050197404509,2.1462121232051943,-0.00958416286377342,0.001397881389941938,0.01098204425371536,-0.1133953303186724,0.25976649380239414,-0.5849249520149771,0.22318027273165145,-0.1571475754872593,0.21079211341816403,-0.5849249520149771,0.22318027273165145,0.4237861054916281,3,0,0,0.0,0.0,4.25,3.4,4.0,0.6000000000000001,0.25,0,0,0,0.0,0.0,0,0,0,0,0,1,0,0,0,0,0,0,1,0,0,0,1,0,0,0,0,1,0,0,0.0
2020-07-04,2.0803773954995135,1.975041831170424,0.11302842334983706,False,False,False,False,70.4999,79.2207,4.05,135.3,0.11302842334983706,2.0803773954995135,1.975041831170424,-0.31075768214179106,2.225213796452011,2.541220489439279,-0.02903978052638209,0.0062183297097112376,0.03525811023609333,-0.0730568445516607,2.2515476875342837,2.3305493607811005,-0.013687705266556077,0.1654327891964381,-0.31075768214179106,0.22318027273165145,-0.13670148559277115,0.222661756065458,-0.5849249520149771,0.22318027273165145,0.0,4,0,0,0.0,0.0,4.25,3.4,4.0,0.6000000000000001,0.25,0,0,0,0.0,0.0,0,0,0,0,0,1,0,0,0,0,0,0,1,0,0,0,1,0,0,0,0,0,1,0,0.11302842334983706
2020-07-05,2.0803773954995135,1.975041831170424,0.11302842334983706,False,False,False,False,70.4999,79.2207,4.05,135.3,0.11302842334983706,2.0803773954995135,1.975041831170424,0.11302842334983706,2.0803773954995135,1.975041831170424,-0.31075768214179106,2.225213796452011,2.541220489439279,0.22318027273165145,2.370050197404509,2.1462121232051943,0.0038283784782454206,0.17228875582911637,-0.31075768214179106,0.22318027273165145,-0.12679466697021968,0.23091451913880096,-0.5849249520149771,0.22318027273165145,0.0,5,0,0,0.0,0.0,4.25,3.4,4.0,0.6000000000000001,0.25,0,0,0,0.0,0.0,0,0,0,0,0,1,0,0,0,0,0,0,1,0,0,0,1,0,0,0,0,0,0,1,0.11302842334983706
2020-07-06,1.8433723757590625,2.0935443410406496,-0.25512823763889464,False,True,False,False,70.4999,79.2207,4.11,118.3,0.11302842334983706,2.0803773954995135,1.975041831170424,0.11302842334983706,2.0803773954995135,1.975041831170424,0.11302842334983706,2.0803773954995135,1.975041831170424,-0.02903978052638209,0.0062183297097112376,0.03525811023609333,0.02134446222304692,0.17686979840044822,-0.31075768214179106,0.22318027273165145,-0.11688784834766822,0.23843947520146266,-0.5849249520149771,0.22318027273165145,-0.3681566609887317,6,0,0,0.0,0.0,4.25,3.4,4.0,0.6000000000000001,0.25,0,0,0,0.0,0.0,0,0,0,0,0,1,0,0,0,0,0,0,1,0,0,0,1,0,0,0,0,0,0,0,-0.0
2020-07-07,1.6195343015597479,1.461530955066114,0.14992078118544952,False,True,False,False,71.3409,80.5581,4.25,133.85,-0.25512823763889464,1.8433723757590625,2.0935443410406496,0.11302842334983706,2.0803773954995135,1.975041831170424,0.11302842334983706,2.0803773954995135,1.975041831170424,-0.31075768214179106,2.225213796452011,2.541220489439279,-0.0046657367894150726,0.20432302341994116,-0.31075768214179106,0.22318027273165145,-0.1177653687281803,0.23896071768824817,-0.5849249520149771,0.22318027273165145,0.4050490188243442,7,0,0,0.0,0.0,4.25,3.4,4.0,0.6000000000000001,0.25,0,0,0,0.0,0.0,0,0,0,0,0,1,0,0,0,0,0,0,1,0,0,0,1,0,1,0,0,0,0,0,0.0
2020-07-08,1.461530955066114,1.4351970639838416,0.025011624382141263,False,True,False,False,72.1719,81.4676,4.3,135.05,0.14992078118544952,1.6195343015597479,1.461530955066114,-0.25512823763889464,1.8433723757590625,2.0935443410406496,0.11302842334983706,2.0803773954995135,1.975041831170424,0.11302842334983706,2.0803773954995135,1.975041831170424,-0.015131378438872495,0.1922255044194059,-0.31075768214179106,0.14992078118544952,-0.07856115055039192,0.23425971817001653,-0.5849249520149771,0.22318027273165145,-0.12490915680330826,8,0,0,0.0,0.0,4.25,3.4,4.0,0.6000000000000001,0.25,0,0,0,0.0,0.0,0,0,0,0,0,1,0,0,0,0,0,0,1,0,0,0,1,0,0,1,0,0,0,0,0.0
2020-07-09,1.7643707025122455,1.64586819264202,0.11320293204191212,False,True,False,False,71.2379,80.4062,4.28,120.75,0.025011624382141263,1.461530955066114,1.4351970639838416,0.14992078118544952,1.6195343015597479,1.461530955066114,-0.25512823763889464,1.8433723757590625,2.0935443410406496,0.11302842334983706,2.0803773954995135,1.975041831170424,-0.007409749166226298,0.19265881734829446,-0.31075768214179106,0.14992078118544952,-0.048279015001411296,0.21637871232173453,-0.5849249520149771,0.22318027273165145,0.08819130765977086,9,0,0,0.0,0.0,4.25,3.4,4.0,0.6000000000000001,0.25,0,0,0,0.0,0.0,0,0,0,0,0,1,0,0,0,0,0,0,1,0,0,0,1,0,0,0,1,0,0,0,0.0
2020-07-10,1.961874885629288,1.7907045935945178,0.1782888408998581,False,True,False,False,70.88,80.4134,4.34,113.55,0.11320293204191212,1.7643707025122455,1.64586819264202,0.025011624382141263,1.461530955066114,1.4351970639838416,0.14992078118544952,1.6195343015597479,1.461530955066114,0.11302842334983706,2.0803773954995135,1.975041831170424,0.05315605286001701,0.14115857230691198,-0.25512823763889464,0.14992078118544952,-0.030119638729327613,0.21865216746172905,-0.5849249520149771,0.22318027273165145,0.06508590885794599,10,0,0,0.0,0.0,4.25,3.4,4.0,0.6000000000000001,0.25,0,0,0,0.0,0.0,0,0,0,0,0,1,0,0,0,0,0,0,1,0,0,0,1,0,0,0,0,1,0,0,0.0
2020-07-11,1.961874885629288,1.7907045935945178,0.1782888408998581,False,False,False,False,71.2298,80.2689,4.34,113.55,0.1782888408998581,1.961874885629288,1.7907045935945178,0.11320293204191212,1.7643707025122455,1.64586819264202,0.025011624382141263,1.461530955066114,1.4351970639838416,-0.25512823763889464,1.8433723757590625,2.0935443410406496,0.06247896965287715,0.1477720946064251,-0.25512823763889464,0.1782888408998581,0.024395632193160616,0.15579383971308036,-0.31075768214179106,0.22318027273165145,0.0,11,0,0,0.0,0.0,4.25,3.4,4.0,0.6000000000000001,0.25,0,0,0,0.0,0.0,0,0,0,0,0,1,0,0,0,0,0,0,1,0,0,0,1,0,0,0,0,0,1,0,0.1782888408998581
2020-07-12,1.961874885629288,1.7907045935945178,0.1782888408998581,False,False,False,False,71.2298,80.2689,4.34,113.55,0.1782888408998581,1.961874885629288,1.7907045935945178,0.1782888408998581,1.961874885629288,1.7907045935945178,0.11320293204191212,1.7643707025122455,1.64586819264202,0.14992078118544952,1.6195343015597479,1.461530955066114,0.0718018864457373,0.15344261317765048,-0.25512823763889464,0.1782888408998581,0.03781513246199143,0.16065723134686094,-0.31075768214179106,0.22318027273165145,0.0,12,0,0,0.0,0.0,4.25,3.4,4.0,0.6000000000000001,0.25,0,0,0,0.0,0.0,0,0,0,0,0,1,0,0,0,0,0,0,1,0,0,0,1,0,0,0,0,0,0,1,0.1782888408998581
2020-07-13,1.7512037569711094,1.9223740490058794,-0.17812491852416676,False,True,False,False,71.2298,80.2689,4.35,125.75,0.1782888408998581,1.961874885629288,1.7907045935945178,0.1782888408998581,1.961874885629288,1.7907045935945178,0.1782888408998581,1.961874885629288,1.7907045935945178,0.025011624382141263,1.461530955066114,1.4351970639838416,0.08112480323859746,0.1582715177123578,-0.25512823763889464,0.1782888408998581,0.05123463273082226,0.16420079301150675,-0.31075768214179106,0.22318027273165145,-0.35641375942402487,13,0,0,0.0,0.0,4.25,3.4,4.0,0.6000000000000001,0.25,0,0,0,0.0,0.0,0,0,0,0,0,1,0,0,0,0,0,0,1,0,0,0,1,0,0,0,0,0,0,0,-0.0
2020-07-14,1.6195343015597479,1.711702920347701,-0.0867557837395309,False,True,False,False,70.7479,80.0937,4.32,113.45,-0.17812491852416676,1.7512037569711094,1.9223740490058794,0.1782888408998581,1.961874885629288,1.7907045935945178,0.1782888408998581,1.961874885629288,1.7907045935945178,0.11320293204191212,1.7643707025122455,1.64586819264202,0.09212527739784429,0.13140045511492188,-0.17812491852416676,0.1782888408998581,0.04372977030421469,0.1725094460109661,-0.31075768214179106,0.22318027273165145,0.09136913478463586,14,0,0,0.0,0.0,4.25,3.4,4.0,0.6000000000000001,0.25,0,0,0,0.0,0.0,0,0,0,0,0,1,0,0,0,0,0,0,1,0,0,0,1,0,1,0,0,0,0,0,-0.0
2020-07-15,1.6722020837242924,1.6985359748065647,-0.023351459796536533,False,True,False,False,71.1275,80.623,4.25,138.6,-0.0867557837395309,1.6195343015597479,1.711702920347701,-0.17812491852416676,1.7512037569711094,1.9223740490058794,0.1782888408998581,1.961874885629288,1.7907045935945178,0.1782888408998581,1.961874885629288,1.7907045935945178,0.05831433955141853,0.14390525515979719,-0.17812491852416676,0.1782888408998581,0.02159148055627309,0.1675240876572877,-0.31075768214179106,0.1782888408998581,0.06340432394299436,15,0,0,0.0,0.0,4.25,3.4,4.0,0.6000000000000001,0.25,0,0,0,0.0,0.0,0,0,0,0,0,1,0,0,0,0,0,0,1,0,0,0,1,0,0,1,0,0,0,0,-0.0
2020-07-16,1.64586819264202,1.487864846148386,0.15084342106836154,False,True,False,False,70.7998,80.8392,4.13,175.5,-0.023351459796536533,1.6722020837242924,1.6985359748065647,-0.0867557837395309,1.6195343015597479,1.711702920347701,-0.17812491852416676,1.7512037569711094,1.9223740490058794,0.1782888408998581,1.961874885629288,1.7907045935945178,0.05140532752589313,0.14690043430327818,-0.17812491852416676,0.1782888408998581,0.02199778917983349,0.16739869298388207,-0.31075768214179106,0.1782888408998581,0.17419488086489807,16,0,0,0.0,0.0,4.25,3.4,4.0,0.6000000000000001,0.25,0,0,0,0.0,0.0,0,0,0,0,0,1,0,0,0,0,0,0,1,0,0,0,1,0,0,0,1,0,0,0,0.0
2020-07-17,1.3561953907370246,1.5932004104774755,-0.2360409726447053,False,True,False,False,71.231,81.2318,4.14,150.3,0.15084342106836154,1.64586819264202,1.487864846148386,-0.023351459796536533,1.6722020837242924,1.6985359748065647,-0.0867557837395309,1.6195343015597479,1.711702920347701,0.1782888408998581,1.961874885629288,1.7907045935945178,0.05678254024395733,0.15019155280179466,-0.17812491852416676,0.1782888408998581,0.05496929655198725,0.14003996691880105,-0.25512823763889464,0.1782888408998581,-0.3868843937130668,17,0,0,0.0,0.0,4.25,3.4,4.0,0.6000000000000001,0.25,0,0,0,0.0,0.0,0,0,0,0,0,1,0,0,0,0,0,0,1,0,0,0,1,0,0,0,0,1,0,0,-0.0
2020-07-18,1.3561953907370246,1.5932004104774755,-0.2360409726447053,False,False,False,False,71.7139,81.6821,4.14,150.3,-0.2360409726447053,1.3561953907370246,1.5932004104774755,0.15084342106836154,1.64586819264202,1.487864846148386,-0.023351459796536533,1.6722020837242924,1.6985359748065647,-0.17812491852416676,1.7512037569711094,1.9223740490058794,-0.002407433119551728,0.1740702315982691,-0.2360409726447053,0.1782888408998581,0.03003576826666279,0.15873492254623683,-0.25512823763889464,0.1782888408998581,0.0,18,0,0,0.0,0.0,4.25,3.4,4.0,0.6000000000000001,0.25,0,0,0,0.0,0.0,0,0,0,0,0,1,0,0,0,0,0,0,1,0,0,0,1,0,0,0,0,0,1,0,-0.2360409726447053
2020-07-19,1.3561953907370246,1.5932004104774755,-0.2360409726447053,False,False,False,False,71.7139,81.6821,4.14,150.3,-0.2360409726447053,1.3561953907370246,1.5932004104774755,-0.2360409726447053,1.3561953907370246,1.5932004104774755,0.15084342106836154,1.64586819264202,1.487864846148386,-0.0867557837395309,1.6195343015597479,1.711702920347701,-0.061597406483060786,0.17282553336201706,-0.2360409726447053,0.1782888408998581,0.005102239981338332,0.17159065844722235,-0.25512823763889464,0.1782888408998581,0.0,19,0,0,0.0,0.0,4.25,3.4,4.0,0.6000000000000001,0.25,0,0,0,0.0,0.0,0,0,0,0,0,1,0,0,0,0,0,0,1,0,0,0,1,0,0,0,0,0,0,1,-0.2360409726447053
2020-07-20,1.711702920347701,1.8302054302179263,-0.11471887767730855,False,True,False,False,71.7139,81.6821,4.12,185.95,-0.2360409726447053,1.3561953907370246,1.5932004104774755,-0.2360409726447053,1.3561953907370246,1.5932004104774755,-0.2360409726447053,1.3561953907370246,1.5932004104774755,-0.023351459796536533,1.6722020837242924,1.6985359748065647,-0.12078737984656986,0.14581550292265283,-0.2360409726447053,0.15084342106836154,-0.019831288303986123,0.1798636361980749,-0.25512823763889464,0.1782888408998581,0.12132209496739675,20,0,0,0.0,0.0,4.25,3.4,4.0,0.6000000000000001,0.25,0,0,0,0.0,0.0,0,0,0,0,0,1,0,0,0,0,0,0,1,0,0,0,1,0,0,0,0,0,0,0,-0.0
2020-07-21,1.6722020837242924,1.5010317916895224,0.16723640626983227,False,True,False,False,71.9628,82.3902,4.12,202.9,-0.11471887767730855,1.711702920347701,1.8302054302179263,-0.2360409726447053,1.3561953907370246,1.5932004104774755,-0.2360409726447053,1.3561953907370246,1.5932004104774755,0.15084342106836154,1.64586819264202,1.487864846148386,-0.11172937401130438,0.14361282814365184,-0.2360409726447053,0.15084342106836154,-0.009802048306729974,0.1693409987671586,-0.2360409726447053,0.1782888408998581,0.2819552839471408,21,0,0,0.0,0.0,4.25,3.4,4.0,0.6000000000000001,0.25,0,0,0,0.0,0.0,0,0,0,0,0,1,0,0,0,0,0,0,1,0,0,0,1,0,1,0,0,0,0,0,0.0
2020-07-22,1.395696227360433,1.3693623362781608,0.020900780004239335,False,True,False,False,70.9668,81.2499,4.11,177.3,0.16723640626983227,1.6722020837242924,1.5010317916895224,-0.11471887767730855,1.711702920347701,1.8302054302179263,-0.2360409726447053,1.3561953907370246,1.5932004104774755,-0.2360409726447053,1.3561953907370246,1.5932004104774755,-0.07544477543853823,0.17875965621759746,-0.2360409726447053,0.16723640626983227,-0.008565217943559775,0.17065545042389507,-0.2360409726447053,0.1782888408998581,-0.14633562626559293,22,0,0,0.0,0.0,4.25,3.4,4.0,0.6000000000000001,0.25,0,0,0,0.0,0.0,0,0,0,0,0,1,0,0,0,0,0,0,1,0,0,0,1,0,0,1,0,0,0,0,0.0
2020-07-23,1.47469790060725,1.5800334649363392,-0.09802850272465534,False,True,False,False,70.7881,81.5904,4.03,185.9,0.020900780004239335,1.395696227360433,1.3693623362781608,0.16723640626983227,1.6722020837242924,1.5010317916895224,-0.11471887767730855,1.711702920347701,1.8302054302179263,-0.2360409726447053,1.3561953907370246,1.5932004104774755,-0.06912302689557025,0.18166777788622754,-0.2360409726447053,0.16723640626983227,-0.008858849684838488,0.17059676015772815,-0.2360409726447053,0.1782888408998581,-0.11892928272889468,23,0,0,0.0,0.0,4.25,3.4,4.0,0.6000000000000001,0.25,0,0,0,0.0,0.0,0,0,0,0,0,1,0,0,0,0,0,0,1,0,0,0,1,0,0,0,1,0,0,0,-0.0
2020-07-24,1.8433723757590625,1.6063673560186116,0.22608119292182446,False,True,False,False,70.963,82.1893,3.96,162.9,-0.09802850272465534,1.47469790060725,1.5800334649363392,0.020900780004239335,1.395696227360433,1.3693623362781608,0.16723640626983227,1.6722020837242924,1.5010317916895224,-0.2360409726447053,1.3561953907370246,1.5932004104774755,-0.10467615886600122,0.1536344151361748,-0.2360409726447053,0.16723640626983227,-0.023946809311021878,0.168296306142897,-0.2360409726447053,0.1782888408998581,0.3241096956464798,24,0,0,0.0,0.0,4.25,3.4,4.0,0.6000000000000001,0.25,0,0,0,0.0,1.0,0,0,0,0,0,1,0,0,0,0,0,0,1,0,0,0,1,0,0,0,0,1,0,0,0.0
2020-07-25,1.8433723757590625,1.6063673560186116,0.22608119292182446,False,False,False,False,71.5974,83.1031,3.96,162.9,0.22608119292182446,1.8433723757590625,1.6063673560186116,-0.09802850272465534,1.47469790060725,1.5800334649363392,0.020900780004239335,1.395696227360433,1.3693623362781608,-0.11471887767730855,1.711702920347701,1.8302054302179263,-0.03865870664221126,0.18405469502349284,-0.2360409726447053,0.22608119292182446,-0.02053306988088142,0.17312934241046546,-0.2360409726447053,0.22608119292182446,0.0,25,0,0,0.0,0.0,4.25,3.4,4.0,0.6000000000000001,0.25,1,0,0,0.0,1.0,0,0,0,0,0,1,0,0,0,0,0,0,1,0,0,0,1,0,0,0,0,0,1,0,0.22608119292182446
2020-07-26,1.8433723757590625,1.6063673560186116,0.22608119292182446,False,False,False,False,71.5974,83.1031,3.96,162.9,0.22608119292182446,1.8433723757590625,1.6063673560186116,0.22608119292182446,1.8433723757590625,1.6063673560186116,-0.09802850272465534,1.47469790060725,1.5800334649363392,0.16723640626983227,1.6722020837242924,1.5010317916895224,0.027358745581578716,0.1843348909201217,-0.2360409726447053,0.22608119292182446,-0.017119330450740967,0.17776048955739546,-0.2360409726447053,0.22608119292182446,0.0,26,0,0,0.0,0.0,4.25,3.4,4.0,0.6000000000000001,0.25,1,0,0,0.0,1.0,0,0,0,0,0,1,0,0,0,0,0,0,1,0,0,0,1,0,0,0,0,0,0,1,0.22608119292182446
2020-07-27,1.5536995738540669,2.5543874349804154,-0.9995798670699884,False,True,False,False,71.5974,83.1031,4.03,101.4,0.22608119292182446,1.8433723757590625,1.6063673560186116,0.22608119292182446,1.8433723757590625,1.6063673560186116,0.22608119292182446,1.8433723757590625,1.6063673560186116,0.020900780004239335,1.395696227360433,1.3693623362781608,0.09337619780536868,0.15463892545300853,-0.11471887767730855,0.22608119292182446,-0.013705591020600516,0.18220514261117282,-0.2360409726447053,0.22608119292182446,-1.2256610599918127,27,0,0,0.0,0.0,4.25,3.4,4.0,0.6000000000000001,0.25,1,1,1,1.0,0.0,0,0,0,0,0,1,0,0,0,0,0,0,1,0,0,0,1,0,0,0,0,0,0,0,-0.0
2020-07-28,1.5932004104774755,1.7380368114299731,-0.1383780234209332,False,True,False,False,71.585,83.7759,4.11,144.7,-0.9995798670699884,1.5536995738540669,2.5543874349804154,0.22608119292182446,1.8433723757590625,1.6063673560186116,0.22608119292182446,1.8433723757590625,1.6063673560186116,-0.09802850272465534,1.47469790060725,1.5800334649363392,-0.03303251496501414,0.44401096913053023,-0.9995798670699884,0.22608119292182446,-0.07238094448815921,0.3196510712271971,-0.9995798670699884,0.22608119292182446,0.8612018436490552,28,0,0,0.0,0.0,4.25,3.4,4.0,0.6000000000000001,0.25,1,0,1,0.0,0.0,0,0,0,0,0,1,0,0,0,0,0,0,1,0,0,0,1,0,1,0,0,0,0,0,-0.0
2020-07-29,1.4483640095249777,1.5932004104774755,-0.14061061324810872,False,True,False,False,71.9196,84.261,4.15,199.25,-0.1383780234209332,1.5932004104774755,1.7380368114299731,-0.9995798670699884,1.5536995738540669,2.5543874349804154,0.22608119292182446,1.8433723757590625,1.6063673560186116,0.22608119292182446,1.8433723757590625,1.6063673560186116,-0.07669171920655206,0.43598960170773815,-0.9995798670699884,0.22608119292182446,-0.07606824732254507,0.32012703331532094,-0.9995798670699884,0.22608119292182446,-0.0022325898271755296,29,0,0,0.0,0.0,4.25,3.4,4.0,0.6000000000000001,0.25,1,0,1,0.0,0.0,0,0,0,0,0,1,0,0,0,0,0,0,1,0,0,0,1,0,0,1,0,0,0,0,-0.0
2020-07-30,1.869706266841335,1.7643707025122455,0.10258523302037234,False,True,False,False,72.2348,84.912,4.24,190.65,-0.14061061324810872,1.4483640095249777,1.5932004104774755,-0.1383780234209332,1.5932004104774755,1.7380368114299731,-0.9995798670699884,1.5536995738540669,2.5543874349804154,0.22608119292182446,1.8433723757590625,1.6063673560186116,-0.09976477538545893,0.43423426174644403,-0.9995798670699884,0.22608119292182446,-0.08444390114051452,0.3201756323556471,-0.9995798670699884,0.22608119292182446,0.24319584626848106,30,0,0,0.0,0.0,4.25,3.4,4.0,0.6000000000000001,0.25,1,0,1,0.0,0.0,0,0,0,0,0,1,0,0,0,0,0,0,1,0,0,0,1,0,0,0,1,0,0,0,0.0
2020-07-31,1.724869865888837,1.724869865888837,0.0036204317726998042,False,True,False,True,73.3633,86.2532,4.26,200.0,0.10258523302037234,1.869706266841335,1.7643707025122455,-0.14061061324810872,1.4483640095249777,1.5932004104774755,-0.1383780234209332,1.5932004104774755,1.7380368114299731,0.22608119292182446,1.8433723757590625,1.6063673560186116,-0.07110567027902641,0.44093640236196047,-0.9995798670699884,0.22608119292182446,-0.08789091457251375,0.31769785944131823,-0.9995798670699884,0.22608119292182446,-0.09896480124767254,31,0,1,0.0,0.0,4.25,3.4,4.0,0.6000000000000001,0.25,1,0,1,0.0,0.0,0,0,0,0,0,1,0,0,0,0,0,0,1,0,0,0,1,0,0,0,0,1,0,0,0.0
2020-08-01,1.724869865888837,1.724869865888837,0.0036204317726998042,False,False,False,False,73.4261,87.2889,4.26,200.0,0.0036204317726998042,1.724869865888837,1.724869865888837,0.10258523302037234,1.869706266841335,1.7643707025122455,-0.14061061324810872,1.4483640095249777,1.5932004104774755,-0.9995798670699884,1.5536995738540669,2.5543874349804154,-0.10288577901461567,0.4236239678963359,-0.9995798670699884,0.22608119292182446,-0.07077224282841339,0.31555059212892667,-0.9995798670699884,0.22608119292182446,0.0,1,1,0,0.0,1.0,4.25,3.6,4.0,0.3999999999999999,0.25,0,0,0,0.0,0.0,0,0,0,0,0,0,1,0,0,0,0,0,1,0,0,0,1,0,0,0,0,0,1,0,0.0036204317726998042
2020-08-02,1.724869865888837,1.724869865888837,0.0036204317726998042,False,False,False,False,73.4261,87.2889,4.26,200.0,0.0036204317726998042,1.724869865888837,1.724869865888837,0.0036204317726998042,1.724869865888837,1.724869865888837,0.10258523302037234,1.869706266841335,1.7643707025122455,-0.1383780234209332,1.5932004104774755,1.7380368114299731,-0.13466588775020488,0.4026574379854286,-0.9995798670699884,0.22608119292182446,-0.05365357108431301,0.31237996126206696,-0.9995798670699884,0.22608119292182446,0.0,2,0,0,1.0,0.0,4.25,3.6,4.0,0.3999999999999999,0.25,0,0,0,0.0,0.0,0,0,0,0,0,0,1,0,0,0,0,0,1,0,0,0,1,0,0,0,0,0,0,1,0.0036204317726998042
2020-08-03,1.5536995738540669,1.8170384846767902,-0.25738102653488426,False,True,True,False,73.4261,87.2889,3.92,277.8,0.0036204317726998042,1.724869865888837,1.724869865888837,0.0036204317726998042,1.724869865888837,1.724869865888837,0.0036204317726998042,1.724869865888837,1.724869865888837,-0.14061061324810872,1.4483640095249777,1.5932004104774755,-0.1664459964857941,0.3774283368987667,-0.9995798670699884,0.10258523302037234,-0.03653489934021265,0.3081543799934024,-0.9995798670699884,0.22608119292182446,-0.2610014583075841,3,0,0,0.0,0.0,4.25,3.6,4.0,0.3999999999999999,0.25,0,0,0,0.0,0.0,0,0,0,0,0,0,1,0,0,0,0,0,1,0,0,0,1,0,0,0,0,0,0,0,-0.0
2020-08-04,1.4351970639838416,1.461530955066114,-0.025466619982898425,False,True,False,False,74.1586,87.2253,4.03,152.95,-0.25738102653488426,1.5536995738540669,1.8170384846767902,0.0036204317726998042,1.724869865888837,1.724869865888837,0.0036204317726998042,1.724869865888837,1.724869865888837,0.10258523302037234,1.869706266841335,1.7643707025122455,-0.060417590695064964,0.122594093453951,-0.25738102653488426,0.10258523302037234,-0.046725052830039485,0.3132552551039045,-0.9995798670699884,0.22608119292182446,0.23191440655198584,4,0,0,0.0,0.0,4.25,3.6,4.0,0.3999999999999999,0.25,0,0,0,0.0,0.0,0,0,0,0,0,0,1,0,0,0,0,0,1,0,0,0,1,0,1,0,0,0,0,0,-0.0
2020-08-05,1.6853690292654286,1.47469790060725,0.21253056037557275,False,True,False,False,73.3806,86.5011,4.1,171.45,-0.025466619982898425,1.4351970639838416,1.461530955066114,-0.25738102653488426,1.5536995738540669,1.8170384846767902,0.0036204317726998042,1.724869865888837,1.724869865888837,0.0036204317726998042,1.724869865888837,1.724869865888837,-0.04428739020391714,0.11796774149917853,-0.25738102653488426,0.10258523302037234,-0.06048955470523454,0.3073077969515153,-0.9995798670699884,0.22608119292182446,0.23799718035847117,5,0,0,0.0,0.0,4.25,3.6,4.0,0.3999999999999999,0.25,0,0,0,0.0,1.0,0,0,0,0,0,0,1,0,0,0,0,0,1,0,0,0,1,0,0,1,0,0,0,0,0.0
2020-08-06,1.6722020837242924,1.5932004104774755,0.0691039654414459,False,True,False,False,73.2806,86.625,4.13,136.04,0.21253056037557275,1.6853690292654286,1.47469790060725,-0.025466619982898425,1.4351970639838416,1.461530955066114,-0.25738102653488426,1.5536995738540669,1.8170384846767902,0.0036204317726998042,1.724869865888837,1.724869865888837,0.0061613488851802135,0.14280528568588957,-0.25738102653488426,0.21253056037557275,-0.0468017132501393,0.31537373012352504,-0.9995798670699884,0.22608119292182446,-0.14342659493412685,6,0,0,0.0,0.0,4.25,3.6,4.0,0.3999999999999999,0.25,0,0,0,0.0,0.0,0,0,0,0,0,0,1,0,0,0,0,0,1,0,0,0,1,0,0,0,1,0,0,0,0.0
2020-08-07,1.8170384846767902,1.632701247100884,0.17338730874927546,False,True,False,False,73.0397,86.6178,4.17,175.33,0.0691039654414459,1.6722020837242924,1.5932004104774755,0.21253056037557275,1.6853690292654286,1.47469790060725,-0.025466619982898425,1.4351970639838416,1.461530955066114,0.0036204317726998042,1.724869865888837,1.724869865888837,0.0013783106596192934,0.13956131453208012,-0.25738102653488426,0.21253056037557275,-0.03486367980970349,0.31644690584866003,-0.9995798670699884,0.22608119292182446,0.10428334330782957,7,0,0,0.0,0.0,4.25,3.6,4.0,0.3999999999999999,0.25,0,0,0,0.0,0.0,0,0,0,0,0,0,1,0,0,0,0,0,1,0,0,0,1,0,0,0,0,1,0,0,0.0
2020-08-08,1.8170384846767902,1.632701247100884,0.17338730874927546,False,False,False,False,73.6376,87.1722,4.17,175.33,0.17338730874927546,1.8170384846767902,1.632701247100884,0.0691039654414459,1.6722020837242924,1.5932004104774755,0.21253056037557275,1.6853690292654286,1.47469790060725,-0.25738102653488426,1.5536995738540669,1.8170384846767902,0.025630721656272958,0.15401784275758462,-0.25738102653488426,0.21253056037557275,-0.03862752867917128,0.31340319210612677,-0.9995798670699884,0.22608119292182446,0.0,8,0,0,0.0,0.0,4.25,3.6,4.0,0.3999999999999999,0.25,0,0,0,0.0,0.0,0,0,0,0,0,0,1,0,0,0,0,0,1,0,0,0,1,0,0,0,0,0,1,0,0.17338730874927546
2020-08-09,1.8170384846767902,1.632701247100884,0.17338730874927546,False,False,False,False,73.6376,87.1722,4.17,175.33,0.17338730874927546,1.8170384846767902,1.632701247100884,0.17338730874927546,1.8170384846767902,1.632701247100884,0.0691039654414459,1.6722020837242924,1.5932004104774755,-0.025466619982898425,1.4351970639838416,1.461530955066114,0.04988313265292662,0.16307425477409523,-0.25738102653488426,0.21253056037557275,-0.042391377548639066,0.31028046157677236,-0.9995798670699884,0.22608119292182446,0.0,9,0,0,0.0,0.0,4.25,3.6,4.0,0.3999999999999999,0.25,0,0,0,0.0,0.0,0,0,0,0,0,0,1,0,0,0,0,0,1,0,0,0,1,0,0,0,0,0,0,1,0.17338730874927546
2020-08-10,1.8960401579236073,1.9355409945470157,-0.04282118492618981,False,True,False,False,73.6376,87.1722,4.18,157.42,0.17338730874927546,1.8170384846767902,1.632701247100884,0.17338730874927546,1.8170384846767902,1.632701247100884,0.17338730874927546,1.8170384846767902,1.632701247100884,0.21253056037557275,1.6853690292654286,1.47469790060725,0.07413554364958029,0.16760820553064087,-0.25738102653488426,0.21253056037557275,-0.04615522641810684,0.30707630364967287,-0.9995798670699884,0.21253056037557275,-0.21620849367546527,10,0,0,0.0,0.0,4.25,3.6,4.0,0.3999999999999999,0.25,0,0,0,0.0,0.0,0,0,0,0,0,0,1,0,0,0,0,0,1,0,0,0,1,0,0,0,0,0,0,0,-0.0
2020-08-11,1.711702920347701,1.711702920347701,0.0024595964320173183,False,True,False,False,73.775,86.8258,4.18,133.55,-0.04282118492618981,1.8960401579236073,1.9355409945470157,0.17338730874927546,1.8170384846767902,1.632701247100884,0.17338730874927546,1.8170384846767902,1.632701247100884,0.0691039654414459,1.6722020837242924,1.5932004104774755,0.1047869495936795,0.10468535603976549,-0.04282118492618981,0.21253056037557275,0.02218467944930733,0.13907770478180131,-0.25738102653488426,0.21253056037557275,0.04528078135820713,11,0,0,0.0,0.0,4.25,3.6,4.0,0.3999999999999999,0.25,0,0,0,0.0,0.0,0,0,0,0,0,0,1,0,0,0,0,0,1,0,0,0,1,0,1,0,0,0,0,0,0.0
2020-08-12,1.64586819264202,1.5668665193952032,0.08688313422613364,False,True,False,False,73.1522,85.9246,4.09,148.6,0.0024595964320173183,1.711702920347701,1.711702920347701,-0.04282118492618981,1.8960401579236073,1.9355409945470157,0.17338730874927546,1.8170384846767902,1.632701247100884,0.17338730874927546,1.8170384846767902,1.632701247100884,0.10877640908152461,0.09928714831540365,-0.04282118492618981,0.21253056037557275,0.032244509438803796,0.1314551103290386,-0.25738102653488426,0.21253056037557275,0.08442353779411632,12,0,0,0.0,0.0,4.25,3.6,4.0,0.3999999999999999,0.25,0,0,0,0.0,0.0,0,0,0,0,0,0,1,0,0,0,0,0,1,0,0,0,1,0,0,1,0,0,0,0,0.0
2020-08-13,1.8960401579236073,2.040876558876105,-0.15306037171113418,False,True,False,False,73.2351,85.956,4.08,90.8,0.08688313422613364,1.64586819264202,1.5668665193952032,0.0024595964320173183,1.711702920347701,1.711702920347701,-0.04282118492618981,1.8960401579236073,1.9355409945470157,0.17338730874927546,1.8170384846767902,1.632701247100884,0.09082677677446187,0.0881350227369575,-0.04282118492618981,0.17338730874927546,0.048494062829821105,0.12217755443328991,-0.25738102653488426,0.21253056037557275,-0.23994350593726782,13,0,0,0.0,0.0,4.25,3.6,4.0,0.3999999999999999,0.25,0,0,0,0.0,0.0,0,0,0,0,0,0,1,0,0,0,0,0,1,0,0,0,1,0,0,0,1,0,0,0,-0.0
2020-08-14,1.8960401579236073,1.961874885629288,-0.06448507698472584,False,True,False,False,73.6067,87.0399,4.11,81.15,-0.15306037171113418,1.8960401579236073,2.040876558876105,0.08688313422613364,1.64586819264202,1.5668665193952032,0.0024595964320173183,1.711702920347701,1.711702920347701,0.17338730874927546,1.8170384846767902,1.632701247100884,0.059089014324093296,0.12816965001109368,-0.15306037171113418,0.17338730874927546,0.030233662491856356,0.13216707282200887,-0.25738102653488426,0.21253056037557275,0.08857529472640834,14,0,0,0.0,0.0,4.25,3.6,4.0,0.3999999999999999,0.25,0,0,0,0.0,0.0,0,0,0,0,0,0,1,0,0,0,0,0,1,0,0,0,1,0,0,0,0,1,0,0,-0.0
2020-08-15,1.8960401579236073,1.961874885629288,-0.06448507698472584,False,False,False,False,73.2157,86.4092,4.11,81.15,-0.06448507698472584,1.8960401579236073,1.961874885629288,-0.15306037171113418,1.8960401579236073,2.040876558876105,0.08688313422613364,1.64586819264202,1.5668665193952032,-0.04282118492618981,1.8960401579236073,1.9355409945470157,0.025107244933521677,0.12428990739509951,-0.15306037171113418,0.17338730874927546,0.02536898329489738,0.1344555462441219,-0.25738102653488426,0.21253056037557275,0.0,15,0,0,0.0,0.0,4.25,3.6,4.0,0.3999999999999999,0.25,0,0,0,0.0,0.0,0,0,0,0,0,0,1,0,0,0,0,0,1,0,0,0,1,0,0,0,0,0,1,0,-0.06448507698472584
2020-08-16,1.8960401579236073,1.961874885629288,-0.06448507698472584,False,False,False,False,73.2157,86.4092,4.11,81.15,-0.06448507698472584,1.8960401579236073,1.961874885629288,-0.06448507698472584,1.8960401579236073,1.961874885629288,-0.15306037171113418,1.8960401579236073,2.040876558876105,0.0024595964320173183,1.711702920347701,1.711702920347701,-0.00887452445704994,0.10850834741069128,-0.15306037171113418,0.17338730874927546,0.02050430409793841,0.13651916239382142,-0.25738102653488426,0.21253056037557275,0.0,16,0,0,0.0,0.0,4.25,3.6,4.0,0.3999999999999999,0.25,0,0,0,0.0,0.0,0,0,0,0,0,0,1,0,0,0,0,0,1,0,0,0,1,0,0,0,0,0,0,1,-0.06448507698472584
2020-08-17,1.6063673560186116,2.054043504417241,-0.44957003990854494,False,True,False,False,73.2157,86.4092,4.11,113.95,-0.06448507698472584,1.8960401579236073,1.961874885629288,-0.06448507698472584,1.8960401579236073,1.961874885629288,-0.06448507698472584,1.8960401579236073,1.961874885629288,0.08688313422613364,1.64586819264202,1.5668665193952032,-0.04285629384762156,0.07352346779441798,-0.15306037171113418,0.08688313422613364,0.015639624900979428,0.138367982181769,-0.25738102653488426,0.21253056037557275,-0.3850849629238191,17,0,0,0.0,0.0,4.25,3.6,4.0,0.3999999999999999,0.25,0,0,0,0.0,0.0,0,0,0,0,0,0,1,0,0,0,0,0,1,0,0,0,1,0,0,0,0,0,0,0,-0.0
2020-08-18,1.3693623362781608,1.7512037569711094,-0.37773801332189505,False,True,False,False,72.9676,86.4666,4.12,120.55,-0.44957003990854494,1.6063673560186116,2.054043504417241,-0.06448507698472584,1.8960401579236073,1.961874885629288,-0.06448507698472584,1.8960401579236073,1.961874885629288,-0.15306037171113418,1.8960401579236073,2.040876558876105,-0.10096327313081514,0.1703992002189035,-0.44957003990854494,0.08688313422613364,0.0019118382314322374,0.1727905594722673,-0.44957003990854494,0.21253056037557275,0.07183202658664989,18,0,0,0.0,0.0,4.25,3.6,4.0,0.3999999999999999,0.25,0,0,0,0.0,0.0,0,0,0,0,0,0,1,0,0,0,0,0,1,0,0,0,1,0,1,0,0,0,0,0,-0.0
2020-08-19,1.5141987372306585,1.64586819264202,-0.1282857423813556,False,True,False,False,73.4321,87.3401,4.1,127.85,-0.37773801332189505,1.3693623362781608,1.7512037569711094,-0.44957003990854494,1.6063673560186116,2.054043504417241,-0.06448507698472584,1.8960401579236073,1.961874885629288,-0.06448507698472584,1.8960401579236073,1.961874885629288,-0.15527721738137407,0.19125604987830297,-0.44957003990854494,0.08688313422613364,-0.023250404149924662,0.20051011836787008,-0.44957003990854494,0.21253056037557275,0.24945227094053946,19,0,0,0.0,0.0,4.25,3.6,4.0,0.3999999999999999,0.25,0,0,0,0.0,0.0,0,0,0,0,0,0,1,0,0,0,0,0,1,0,0,0,1,0,0,1,0,0,0,0,-0.0
2020-08-20,1.8302054302179263,2.133045177664058,-0.3095598128588837,False,True,False,False,73.2392,87.4037,4.12,169.42,-0.1282857423813556,1.5141987372306585,1.64586819264202,-0.37773801332189505,1.3693623362781608,1.7512037569711094,-0.44957003990854494,1.6063673560186116,2.054043504417241,-0.06448507698472584,1.8960401579236073,1.961874885629288,-0.18601562832530108,0.16069962361022733,-0.44957003990854494,-0.06448507698472584,-0.047594425775419544,0.19010096871497728,-0.44957003990854494,0.17338730874927546,-0.18127407047752808,20,0,0,0.0,0.0,4.25,3.6,4.0,0.3999999999999999,0.25,0,0,0,0.0,0.0,0,0,0,0,0,0,1,0,0,0,0,0,1,0,0,0,1,0,0,0,1,0,0,0,-0.0
2020-08-21,1.8038715391356541,1.9092071034647433,-0.11026648790667916,False,True,False,False,73.7711,87.4261,4.1,128.59,-0.3095598128588837,1.8302054302179263,2.133045177664058,-0.1282857423813556,1.5141987372306585,1.64586819264202,-0.37773801332189505,1.3693623362781608,1.7512037569711094,-0.06448507698472584,1.8960401579236073,1.961874885629288,-0.20837269134640815,0.16614474758267592,-0.44957003990854494,-0.06448507698472584,-0.07464183851115737,0.19895194471960542,-0.44957003990854494,0.17338730874927546,0.19929332495220453,21,0,0,0.0,0.0,4.25,3.6,4.0,0.3999999999999999,0.25,0,0,0,0.0,0.0,0,0,0,0,0,0,1,0,0,0,0,0,1,0,0,0,1,0,0,0,0,1,0,0,-0.0
2020-08-22,1.8038715391356541,1.9092071034647433,-0.11026648790667916,False,False,False,False,74.0999,87.7343,4.1,128.59,-0.11026648790667916,1.8038715391356541,1.9092071034647433,-0.3095598128588837,1.8302054302179263,2.133045177664058,-0.1282857423813556,1.5141987372306585,1.64586819264202,-0.44957003990854494,1.6063673560186116,2.054043504417241,-0.21491289290668722,0.1603362221642302,-0.44957003990854494,-0.06448507698472584,-0.0949028239865827,0.18575582490090195,-0.44957003990854494,0.17338730874927546,0.0,22,0,0,0.0,0.0,4.25,3.6,4.0,0.3999999999999999,0.25,0,0,0,0.0,0.0,0,0,0,0,0,0,1,0,0,0,0,0,1,0,0,0,1,0,0,0,0,0,1,0,-0.11026648790667916
2020-08-23,1.8038715391356541,1.9092071034647433,-0.11026648790667916,False,False,False,False,74.0999,87.7343,4.1,128.59,-0.11026648790667916,1.8038715391356541,1.9092071034647433,-0.11026648790667916,1.8038715391356541,1.9092071034647433,-0.3095598128588837,1.8302054302179263,2.133045177664058,-0.37773801332189505,1.3693623362781608,1.7512037569711094,-0.2214530944669663,0.15398546871302232,-0.44957003990854494,-0.06448507698472584,-0.11516380946200802,0.16895089994331283,-0.44957003990854494,0.17338730874927546,0.0,23,0,0,0.0,0.0,4.25,3.6,4.0,0.3999999999999999,0.25,0,0,0,0.0,0.0,0,0,0,0,0,0,1,0,0,0,0,0,1,0,0,0,1,0,0,0,0,0,0,1,-0.11026648790667916
2020-08-24,1.724869865888837,2.0672104499583774,-0.3476860284128013,False,True,False,False,74.0999,87.7343,4.06,107.9,-0.11026648790667916,1.8038715391356541,1.9092071034647433,-0.11026648790667916,1.8038715391356541,1.9092071034647433,-0.11026648790667916,1.8038715391356541,1.9092071034647433,-0.1282857423813556,1.5141987372306585,1.64586819264202,-0.2279932960272453,0.14702223797754696,-0.44957003990854494,-0.11026648790667916,-0.13542479493743337,0.14730721852249878,-0.44957003990854494,0.08688313422613364,-0.23741954050612213,24,0,0,0.0,0.0,4.25,3.6,4.0,0.3999999999999999,0.25,0,0,0,0.0,0.0,0,0,0,0,0,0,1,0,0,0,0,0,1,0,0,0,1,0,0,0,0,0,0,0,-0.0
2020-08-25,1.8960401579236073,1.9882087767115604,-0.08489857969815201,False,True,False,False,74.4184,87.903,4.16,91.35,-0.3476860284128013,1.724869865888837,2.0672104499583774,-0.11026648790667916,1.8038715391356541,1.9092071034647433,-0.11026648790667916,1.8038715391356541,1.9092071034647433,-0.3095598128588837,1.8302054302179263,2.133045177664058,-0.2134384372421391,0.12479344274751189,-0.37773801332189505,-0.11026648790667916,-0.15720085518647703,0.1549027147859258,-0.44957003990854494,0.08688313422613364,0.26278744871464926,25,0,0,0.0,0.0,4.25,3.6,4.0,0.3999999999999999,0.25,1,1,1,0.0,0.0,0,0,0,0,0,0,1,0,0,0,0,0,1,0,0,0,1,0,1,0,0,0,0,0,-0.0
2020-08-26,1.3298614996547522,1.6195343015597479,-0.2833861400271831,False,True,False,False,74.5126,88.059,4.17,101.4,-0.08489857969815201,1.8960401579236073,1.9882087767115604,-0.3476860284128013,1.724869865888837,2.0672104499583774,-0.11026648790667916,1.8038715391356541,1.9092071034647433,-0.11026648790667916,1.8038715391356541,1.9092071034647433,-0.17160423243874723,0.10856477294943552,-0.3476860284128013,-0.08489857969815201,-0.16344072491006054,0.14964679420763116,-0.44957003990854494,0.08688313422613364,-0.1984875603290311,26,0,0,0.0,0.0,4.25,3.6,4.0,0.3999999999999999,0.25,1,0,1,0.0,0.0,0,0,0,0,0,0,1,0,0,0,0,0,1,0,0,0,1,0,0,1,0,0,0,0,-0.0
2020-08-27,1.6590351381831563,1.6722020837242924,-0.003954487319626495,False,True,False,False,75.5379,89.2254,4.15,104.5,-0.2833861400271831,1.3298614996547522,1.6195343015597479,-0.08489857969815201,1.8960401579236073,1.9882087767115604,-0.3476860284128013,1.724869865888837,2.0672104499583774,-0.11026648790667916,1.8038715391356541,1.9092071034647433,-0.19376143210243685,0.11394441068497399,-0.3476860284128013,-0.08489857969815201,-0.1898885302138689,0.13389323464709948,-0.44957003990854494,-0.06448507698472584,0.2794316527075566,27,0,0,0.0,0.0,4.25,3.6,4.0,0.3999999999999999,0.25,1,0,1,0.0,0.0,0,0,0,0,0,0,1,0,0,0,0,0,1,0,0,0,1,0,0,0,1,0,0,0,-0.0
2020-08-28,1.5800334649363392,1.882873212382471,-0.3101929814863261,False,True,False,False,75.2354,88.996,4.18,91.1,-0.003954487319626495,1.6590351381831563,1.6722020837242924,-0.2833861400271831,1.3298614996547522,1.6195343015597479,-0.08489857969815201,1.8960401579236073,1.9882087767115604,-0.11026648790667916,1.8038715391356541,1.9092071034647433,-0.15010352845397154,0.12053719744211386,-0.3476860284128013,-0.003954487319626495,-0.1792381099001898,0.1426893593153444,-0.44957003990854494,-0.003954487319626495,-0.3062384941666996,28,0,0,0.0,0.0,4.25,3.6,4.0,0.3999999999999999,0.25,1,0,1,0.0,0.0,0,0,0,0,0,0,1,0,0,0,0,0,1,0,0,0,1,0,0,0,0,1,0,0,-0.0
2020-08-29,1.5800334649363392,1.882873212382471,-0.3101929814863261,False,False,False,False,74.6382,88.7448,4.18,91.1,-0.3101929814863261,1.5800334649363392,1.882873212382471,-0.003954487319626495,1.6590351381831563,1.6722020837242924,-0.2833861400271831,1.3298614996547522,1.6195343015597479,-0.3476860284128013,1.724869865888837,2.0672104499583774,-0.17866445610820683,0.13260646845493224,-0.3476860284128013,-0.003954487319626495,-0.19678867450744694,0.14260000533500905,-0.44957003990854494,-0.003954487319626495,0.0,29,0,0,0.0,0.0,4.25,3.6,4.0,0.3999999999999999,0.25,1,0,0,0.0,0.0,0,0,0,0,0,0,1,0,0,0,0,0,1,0,0,0,1,0,0,0,0,0,1,0,-0.3101929814863261
2020-08-30,1.5800334649363392,1.882873212382471,-0.3101929814863261,False,False,False,False,74.6382,88.7448,4.18,91.1,-0.3101929814863261,1.5800334649363392,1.882873212382471,-0.3101929814863261,1.5800334649363392,1.882873212382471,-0.003954487319626495,1.6590351381831563,1.6722020837242924,-0.08489857969815201,1.8960401579236073,1.9882087767115604,-0.20722538376244207,0.13688087136343896,-0.3476860284128013,-0.003954487319626495,-0.21433923911470412,0.14016360831639044,-0.44957003990854494,-0.003954487319626495,0.0,30,0,0,0.0,0.0,4.25,3.6,4.0,0.3999999999999999,0.25,1,0,0,0.0,0.0,0,0,0,0,0,0,1,0,0,0,0,0,1,0,0,0,1,0,0,0,0,0,0,1,-0.3101929814863261
2020-08-31,1.882873212382471,2.1593790687463303,-0.2845196677666769,False,True,False,True,74.6382,88.7448,4.1,118.2,-0.3101929814863261,1.5800334649363392,1.882873212382471,-0.3101929814863261,1.5800334649363392,1.882873212382471,-0.3101929814863261,1.5800334649363392,1.882873212382471,-0.2833861400271831,1.3298614996547522,1.6195343015597479,-0.23578631141667739,0.13410782368890828,-0.3476860284128013,-0.003954487319626495,-0.23188980372196125,0.13525339177263232,-0.44957003990854494,-0.003954487319626495,0.025673313719649205,31,0,1,0.0,0.0,4.25,3.6,4.0,0.3999999999999999,0.25,1,0,1,0.0,0.0,0,0,0,0,0,0,1,0,0,0,0,0,1,0,0,0,1,0,0,0,0,0,0,0,-0.0
2020-09-01,1.4220301184427053,1.711702920347701,-0.29470014424655766,False,True,True,False,73.8039,87.8266,4.1,105.75,-0.2845196677666769,1.882873212382471,2.1593790687463303,-0.3101929814863261,1.5800334649363392,1.882873212382471,-0.3101929814863261,1.5800334649363392,1.882873212382471,-0.003954487319626495,1.6590351381831563,1.6722020837242924,-0.22676254561008816,0.127274536049341,-0.3101929814863261,-0.003954487319626495,-0.22010049142611354,0.1212925981632233,-0.37773801332189505,-0.003954487319626495,-0.01018047647988074,1,1,0,0.0,1.0,4.25,3.7,4.0,0.2999999999999998,0.25,0,0,0,0.0,0.0,0,0,0,0,0,0,0,1,0,0,0,0,1,0,0,0,1,0,1,0,0,0,0,0,-0.0
2020-09-02,1.3013034550969853,1.3430284451958885,-0.0465495293517845,False,True,False,False,73.5849,88.1547,4.12,97.5,-0.29470014424655766,1.4220301184427053,1.711702920347701,-0.2845196677666769,1.882873212382471,2.1593790687463303,-0.3101929814863261,1.5800334649363392,1.882873212382471,-0.3101929814863261,1.5800334649363392,1.882873212382471,-0.25673419768843186,0.11209733727549781,-0.3101929814863261,-0.003954487319626495,-0.21416921506358944,0.11485027917345057,-0.3476860284128013,-0.003954487319626495,0.24815061489477316,2,0,0,1.0,0.0,4.25,3.7,4.0,0.2999999999999998,0.25,0,0,0,0.0,0.0,0,0,0,0,0,0,0,1,0,0,0,0,1,0,0,0,1,0,0,1,0,0,0,0,-0.0
2020-09-03,1.487864846148386,1.5405326283129308,-0.05768062746206093,False,True,False,False,73.8588,87.7369,4.15,88.03,-0.0465495293517845,1.3013034550969853,1.3430284451958885,-0.29470014424655766,1.4220301184427053,1.711702920347701,-0.2845196677666769,1.882873212382471,2.1593790687463303,-0.3101929814863261,1.5800334649363392,1.882873212382471,-0.2229003961633749,0.13592219835837446,-0.3101929814863261,-0.003954487319626495,-0.2083309141329058,0.12144033472970524,-0.3476860284128013,-0.003954487319626495,-0.011131098110276433,3,0,0,0.0,0.0,4.25,3.7,4.0,0.2999999999999998,0.25,0,0,0,0.0,0.0,0,0,0,0,0,0,0,1,0,0,0,0,1,0,0,0,1,0,0,0,1,0,0,0,-0.0
2020-09-04,1.5932004104774755,1.711702920347701,-0.12595198363026663,False,True,False,False,75.468,89.1353,4.13,151.4,-0.05768062746206093,1.487864846148386,1.5405326283129308,-0.0465495293517845,1.3013034550969853,1.3430284451958885,-0.29470014424655766,1.4220301184427053,1.711702920347701,-0.3101929814863261,1.5800334649363392,1.882873212382471,-0.23057555904086552,0.12233626345267132,-0.3101929814863261,-0.0465495293517845,-0.19033954374741846,0.12392224016891876,-0.3476860284128013,-0.003954487319626495,-0.0682713561682057,4,0,0,0.0,0.0,4.25,3.7,4.0,0.2999999999999998,0.25,0,0,0,0.0,0.0,0,0,0,0,0,0,0,1,0,0,0,0,1,0,0,0,1,0,0,0,0,1,0,0,-0.0
2020-09-05,1.5932004104774755,1.711702920347701,-0.12595198363026663,False,False,False,False,75.1823,89.0384,4.13,151.4,-0.12595198363026663,1.5932004104774755,1.711702920347701,-0.05768062746206093,1.487864846148386,1.5405326283129308,-0.0465495293517845,1.3013034550969853,1.3430284451958885,-0.2845196677666769,1.882873212382471,2.1593790687463303,-0.2042554164899999,0.12217124414861393,-0.3101929814863261,-0.0465495293517845,-0.19145993629910332,0.12321147256269131,-0.3476860284128013,-0.003954487319626495,0.0,5,0,0,0.0,0.0,4.25,3.7,4.0,0.2999999999999998,0.25,0,0,0,0.0,0.0,0,0,0,0,0,0,0,1,0,0,0,0,1,0,0,0,1,0,0,0,0,0,1,0,-0.12595198363026663
2020-09-06,1.5932004104774755,1.711702920347701,-0.12595198363026663,False,False,False,False,75.1823,89.0384,4.13,151.4,-0.12595198363026663,1.5932004104774755,1.711702920347701,-0.12595198363026663,1.5932004104774755,1.711702920347701,-0.05768062746206093,1.487864846148386,1.5405326283129308,-0.29470014424655766,1.4220301184427053,1.711702920347701,-0.17793527393913425,0.11519135382332586,-0.3101929814863261,-0.0465495293517845,-0.1925803288507881,0.12248554467688139,-0.3476860284128013,-0.003954487319626495,0.0,6,0,0,0.0,0.0,4.25,3.7,4.0,0.2999999999999998,0.25,0,0,0,0.0,0.0,0,0,0,0,0,0,0,1,0,0,0,0,1,0,0,0,1,0,0,0,0,0,0,1,-0.12595198363026663
2020-09-07,1.8302054302179263,2.0145426677938327,-0.18517567968751866,False,True,False,False,75.1823,89.0384,4.0,136.55,-0.12595198363026663,1.5932004104774755,1.711702920347701,-0.12595198363026663,1.5932004104774755,1.711702920347701,-0.12595198363026663,1.5932004104774755,1.711702920347701,-0.0465495293517845,1.3013034550969853,1.3430284451958885,-0.1516151313882686,0.09997933112425118,-0.29470014424655766,-0.0465495293517845,-0.1937007214024729,0.12174418532176225,-0.3476860284128013,-0.003954487319626495,-0.05922369605725203,7,0,0,0.0,0.0,4.25,3.7,4.0,0.2999999999999998,0.25,0,0,0,0.0,0.0,0,0,0,0,0,0,0,1,0,0,0,0,1,0,0,0,1,0,0,0,0,0,0,0,-0.0
2020-09-08,1.382529281819297,1.5668665193952032,-0.17375725641539333,False,True,False,False,75.591,89.4771,4.38,81.6,-0.18517567968751866,1.8302054302179263,2.0145426677938327,-0.12595198363026663,1.5932004104774755,1.711702920347701,-0.12595198363026663,1.5932004104774755,1.711702920347701,-0.05768062746206093,1.487864846148386,1.5405326283129308,-0.13742313309124599,0.08369389146851726,-0.29470014424655766,-0.0465495293517845,-0.18209283935066703,0.1133938701289076,-0.3101929814863261,-0.003954487319626495,0.011418423272125333,8,0,0,0.0,0.0,4.25,3.7,4.0,0.2999999999999998,0.25,0,0,0,0.0,0.0,0,0,0,0,0,0,0,1,0,0,0,0,1,0,0,0,1,0,1,0,0,0,0,0,-0.0
2020-09-09,1.5141987372306585,1.395696227360433,0.11783226112276346,False,True,False,False,75.9645,89.7369,4.12,98.55,-0.17375725641539333,1.382529281819297,1.5668665193952032,-0.18517567968751866,1.8302054302179263,2.0145426677938327,-0.12595198363026663,1.5932004104774755,1.711702920347701,-0.12595198363026663,1.5932004104774755,1.711702920347701,-0.12014557768679393,0.05247621310233889,-0.18517567968751866,-0.0465495293517845,-0.1884398876876128,0.10997026685348227,-0.3101929814863261,-0.003954487319626495,0.29158951753815676,9,0,0,0.0,0.0,4.25,3.7,4.0,0.2999999999999998,0.25,0,0,0,0.0,0.0,0,0,0,0,0,0,0,1,0,0,0,0,1,0,0,0,1,0,0,1,0,0,0,0,0.0
2020-09-10,1.9882087767115604,1.7907045935945178,0.1991259267530623,False,True,False,False,76.0713,89.5663,4.11,106.7,0.11783226112276346,1.5141987372306585,1.395696227360433,-0.17375725641539333,1.382529281819297,1.5668665193952032,-0.18517567968751866,1.8302054302179263,2.0145426677938327,-0.12595198363026663,1.5932004104774755,1.711702920347701,-0.09666246476185851,0.10318219721669859,-0.18517567968751866,0.11783226112276346,-0.15978143046261664,0.1331582380276298,-0.3101929814863261,0.11783226112276346,0.08129366563029883,10,0,0,0.0,0.0,4.25,3.7,4.0,0.2999999999999998,0.25,0,0,0,0.0,0.0,0,0,0,0,0,0,0,1,0,0,0,0,1,0,0,0,1,0,0,0,1,0,0,0,0.0
2020-09-11,1.632701247100884,1.6590351381831563,-0.03053637404356944,False,True,False,False,75.5274,89.3036,4.1,98.03,0.1991259267530623,1.9882087767115604,1.7907045935945178,0.11783226112276346,1.5141987372306585,1.395696227360433,-0.17375725641539333,1.382529281819297,1.5668665193952032,-0.12595198363026663,1.5932004104774755,1.711702920347701,-0.05997581415969806,0.15298649805547931,-0.18517567968751866,0.1991259267530623,-0.14527568660028173,0.15982950892323614,-0.3101929814863261,0.1991259267530623,-0.22966230079663172,11,0,0,0.0,0.0,4.25,3.7,4.0,0.2999999999999998,0.25,0,0,0,0.0,0.0,0,0,0,0,0,0,0,1,0,0,0,0,1,0,0,0,1,0,0,0,0,1,0,0,-0.0
2020-09-12,1.632701247100884,1.6590351381831563,-0.03053637404356944,False,False,False,False,74.8896,88.6768,4.1,98.03,-0.03053637404356944,1.632701247100884,1.6590351381831563,0.1991259267530623,1.9882087767115604,1.7907045935945178,0.11783226112276346,1.5141987372306585,1.395696227360433,-0.18517567968751866,1.8302054302179263,2.0145426677938327,-0.0463450127901699,0.15035649082441158,-0.18517567968751866,0.1991259267530623,-0.12530021464008484,0.15503653613245652,-0.3101929814863261,0.1991259267530623,0.0,12,0,0,0.0,0.0,4.25,3.7,4.0,0.2999999999999998,0.25,0,0,0,0.0,0.0,0,0,0,0,0,0,0,1,0,0,0,0,1,0,0,0,1,0,0,0,0,0,1,0,-0.03053637404356944
2020-09-13,1.632701247100884,1.6590351381831563,-0.03053637404356944,False,False,False,False,74.8896,88.6768,4.1,98.03,-0.03053637404356944,1.632701247100884,1.6590351381831563,-0.03053637404356944,1.632701247100884,1.6590351381831563,0.1991259267530623,1.9882087767115604,1.7907045935945178,-0.17375725641539333,1.382529281819297,1.5668665193952032,-0.03271421142064173,0.14620447897211394,-0.18517567968751866,0.1991259267530623,-0.10532474267988792,0.14719971663315193,-0.3101929814863261,0.1991259267530623,0.0,13,0,0,0.0,0.0,4.25,3.7,4.0,0.2999999999999998,0.25,0,0,0,0.0,0.0,0,0,0,0,0,0,0,1,0,0,0,0,1,0,0,0,1,0,0,0,0,0,0,1,-0.03053637404356944
2020-09-14,2.0145426677938327,2.3305493607811005,-0.31598531132924,False,True,False,False,74.8896,88.6768,4.12,58.65,-0.03053637404356944,1.632701247100884,1.6590351381831563,-0.03053637404356944,1.632701247100884,1.6590351381831563,-0.03053637404356944,1.632701247100884,1.6590351381831563,0.11783226112276346,1.5141987372306585,1.395696227360433,-0.019083410051113556,0.140395493527061,-0.18517567968751866,0.1991259267530623,-0.08534927071969102,0.13579307436475552,-0.29470014424655766,0.1991259267530623,-0.28544893728567056,14,0,0,0.0,0.0,4.25,3.7,4.0,0.2999999999999998,0.25,0,0,0,0.0,0.0,0,0,0,0,0,0,0,1,0,0,0,0,1,0,0,0,1,0,0,0,0,0,0,0,-0.0
2020-09-15,2.0013757222526967,1.9355409945470157,0.06621163170613306,False,True,False,False,74.7148,88.5819,4.18,87.4,-0.31598531132924,2.0145426677938327,2.3305493607811005,-0.03053637404356944,1.632701247100884,1.6590351381831563,-0.03053637404356944,1.632701247100884,1.6590351381831563,0.1991259267530623,1.9882087767115604,1.7907045935945178,-0.03777050028564518,0.17145699809563603,-0.31598531132924,0.1991259267530623,-0.08759681668844552,0.13955155740896194,-0.31598531132924,0.1991259267530623,0.3821969430353731,15,0,0,0.0,0.0,4.25,3.7,4.0,0.2999999999999998,0.25,0,0,0,0.0,0.0,0,0,0,0,0,0,0,1,0,0,0,0,1,0,0,0,1,0,1,0,0,0,0,0,0.0
2020-09-16,1.4220301184427053,1.5405326283129308,-0.12203063579954757,False,True,False,False,75.1884,89.3614,4.2,69.6,0.06621163170613306,2.0013757222526967,1.9355409945470157,-0.31598531132924,2.0145426677938327,2.3305493607811005,-0.03053637404356944,1.632701247100884,1.6590351381831563,-0.03053637404356944,1.632701247100884,1.6590351381831563,-0.003489230553998555,0.16354329749119856,-0.31598531132924,0.1991259267530623,-0.06181740412039618,0.13145090929767764,-0.31598531132924,0.1991259267530623,-0.18824226750568063,16,0,0,0.0,0.0,4.25,3.7,4.0,0.2999999999999998,0.25,0,0,0,0.0,0.0,0,0,0,0,0,0,0,1,0,0,0,0,1,0,0,0,1,0,0,1,0,0,0,0,-0.0
2020-09-17,1.6985359748065647,1.9355409945470157,-0.23584451450957677,False,True,False,False,74.9278,88.8644,4.24,90.9,-0.12203063579954757,1.4220301184427053,1.5405326283129308,0.06621163170613306,2.0013757222526967,1.9355409945470157,-0.31598531132924,2.0145426677938327,2.3305493607811005,-0.03053637404356944,1.632701247100884,1.6590351381831563,-0.037755358685757266,0.15895096129555614,-0.31598531132924,0.1991259267530623,-0.06720891172380783,0.1323215804619685,-0.31598531132924,0.1991259267530623,-0.11381387871002921,17,0,0,0.0,0.0,4.25,3.7,4.0,0.2999999999999998,0.25,0,0,0,0.0,0.0,0,0,0,0,0,0,0,1,0,0,0,0,1,0,0,0,1,0,0,0,1,0,0,0,-0.0
2020-09-18,1.7512037569711094,1.64586819264202,0.10506549225049214,False,True,False,False,75.1941,88.6313,4.2,66.0,-0.23584451450957677,1.6985359748065647,1.9355409945470157,-0.12203063579954757,1.4220301184427053,1.5405326283129308,0.06621163170613306,2.0013757222526967,1.9355409945470157,-0.03053637404356944,1.632701247100884,1.6590351381831563,-0.09989399315184856,0.13397173183882308,-0.31598531132924,0.06621163170613306,-0.07993490365577326,0.13969661486571108,-0.31598531132924,0.1991259267530623,0.3409100067600689,18,0,0,0.0,0.0,4.25,3.7,4.0,0.2999999999999998,0.25,0,0,0,0.0,0.0,0,0,0,0,0,0,0,1,0,0,0,0,1,0,0,0,1,0,0,0,0,1,0,0,0.0
2020-09-19,1.7512037569711094,1.64586819264202,0.10506549225049214,False,False,False,False,75.0319,88.9578,4.2,66.0,0.10506549225049214,1.7512037569711094,1.64586819264202,-0.23584451450957677,1.6985359748065647,1.9355409945470157,-0.12203063579954757,1.4220301184427053,1.5405326283129308,-0.31598531132924,2.0145426677938327,2.3305493607811005,-0.08052229796698263,0.1539813965489753,-0.31598531132924,0.10506549225049214,-0.06343365537857619,0.14728109512984938,-0.31598531132924,0.1991259267530623,0.0,19,0,0,0.0,0.0,4.25,3.7,4.0,0.2999999999999998,0.25,0,0,0,0.0,0.0,0,0,0,0,0,0,0,1,0,0,0,0,1,0,0,0,1,0,0,0,0,0,1,0,0.10506549225049214
2020-09-20,1.7512037569711094,1.64586819264202,0.10506549225049214,False,False,False,False,75.0319,88.9578,4.2,66.0,0.10506549225049214,1.7512037569711094,1.64586819264202,0.10506549225049214,1.7512037569711094,1.64586819264202,-0.23584451450957677,1.6985359748065647,1.9355409945470157,0.06621163170613306,2.0013757222526967,1.9355409945470157,-0.06115060278211669,0.16910500690695962,-0.31598531132924,0.10506549225049214,-0.04693240710137914,0.15258382751102303,-0.31598531132924,0.1991259267530623,0.0,20,0,0,0.0,0.0,4.25,3.7,4.0,0.2999999999999998,0.25,0,0,0,0.0,0.0,0,0,0,0,0,0,0,1,0,0,0,0,1,0,0,0,1,0,0,0,0,0,0,1,0.10506549225049214
2020-09-21,1.975041831170424,2.0672104499583774,-0.10237278644761046,False,True,False,False,75.0319,88.9578,4.16,81.45,0.10506549225049214,1.7512037569711094,1.64586819264202,0.10506549225049214,1.7512037569711094,1.64586819264202,0.10506549225049214,1.7512037569711094,1.64586819264202,-0.12203063579954757,1.4220301184427053,1.5405326283129308,-0.041778907597250746,0.1805744266649732,-0.31598531132924,0.10506549225049214,-0.030431158824182087,0.15583791101890604,-0.31598531132924,0.1991259267530623,-0.2074382786981026,21,0,0,0.0,0.0,4.25,3.7,4.0,0.2999999999999998,0.25,0,0,0,0.0,0.0,0,0,0,0,0,0,0,1,0,0,0,0,1,0,0,0,1,0,0,0,0,0,0,0,-0.0
2020-09-22,1.47469790060725,1.6985359748065647,-0.23261377105011624,False,True,False,False,76.0381,90.0063,4.19,122.95,-0.10237278644761046,1.975041831170424,2.0672104499583774,0.10506549225049214,1.7512037569711094,1.64586819264202,0.10506549225049214,1.7512037569711094,1.64586819264202,-0.23584451450957677,1.6985359748065647,1.9355409945470157,-0.011262832614160811,0.1400039236784627,-0.23584451450957677,0.10506549225049214,-0.024516666449902923,0.15100965394682625,-0.31598531132924,0.1991259267530623,-0.13024098460250577,22,0,0,0.0,0.0,4.25,3.7,4.0,0.2999999999999998,0.25,0,0,0,0.0,0.0,0,0,0,0,0,0,0,1,0,0,0,0,1,0,0,0,1,0,1,0,0,0,0,0,-0.0
2020-09-23,1.461530955066114,1.6985359748065647,-0.2314920344815248,False,True,False,False,76.2711,89.4813,4.2,204.68,-0.23261377105011624,1.47469790060725,1.6985359748065647,-0.10237278644761046,1.975041831170424,2.0672104499583774,0.10506549225049214,1.7512037569711094,1.64586819264202,0.10506549225049214,1.7512037569711094,1.64586819264202,-0.05395217586505357,0.1569733931842182,-0.23584451450957677,0.10506549225049214,-0.02872070320952599,0.15621364042320124,-0.31598531132924,0.1991259267530623,0.001121736568591436,23,0,0,0.0,0.0,4.25,3.7,4.0,0.2999999999999998,0.25,0,0,0,0.0,0.0,0,0,0,0,0,0,0,1,0,0,0,0,1,0,0,0,1,0,0,1,0,0,0,0,-0.0
2020-09-24,1.8960401579236073,2.0145426677938327,-0.12156435475709931,False,True,False,False,76.3545,89.2508,4.14,170.48,-0.2314920344815248,1.461530955066114,1.6985359748065647,-0.23261377105011624,1.47469790060725,1.6985359748065647,-0.10237278644761046,1.975041831170424,2.0672104499583774,0.10506549225049214,1.7512037569711094,1.64586819264202,-0.06958951853390746,0.16981260077749682,-0.23584451450957677,0.10506549225049214,-0.0536724386098323,0.15888004980630965,-0.31598531132924,0.1991259267530623,0.10992767972442549,24,0,0,0.0,0.0,4.25,3.7,4.0,0.2999999999999998,0.25,0,0,0,0.0,0.0,0,0,0,0,0,0,0,1,0,0,0,0,1,0,0,0,1,0,0,0,1,0,0,0,-0.0
2020-09-25,1.7775376480533818,1.9882087767115604,-0.2147717944078316,False,True,False,False,77.178,89.9818,4.23,105.4,-0.12156435475709931,1.8960401579236073,2.0145426677938327,-0.2314920344815248,1.461530955066114,1.6985359748065647,-0.23261377105011624,1.47469790060725,1.6985359748065647,0.10506549225049214,1.7512037569711094,1.64586819264202,-0.05326378142641068,0.15610512930166703,-0.23261377105011624,0.10506549225049214,-0.07657888728912955,0.1418324407440953,-0.31598531132924,0.10506549225049214,-0.09320743965073228,25,0,0,0.0,0.0,4.25,3.7,4.0,0.2999999999999998,0.25,1,1,1,0.0,0.0,0,0,0,0,0,0,0,1,0,0,0,0,1,0,0,0,1,0,0,0,0,1,0,0,-0.0
2020-09-26,1.7775376480533818,1.9882087767115604,-0.2147717944078316,False,False,False,False,76.8195,89.6637,4.23,105.4,-0.2147717944078316,1.7775376480533818,1.9882087767115604,-0.12156435475709931,1.8960401579236073,2.0145426677938327,-0.2314920344815248,1.461530955066114,1.6985359748065647,-0.10237278644761046,1.975041831170424,2.0672104499583774,-0.09895482237759978,0.1486695716219193,-0.23261377105011624,0.10506549225049214,-0.08973856017229113,0.14572540692449362,-0.31598531132924,0.10506549225049214,0.0,26,0,0,0.0,0.0,4.25,3.7,4.0,0.2999999999999998,0.25,1,0,0,0.0,0.0,0,0,0,0,0,0,0,1,0,0,0,0,1,0,0,0,1,0,0,0,0,0,1,0,-0.2147717944078316
2020-09-27,1.7775376480533818,1.9882087767115604,-0.2147717944078316,False,False,False,False,76.8195,89.6637,4.23,105.4,-0.2147717944078316,1.7775376480533818,1.9882087767115604,-0.2147717944078316,1.7775376480533818,1.9882087767115604,-0.12156435475709931,1.8960401579236073,2.0145426677938327,-0.23261377105011624,1.47469790060725,1.6985359748065647,-0.14464586332878887,0.12233249283840707,-0.23261377105011624,0.10506549225049214,-0.10289823305545272,0.14826446170441898,-0.31598531132924,0.10506549225049214,0.0,27,0,0,0.0,0.0,4.25,3.7,4.0,0.2999999999999998,0.25,1,0,0,0.0,0.0,0,0,0,0,0,0,0,1,0,0,0,0,1,0,0,0,1,0,0,0,0,0,0,1,-0.2147717944078316
2020-09-28,2.2515476875342837,2.5017196528158707,-0.2508342387838009,False,True,False,False,76.8195,89.6637,4.21,86.1,-0.2147717944078316,1.7775376480533818,1.9882087767115604,-0.2147717944078316,1.7775376480533818,1.9882087767115604,-0.2147717944078316,1.7775376480533818,1.9882087767115604,-0.2314920344815248,1.461530955066114,1.6985359748065647,-0.190336904279978,0.05437465611598793,-0.23261377105011624,-0.10237278644761046,-0.1160579059386143,0.14951859546893467,-0.31598531132924,0.10506549225049214,-0.03606244437596931,28,0,0,0.0,0.0,4.25,3.7,4.0,0.2999999999999998,0.25,1,0,1,0.0,0.0,0,0,0,0,0,0,0,1,0,0,0,0,1,0,0,0,1,0,0,0,0,0,0,0,-0.0
2020-09-29,2.0672104499583774,2.040876558876105,0.027268689665037614,False,True,False,False,78.6713,91.479,4.19,130.8,-0.2508342387838009,2.2515476875342837,2.5017196528158707,-0.2147717944078316,1.7775376480533818,1.9882087767115604,-0.2147717944078316,1.7775376480533818,1.9882087767115604,-0.12156435475709931,1.8960401579236073,2.0145426677938327,-0.21154568318514805,0.04185923773771231,-0.2508342387838009,-0.12156435475709931,-0.11140425789965436,0.14371875242747278,-0.2508342387838009,0.10506549225049214,0.2781029284488385,29,0,0,0.0,0.0,4.25,3.7,4.0,0.2999999999999998,0.25,1,0,1,0.0,0.0,0,0,0,0,0,0,0,1,0,0,0,0,1,0,0,0,1,0,1,0,0,0,0,0,0.0
2020-09-30,2.185712959828603,2.3437163063222366,-0.15747427421027405,False,True,False,True,79.6845,93.0237,4.19,83.5,0.027268689665037614,2.0672104499583774,2.040876558876105,-0.2508342387838009,2.2515476875342837,2.5017196528158707,-0.2147717944078316,1.7775376480533818,1.9882087767115604,-0.2147717944078316,1.7775376480533818,1.9882087767115604,-0.17441961736869752,0.09785465558366245,-0.2508342387838009,0.027268689665037614,-0.11418589661687548,0.14035408364383287,-0.2508342387838009,0.10506549225049214,-0.18474296387531167,30,0,1,0.0,0.0,4.25,3.7,4.0,0.2999999999999998,0.25,1,0,1,0.0,0.0,0,0,0,0,0,0,0,1,0,0,0,0,1,0,0,0,1,0,0,1,0,0,0,0,-0.0
2020-10-01,1.5932004104774755,1.9882087767115604,-0.3837856165709718,False,True,True,False,78.7847,92.4302,4.08,132.1,-0.15747427421027405,2.185712959828603,2.3437163063222366,0.027268689665037614,2.0672104499583774,2.040876558876105,-0.2508342387838009,2.2515476875342837,2.5017196528158707,-0.2147717944078316,1.7775376480533818,1.9882087767115604,-0.16384565161566167,0.09460481340274984,-0.2508342387838009,0.027268689665037614,-0.1167175850747845,0.14082534348865078,-0.2508342387838009,0.10506549225049214,-0.22631134236069778,1,1,0,0.0,1.0,4.25,4.0,4.0,0.0,0.25,0,0,0,0.0,0.0,0,0,0,0,0,0,0,0,1,0,0,0,0,1,0,0,1,0,0,0,1,0,0,0,-0.0
2020-10-02,1.5536995738540669,1.6195343015597479,-0.06423238003379866,False,True,False,False,77.2774,90.7237,3.9,182.75,-0.3837856165709718,1.5932004104774755,1.9882087767115604,-0.15747427421027405,2.185712959828603,2.3437163063222366,0.027268689665037614,2.0672104499583774,2.040876558876105,-0.2147717944078316,1.7775376480533818,1.9882087767115604,-0.20130583187478632,0.12278941912816521,-0.3837856165709718,0.027268689665037614,-0.12728480665059844,0.1552625289179806,-0.3837856165709718,0.10506549225049214,0.31955323653717316,2,0,0,1.0,0.0,4.25,4.0,4.0,0.0,0.25,0,0,0,0.0,0.0,0,0,0,0,0,0,0,0,1,0,0,0,0,1,0,0,1,0,0,0,0,1,0,0,-0.0
2020-10-03,1.5536995738540669,1.6195343015597479,-0.06423238003379866,False,False,False,False,78.0915,91.5779,3.9,182.75,-0.06423238003379866,1.5536995738540669,1.6195343015597479,-0.3837856165709718,1.5932004104774755,1.9882087767115604,-0.15747427421027405,2.185712959828603,2.3437163063222366,-0.2508342387838009,2.2515476875342837,2.5017196528158707,-0.17980020124992446,0.13281177326806312,-0.3837856165709718,0.027268689665037614,-0.13937751181376207,0.14178140416382154,-0.3837856165709718,0.10506549225049214,0.0,3,0,0,0.0,0.0,4.25,4.0,4.0,0.0,0.25,0,0,0,0.0,0.0,0,0,0,0,0,0,0,0,1,0,0,0,0,1,0,0,1,0,0,0,0,0,1,0,-0.06423238003379866
2020-10-04,1.5536995738540669,1.6195343015597479,-0.06423238003379866,False,False,False,False,78.0915,91.5779,3.9,182.75,-0.06423238003379866,1.5536995738540669,1.6195343015597479,-0.06423238003379866,1.5536995738540669,1.6195343015597479,-0.3837856165709718,1.5932004104774755,1.9882087767115604,0.027268689665037614,2.0672104499583774,2.040876558876105,-0.1582945706250626,0.1382806726940257,-0.3837856165709718,0.027268689665037614,-0.1514702169769257,0.12562848302301458,-0.3837856165709718,0.10506549225049214,0.0,4,0,0,0.0,0.0,4.25,4.0,4.0,0.0,0.25,0,0,0,0.0,0.0,0,0,0,0,0,0,0,0,1,0,0,0,0,1,0,0,1,0,0,0,0,0,0,1,-0.06423238003379866
2020-10-05,1.8433723757590625,2.1593790687463303,-0.31463379953953446,False,True,False,False,78.0915,91.5779,4.04,91.95,-0.06423238003379866,1.5536995738540669,1.6195343015597479,-0.06423238003379866,1.5536995738540669,1.6195343015597479,-0.06423238003379866,1.5536995738540669,1.6195343015597479,-0.15747427421027405,2.185712959828603,2.3437163063222366,-0.13678894000020075,0.13973179100028307,-0.3837856165709718,0.027268689665037614,-0.16356292214008933,0.10558456528301663,-0.3837856165709718,0.027268689665037614,-0.2504014195057358,5,0,0,0.0,0.0,4.25,4.0,4.0,0.0,0.25,0,0,0,0.0,0.0,0,0,0,0,0,0,0,0,1,0,0,0,0,1,0,0,1,0,0,0,0,0,0,0,-0.0
2020-10-06,1.6195343015597479,1.7380368114299731,-0.11817694828036651,False,True,False,False,78.1281,91.6599,4.0,81.9,-0.31463379953953446,1.8433723757590625,2.1593790687463303,-0.06423238003379866,1.5536995738540669,1.6195343015597479,-0.06423238003379866,1.5536995738540669,1.6195343015597479,-0.3837856165709718,1.5932004104774755,1.9882087767115604,-0.14590316296530556,0.15010597421211122,-0.3837856165709718,0.027268689665037614,-0.17872442307522673,0.11121195539002045,-0.3837856165709718,0.027268689665037614,0.19645685125916795,6,0,0,0.0,0.0,4.25,4.0,4.0,0.0,0.25,0,0,0,0.0,0.0,0,0,0,0,0,0,0,0,1,0,0,0,0,1,0,0,1,0,1,0,0,0,0,0,-0.0
2020-10-07,1.47469790060725,1.5932004104774755,-0.1193498787495725,False,True,False,False,78.5119,92.5184,4.2,168.4,-0.11817694828036651,1.6195343015597479,1.7380368114299731,-0.31463379953953446,1.8433723757590625,2.1593790687463303,-0.06423238003379866,1.5536995738540669,1.6195343015597479,-0.06423238003379866,1.5536995738540669,1.6195343015597479,-0.16668111124322044,0.13098919259481817,-0.3837856165709718,-0.06423238003379866,-0.1705503643059589,0.1111519434225483,-0.3837856165709718,0.027268689665037614,-0.0011729304692059822,7,0,0,0.0,0.0,4.25,4.0,4.0,0.0,0.25,0,0,0,0.0,0.0,0,0,0,0,0,0,0,0,1,0,0,0,0,1,0,0,1,0,0,1,0,0,0,0,-0.0
2020-10-08,1.64586819264202,1.711702920347701,-0.06407868782178106,False,True,False,False,78.0921,91.8129,4.2,117.75,-0.1193498787495725,1.47469790060725,1.5932004104774755,-0.11817694828036651,1.6195343015597479,1.7380368114299731,-0.31463379953953446,1.8433723757590625,2.1593790687463303,-0.06423238003379866,1.5536995738540669,1.6195343015597479,-0.1612347690345488,0.13222257288179717,-0.3837856165709718,-0.06423238003379866,-0.16254021032510518,0.11046096960123564,-0.3837856165709718,0.027268689665037614,0.05527119092779144,8,0,0,0.0,0.0,4.25,4.0,4.0,0.0,0.25,0,0,0,0.0,0.0,0,0,0,0,0,0,0,0,1,0,0,0,0,1,0,0,1,0,0,0,1,0,0,0,-0.0
2020-10-09,1.869706266841335,1.8302054302179263,0.03642000571207936,False,True,False,False,77.9157,91.699,4.24,155.1,-0.06407868782178106,1.64586819264202,1.711702920347701,-0.1193498787495725,1.47469790060725,1.5932004104774755,-0.11817694828036651,1.6195343015597479,1.7380368114299731,-0.06423238003379866,1.5536995738540669,1.6195343015597479,-0.11556235064180727,0.09147448500487532,-0.31463379953953446,-0.06407868782178106,-0.15843409125829672,0.11313733762700755,-0.3837856165709718,0.027268689665037614,0.10049869353386041,9,0,0,0.0,0.0,4.25,4.0,4.0,0.0,0.25,0,0,0,0.0,0.0,0,0,0,0,0,0,0,0,1,0,0,0,0,1,0,0,1,0,0,0,0,1,0,0,0.0
2020-10-10,1.869706266841335,1.8302054302179263,0.03642000571207936,False,False,False,False,77.0284,90.7163,4.24,155.1,0.03642000571207936,1.869706266841335,1.8302054302179263,-0.06407868782178106,1.64586819264202,1.711702920347701,-0.1193498787495725,1.47469790060725,1.5932004104774755,-0.31463379953953446,1.8433723757590625,2.1593790687463303,-0.10118343839239612,0.1074104955915775,-0.31463379953953446,0.03642000571207936,-0.14049181982116024,0.12300343147142703,-0.3837856165709718,0.03642000571207936,0.0,10,0,0,0.0,0.0,4.25,4.0,4.0,0.0,0.25,0,0,0,0.0,0.0,0,0,0,0,0,0,0,0,1,0,0,0,0,1,0,0,1,0,0,0,0,0,1,0,0.03642000571207936
2020-10-11,1.869706266841335,1.8302054302179263,0.03642000571207936,False,False,False,False,77.0284,90.7163,4.24,155.1,0.03642000571207936,1.869706266841335,1.8302054302179263,0.03642000571207936,1.869706266841335,1.8302054302179263,-0.06407868782178106,1.64586819264202,1.711702920347701,-0.11817694828036651,1.6195343015597479,1.7380368114299731,-0.08680452614298496,0.11926451181626273,-0.31463379953953446,0.03642000571207936,-0.12254954838402374,0.12948457048772288,-0.3837856165709718,0.03642000571207936,0.0,11,0,0,0.0,0.0,4.25,4.0,4.0,0.0,0.25,0,0,0,0.0,0.0,0,0,0,0,0,0,0,0,1,0,0,0,0,1,0,0,1,0,0,0,0,0,0,1,0.03642000571207936
2020-10-12,1.8433723757590625,2.054043504417241,-0.21522084837174554,False,True,False,False,77.0284,90.7163,4.25,143.6,0.03642000571207936,1.869706266841335,1.8302054302179263,0.03642000571207936,1.869706266841335,1.8302054302179263,0.03642000571207936,1.869706266841335,1.8302054302179263,-0.1193498787495725,1.47469790060725,1.5932004104774755,-0.07242561389357381,0.12817413566526087,-0.31463379953953446,0.03642000571207936,-0.10460727694688722,0.13307624388770364,-0.3837856165709718,0.03642000571207936,-0.2516408540838249,12,0,0,0.0,0.0,4.25,4.0,4.0,0.0,0.25,0,0,0,0.0,0.0,0,0,0,0,0,0,0,0,1,0,0,0,0,1,0,0,1,0,0,0,0,0,0,0,-0.0
2020-10-13,1.711702920347701,1.6590351381831563,0.04274048380844895,False,True,False,False,77.0239,91.0037,4.24,180.7,-0.21522084837174554,1.8433723757590625,2.054043504417241,0.03642000571207936,1.869706266841335,1.8302054302179263,0.03642000571207936,1.869706266841335,1.8302054302179263,-0.06407868782178106,1.64586819264202,1.711702920347701,-0.058223763726746834,0.0990668800018965,-0.21522084837174554,0.03642000571207936,-0.10206346334602613,0.1303790836583784,-0.3837856165709718,0.03642000571207936,0.2579613321801945,13,0,0,0.0,0.0,4.25,4.0,4.0,0.0,0.25,0,0,0,0.0,0.0,0,0,0,0,0,0,0,0,1,0,0,0,0,1,0,0,1,0,1,0,0,0,0,0,0.0
2020-10-14,1.711702920347701,2.3963840884867813,-0.6888276901466306,False,True,False,False,77.2855,91.0732,4.22,132.2,0.04274048380844895,1.711702920347701,1.6590351381831563,-0.21522084837174554,1.8433723757590625,2.054043504417241,0.03642000571207936,1.869706266841335,1.8302054302179263,0.03642000571207936,1.869706266841335,1.8302054302179263,-0.035235559142630345,0.10147715044291199,-0.21522084837174554,0.04274048380844895,-0.10095833519292532,0.13161933746064577,-0.3837856165709718,0.04274048380844895,-0.7315681739550796,14,0,0,0.0,0.0,4.25,4.0,4.0,0.0,0.25,0,0,0,1.0,0.0,0,0,0,0,0,0,0,0,1,0,0,0,0,1,0,0,1,0,0,1,0,0,0,0,-0.0
2020-10-15,1.9355409945470157,1.9355409945470157,-0.005482300208486733,False,True,False,False,77.2759,90.7065,4.24,101.05,-0.6888276901466306,1.711702920347701,2.3963840884867813,0.04274048380844895,1.711702920347701,1.6590351381831563,-0.21522084837174554,1.8433723757590625,2.054043504417241,0.03642000571207936,1.869706266841335,1.8302054302179263,-0.11658953219935293,0.2694326894280817,-0.6888276901466306,0.04274048380844895,-0.13891215061695078,0.20520850326770476,-0.6888276901466306,0.04274048380844895,0.6833453899381439,15,0,0,0.0,0.0,4.25,4.0,4.0,0.0,0.25,0,0,0,0.0,0.0,0,0,0,0,0,0,0,0,1,0,0,0,0,1,0,0,1,0,0,0,1,0,0,0,-0.0
2020-10-16,1.6063673560186116,1.8170384846767902,-0.2088984992919154,False,True,False,False,77.9461,91.4542,4.27,57.95,-0.005482300208486733,1.9355409945470157,1.9355409945470157,-0.6888276901466306,1.711702920347701,2.3963840884867813,0.04274048380844895,1.711702920347701,1.6590351381831563,0.03642000571207936,1.869706266841335,1.8302054302179263,-0.10821861968316802,0.27223175414330525,-0.6888276901466306,0.04274048380844895,-0.11189048516248756,0.19514393358009435,-0.6888276901466306,0.04274048380844895,-0.20341619908342867,16,0,0,0.0,0.0,4.25,4.0,4.0,0.0,0.25,0,0,0,0.0,0.0,0,0,0,0,0,0,0,0,1,0,0,0,0,1,0,0,1,0,0,0,0,1,0,0,-0.0
2020-10-17,1.6063673560186116,1.8170384846767902,-0.2088984992919154,False,False,False,False,77.9644,91.3041,4.27,57.95,-0.2088984992919154,1.6063673560186116,1.8170384846767902,-0.005482300208486733,1.9355409945470157,1.9355409945470157,-0.6888276901466306,1.711702920347701,2.3963840884867813,-0.21522084837174554,1.8433723757590625,2.054043504417241,-0.1432641203980244,0.2662328442494672,-0.6888276901466306,0.04274048380844895,-0.1222237793952102,0.19625324981445189,-0.6888276901466306,0.04274048380844895,0.0,17,0,0,0.0,0.0,4.25,4.0,4.0,0.0,0.25,0,0,0,0.0,0.0,0,0,0,0,0,0,0,0,1,0,0,0,0,1,0,0,1,0,0,0,0,0,1,0,-0.2088984992919154
2020-10-18,1.6063673560186116,1.8170384846767902,-0.2088984992919154,False,False,False,False,77.9644,91.3041,4.27,57.95,-0.2088984992919154,1.6063673560186116,1.8170384846767902,-0.2088984992919154,1.6063673560186116,1.8170384846767902,-0.005482300208486733,1.9355409945470157,1.9355409945470157,0.04274048380844895,1.711702920347701,1.6590351381831563,-0.1783096211128808,0.25452692746129263,-0.6888276901466306,0.04274048380844895,-0.13255707362793281,0.19677281353593362,-0.6888276901466306,0.04274048380844895,0.0,18,0,0,0.0,0.0,4.25,4.0,4.0,0.0,0.25,0,0,0,0.0,0.0,0,0,0,0,0,0,0,0,1,0,0,0,0,1,0,0,1,0,0,0,0,0,0,1,-0.2088984992919154
2020-10-19,1.7775376480533818,2.212046850910875,-0.44181655643894463,False,True,False,False,77.9644,91.3041,4.22,77.5,-0.2088984992919154,1.6063673560186116,1.8170384846767902,-0.2088984992919154,1.6063673560186116,1.8170384846767902,-0.2088984992919154,1.6063673560186116,1.8170384846767902,-0.6888276901466306,1.711702920347701,2.3963840884867813,-0.2133551218277372,0.23626725609173221,-0.6888276901466306,0.04274048380844895,-0.14289036786065543,0.1967072979466019,-0.6888276901466306,0.04274048380844895,-0.23291805714702923,19,0,0,0.0,0.0,4.25,4.0,4.0,0.0,0.25,0,0,0,0.0,0.0,0,0,0,0,0,0,0,0,1,0,0,0,0,1,0,0,1,0,0,0,0,0,0,0,-0.0
2020-10-20,1.8302054302179263,2.027709613334969,-0.19855873593852275,False,True,False,False,77.9241,91.3115,4.24,83.1,-0.44181655643894463,1.7775376480533818,2.212046850910875,-0.2088984992919154,1.6063673560186116,1.8170384846767902,-0.2088984992919154,1.6063673560186116,1.8170384846767902,-0.005482300208486733,1.9355409945470157,1.9355409945470157,-0.2457259372659085,0.25159138701833117,-0.6888276901466306,0.04274048380844895,-0.1519748504963276,0.2078691460061774,-0.6888276901466306,0.04274048380844895,0.24325782050042188,20,0,0,0.0,0.0,4.25,4.0,4.0,0.0,0.25,0,0,0,0.0,0.0,0,0,0,0,0,0,0,0,1,0,0,0,0,1,0,0,1,0,1,0,0,0,0,0,-0.0
2020-10-21,1.5536995738540669,1.8302054302179263,-0.27748957820748066,False,True,False,False,77.778,91.5603,4.24,179.8,-0.19855873593852275,1.8302054302179263,2.027709613334969,-0.44181655643894463,1.7775376480533818,2.212046850910875,-0.2088984992919154,1.6063673560186116,1.8170384846767902,-0.2088984992919154,1.6063673560186116,1.8170384846767902,-0.2801972543726187,0.220031559479906,-0.6888276901466306,-0.005482300208486733,-0.15771640675762447,0.20797389034163666,-0.6888276901466306,0.04274048380844895,-0.07893084226895791,21,0,0,0.0,0.0,4.25,4.0,4.0,0.0,0.25,0,0,0,0.0,0.0,0,0,0,0,0,0,0,0,1,0,0,0,0,1,0,0,1,0,0,1,0,0,0,0,-0.0
2020-10-22,1.5405326283129308,1.9355409945470157,-0.40528200750435234,False,True,False,False,77.0322,91.3448,4.23,189.0,-0.27748957820748066,1.5536995738540669,1.8302054302179263,-0.19855873593852275,1.8302054302179263,2.027709613334969,-0.44181655643894463,1.7775376480533818,2.212046850910875,-0.2088984992919154,1.6063673560186116,1.8170384846767902,-0.2214346669527402,0.12867305448976774,-0.44181655643894463,-0.005482300208486733,-0.1690120995760465,0.21001430949235275,-0.6888276901466306,0.04274048380844895,-0.12779242929687168,22,0,0,0.0,0.0,4.25,4.0,4.0,0.0,0.25,0,0,0,0.0,0.0,0,0,0,0,0,0,0,0,1,0,0,0,0,1,0,0,1,0,0,0,1,0,0,0,-0.0
2020-10-23,1.7512037569711094,1.9487079400881517,-0.18741779927586683,False,True,False,False,77.0809,91.3563,4.23,165.2,-0.40528200750435234,1.5405326283129308,1.9355409945470157,-0.27748957820748066,1.5536995738540669,1.8302054302179263,-0.19855873593852275,1.8302054302179263,2.027709613334969,-0.2088984992919154,1.6063673560186116,1.8170384846767902,-0.27854891085214956,0.10301350367986405,-0.44181655643894463,-0.19855873593852275,-0.1933837652676587,0.216595135917406,-0.6888276901466306,0.04274048380844895,0.2178642082284855,23,0,0,0.0,0.0,4.25,4.0,4.0,0.0,0.25,0,0,0,0.0,0.0,0,0,0,0,0,0,0,0,1,0,0,0,0,1,0,0,1,0,0,0,0,1,0,0,-0.0
2020-10-24,1.7512037569711094,1.9487079400881517,-0.18741779927586683,False,False,False,False,76.4667,90.4142,4.23,165.2,-0.18741779927586683,1.7512037569711094,1.9487079400881517,-0.40528200750435234,1.5405326283129308,1.9355409945470157,-0.27748957820748066,1.5536995738540669,1.8302054302179263,-0.44181655643894463,1.7775376480533818,2.212046850910875,-0.27548023942128547,0.1057185525334231,-0.44181655643894463,-0.18741779927586683,-0.20937217990965487,0.20634584406078296,-0.6888276901466306,0.04274048380844895,0.0,24,0,0,0.0,0.0,4.25,4.0,4.0,0.0,0.25,0,0,0,0.0,0.0,0,0,0,0,0,0,0,0,1,0,0,0,0,1,0,0,1,0,0,0,0,0,1,0,-0.18741779927586683
2020-10-25,1.7512037569711094,1.9487079400881517,-0.18741779927586683,False,False,False,False,76.4667,90.4142,4.23,165.2,-0.18741779927586683,1.7512037569711094,1.9487079400881517,-0.18741779927586683,1.7512037569711094,1.9487079400881517,-0.40528200750435234,1.5405326283129308,1.9355409945470157,-0.19855873593852275,1.8302054302179263,2.027709613334969,-0.2724115679904214,0.10825465512225413,-0.44181655643894463,-0.18741779927586683,-0.22536059455165103,0.1941473033891541,-0.6888276901466306,0.04274048380844895,0.0,25,0,0,0.0,0.0,4.25,4.0,4.0,0.0,0.25,1,0,0,0.0,0.0,0,0,0,0,0,0,0,0,1,0,0,0,0,1,0,0,1,0,0,0,0,0,0,1,-0.18741779927586683
2020-10-26,1.869706266841335,2.7518916180974577,-0.8823692456234854,False,True,False,False,76.4667,90.4142,4.24,141.35,-0.18741779927586683,1.7512037569711094,1.9487079400881517,-0.18741779927586683,1.7512037569711094,1.9487079400881517,-0.18741779927586683,1.7512037569711094,1.9487079400881517,-0.27748957820748066,1.5536995738540669,1.8302054302179263,-0.2693428965595573,0.11063343056250893,-0.44181655643894463,-0.18741779927586683,-0.24134900919364718,0.17960277575652736,-0.6888276901466306,0.04274048380844895,-0.6949514463476185,26,0,0,0.0,0.0,4.25,4.0,4.0,0.0,0.25,1,1,1,1.0,0.0,0,0,0,0,0,0,0,0,1,0,0,0,0,1,0,0,1,0,0,0,0,0,0,0,-0.0
2020-10-27,1.8038715391356541,2.0935443410406496,-0.2873648811514859,False,True,False,False,76.4443,90.4489,4.23,134.3,-0.8823692456234854,1.869706266841335,2.7518916180974577,-0.18741779927586683,1.7512037569711094,1.9487079400881517,-0.18741779927586683,1.7512037569711094,1.9487079400881517,-0.40528200750435234,1.5405326283129308,1.9355409945470157,-0.3322789950144917,0.25552756199072124,-0.8823692456234854,-0.18741779927586683,-0.2890024661402001,0.2477243159196368,-0.8823692456234854,0.04274048380844895,0.5950043644719996,27,0,0,0.0,0.0,4.25,4.0,4.0,0.0,0.25,1,0,1,0.0,0.0,0,0,0,0,0,0,0,0,1,0,0,0,0,1,0,0,1,0,1,0,0,0,0,0,-0.0
2020-10-28,1.7907045935945178,2.449051870651326,-0.6589571835230604,False,True,False,False,76.4556,90.3552,4.26,106.35,-0.2873648811514859,1.8038715391356541,2.0935443410406496,-0.8823692456234854,1.869706266841335,2.7518916180974577,-0.18741779927586683,1.7512037569711094,1.9487079400881517,-0.18741779927586683,1.7512037569711094,1.9487079400881517,-0.3449655871877721,0.24992516620363528,-0.8823692456234854,-0.18741779927586683,-0.31258142078019535,0.22869885043759897,-0.8823692456234854,-0.005482300208486733,-0.37159230237157453,28,0,0,0.0,0.0,4.25,4.0,4.0,0.0,0.25,1,0,1,1.0,0.0,0,0,0,0,0,0,0,0,1,0,0,0,0,1,0,0,1,0,0,1,0,0,0,0,-0.0
2020-10-29,1.8302054302179263,2.3832171429456452,-0.5590801568157022,False,True,False,False,77.552,91.2632,4.26,97.35,-0.6589571835230604,1.7907045935945178,2.449051870651326,-0.2873648811514859,1.8038715391356541,2.0935443410406496,-0.8823692456234854,1.869706266841335,2.7518916180974577,-0.18741779927586683,1.7512037569711094,1.9487079400881517,-0.3994609593757121,0.27325965181595085,-0.8823692456234854,-0.18741779927586683,-0.3104478131642261,0.2250285992682754,-0.8823692456234854,-0.005482300208486733,0.09987702670735821,29,0,0,0.0,0.0,4.25,4.0,4.0,0.0,0.25,1,0,1,0.0,0.0,0,0,0,0,0,0,0,0,1,0,0,0,0,1,0,0,1,0,0,0,1,0,0,0,-0.0
2020-10-30,2.1462121232051943,2.449051870651326,-0.30740236380101477,False,True,False,True,78.8699,92.6011,4.26,83.7,-0.5590801568157022,1.8302054302179263,2.3832171429456452,-0.6589571835230604,1.7907045935945178,2.449051870651326,-0.2873648811514859,1.8038715391356541,2.0935443410406496,-0.18741779927586683,1.7512037569711094,1.9487079400881517,-0.42143212356304777,0.27990781311689356,-0.8823692456234854,-0.18741779927586683,-0.3499905172075986,0.21576619082964482,-0.8823692456234854,-0.18741779927586683,0.25167779301468746,30,0,0,0.0,0.0,4.25,4.0,4.0,0.0,0.25,1,0,1,0.0,0.0,0,0,0,0,0,0,0,0,1,0,0,0,0,1,0,0,1,0,0,0,0,1,0,0,-0.0
2020-10-31,0.0022692306083566165,0.021714834128150166,-0.019445603509259994,False,False,False,False,79.3323,92.6284,4.26,83.7,-0.30740236380101477,2.1462121232051943,2.449051870651326,-0.5590801568157022,1.8302054302179263,2.3832171429456452,-0.6589571835230604,1.7907045935945178,2.449051870651326,-0.8823692456234854,1.869706266841335,2.7518916180974577,-0.43857277563806896,0.26654385865750546,-0.8823692456234854,-0.18741779927586683,-0.3570265075296772,0.21239103259000677,-0.8823692456234854,-0.18741779927586683,0.28795676029175477,31,0,1,0.0,0.0,4.25,4.0,4.0,0.0,0.25,1,0,0,0.0,0.0,0,0,0,0,0,0,0,0,1,0,0,0,0,1,0,0,1,0,0,0,0,0,1,0,-0.019445603509259994
2020-11-01,0.0022692306083566165,0.021714834128150166,-0.019445603509259994,False,False,False,False,79.3323,92.6284,4.26,83.7,-0.019445603509259994,0.0022692306083566165,0.021714834128150166,-0.30740236380101477,2.1462121232051943,2.449051870651326,-0.5590801568157022,1.8302054302179263,2.3832171429456452,-0.2873648811514859,1.8038715391356541,2.0935443410406496,-0.41457674767141084,0.29856095700491686,-0.8823692456234854,-0.019445603509259994,-0.343494157830916,0.22801561628672967,-0.8823692456234854,-0.019445603509259994,0.0,1,1,0,0.0,1.0,4.25,4.4,4.0,-0.40000000000000036,0.25,0,0,0,0.0,0.0,0,0,0,0,0,0,0,0,0,1,0,0,0,1,0,0,1,0,0,0,0,0,0,1,-0.019445603509259994
2020-11-02,1.8170384846767902,2.6597229993095044,-0.8347387999466778,False,True,True,False,79.3323,92.6284,4.15,148.2,-0.019445603509259994,0.0022692306083566165,0.021714834128150166,-0.019445603509259994,0.0022692306083566165,0.021714834128150166,-0.30740236380101477,2.1462121232051943,2.449051870651326,-0.6589571835230604,1.7907045935945178,2.449051870651326,-0.3905807197047527,0.32540452722461094,-0.8823692456234854,-0.019445603509259994,-0.329961808132155,0.2418219796495661,-0.8823692456234854,-0.019445603509259994,-0.8152931964374178,2,0,0,1.0,0.0,4.25,4.4,4.0,-0.40000000000000036,0.25,0,0,0,1.0,0.0,0,0,0,0,0,0,0,0,0,1,0,0,0,1,0,0,1,0,0,0,0,0,0,0,-0.0
2020-11-03,1.7380368114299731,1.8302054302179263,-0.09235543849510747,False,True,False,False,80.5749,93.757,4.09,211.1,-0.8347387999466778,1.8170384846767902,2.6597229993095044,-0.019445603509259994,0.0022692306083566165,0.021714834128150166,-0.019445603509259994,0.0022692306083566165,0.021714834128150166,-0.5590801568157022,1.8302054302179263,2.3832171429456452,-0.3837763703223516,0.313694381485888,-0.8347387999466778,-0.019445603509259994,-0.3580276826684216,0.27616507442233285,-0.8823692456234854,-0.019445603509259994,0.7423833614515702,3,0,0,0.0,0.0,4.25,4.4,4.0,-0.40000000000000036,0.25,0,0,0,0.0,0.0,0,0,0,0,0,0,0,0,0,1,0,0,0,1,0,0,1,0,1,0,0,0,0,0,-0.0
2020-11-04,1.7380368114299731,1.8302054302179263,-0.09235543849510747,True,False,False,False,80.0006,93.3447,4.09,211.1,-0.09235543849510747,1.7380368114299731,1.8302054302179263,-0.8347387999466778,1.8170384846767902,2.6597229993095044,-0.019445603509259994,0.0022692306083566165,0.021714834128150166,-0.30740236380101477,2.1462121232051943,2.449051870651326,-0.3559178785142975,0.3318190533903135,-0.8347387999466778,-0.019445603509259994,-0.3504417328510348,0.282273554139774,-0.8823692456234854,-0.019445603509259994,0.0,4,0,0,0.0,0.0,4.25,4.4,4.0,-0.40000000000000036,0.25,0,0,0,0.0,0.0,0,0,0,0,0,0,0,0,0,1,0,0,0,1,0,0,1,0,0,1,0,0,0,0,-0.09235543849510747
2020-11-05,2.0803773954995135,2.1462121232051943,-0.060586567760892635,False,True,False,False,80.0006,93.3447,4.14,121.1,-0.09235543849510747,1.7380368114299731,1.8302054302179263,-0.09235543849510747,1.7380368114299731,1.8302054302179263,-0.8347387999466778,1.8170384846767902,2.6597229993095044,-0.019445603509259994,0.0022692306083566165,0.021714834128150166,-0.2749747720817329,0.3142167880124226,-0.8347387999466778,-0.019445603509259994,-0.3372178657287224,0.2901799177925225,-0.8823692456234854,-0.019445603509259994,0.03176887073421483,5,0,0,0.0,0.0,4.25,4.4,4.0,-0.40000000000000036,0.25,0,0,0,0.0,0.0,0,0,0,0,0,0,0,0,0,1,0,0,0,1,0,0,1,0,0,0,1,0,0,0,-0.0
2020-11-06,1.9223740490058794,1.9223740490058794,-0.008951620982938753,False,True,False,False,78.4559,92.1229,4.08,124.35,-0.060586567760892635,2.0803773954995135,2.1462121232051943,-0.09235543849510747,1.7380368114299731,1.8302054302179263,-0.09235543849510747,1.7380368114299731,1.8302054302179263,-0.019445603509259994,0.0022692306083566165,0.021714834128150166,-0.20376140221676003,0.29499722128563105,-0.8347387999466778,-0.019445603509259994,-0.31259676288990385,0.2984656102752484,-0.8823692456234854,-0.019445603509259994,0.05163494677795388,6,0,0,0.0,0.0,4.25,4.4,4.0,-0.40000000000000036,0.25,0,0,0,0.0,0.0,0,0,0,0,0,0,0,0,0,1,0,0,0,1,0,0,1,0,0,0,0,1,0,0,-0.0
2020-11-07,1.9223740490058794,1.9223740490058794,-0.008951620982938753,False,False,False,False,77.1875,91.3514,4.08,124.35,-0.008951620982938753,1.9223740490058794,1.9223740490058794,-0.060586567760892635,2.0803773954995135,2.1462121232051943,-0.09235543849510747,1.7380368114299731,1.8302054302179263,-0.8347387999466778,1.8170384846767902,2.6597229993095044,-0.16112558181417774,0.2990609951927067,-0.8347387999466778,-0.008951620982938753,-0.2998491787261233,0.30788583715455975,-0.8823692456234854,-0.008951620982938753,0.0,7,0,0,0.0,0.0,4.25,4.4,4.0,-0.40000000000000036,0.25,0,0,0,0.0,0.0,0,0,0,0,0,0,0,0,0,1,0,0,0,1,0,0,1,0,0,0,0,0,1,0,-0.008951620982938753
2020-11-08,1.9223740490058794,1.9223740490058794,-0.008951620982938753,False,False,False,False,77.1875,91.3514,4.08,124.35,-0.008951620982938753,1.9223740490058794,1.9223740490058794,-0.008951620982938753,1.9223740490058794,1.9223740490058794,-0.060586567760892635,2.0803773954995135,2.1462121232051943,-0.09235543849510747,1.7380368114299731,1.8302054302179263,-0.15962644145327473,0.29991466542550244,-0.8347387999466778,-0.008951620982938753,-0.28710159456234274,0.31647378245433727,-0.8823692456234854,-0.008951620982938753,0.0,8,0,0,0.0,0.0,4.25,4.4,4.0,-0.40000000000000036,0.25,0,0,0,0.0,0.0,0,0,0,0,0,0,0,0,0,1,0,0,0,1,0,0,1,0,0,0,0,0,0,1,-0.008951620982938753
2020-11-09,1.9487079400881517,2.277881578616556,-0.32569350461454755,False,True,False,False,77.1875,91.3514,3.78,104.5,-0.008951620982938753,1.9223740490058794,1.9223740490058794,-0.008951620982938753,1.9223740490058794,1.9223740490058794,-0.008951620982938753,1.9223740490058794,1.9223740490058794,-0.09235543849510747,1.7380368114299731,1.8302054302179263,-0.1581273010923717,0.30075719483443686,-0.8347387999466778,-0.008951620982938753,-0.2743540103985621,0.3242955739734198,-0.8823692456234854,-0.008951620982938753,-0.31674188363160877,9,0,0,0.0,0.0,4.25,4.4,4.0,-0.40000000000000036,0.25,0,0,0,0.0,0.0,0,0,0,0,0,0,0,0,0,1,0,0,0,1,0,0,1,0,0,0,0,0,0,0,-0.0
2020-11-10,1.9092071034647433,2.1462121232051943,-0.2436658335032594,False,True,False,False,76.9515,91.4953,3.79,117.8,-0.32569350461454755,1.9487079400881517,2.277881578616556,-0.008951620982938753,1.9223740490058794,1.9223740490058794,-0.008951620982938753,1.9223740490058794,1.9223740490058794,-0.060586567760892635,2.0803773954995135,2.1462121232051943,-0.0854065446163531,0.11253628651234367,-0.32569350461454755,-0.008951620982938753,-0.2345914574693523,0.27428191836814214,-0.8347387999466778,-0.008951620982938753,0.08202767111128814,10,0,0,0.0,0.0,4.25,4.4,4.0,-0.40000000000000036,0.25,0,0,0,0.0,0.0,0,0,0,0,0,0,0,0,0,1,0,0,0,1,0,0,1,0,1,0,0,0,0,0,-0.0
2020-11-11,1.7775376480533818,1.6985359748065647,0.07532616294140985,False,True,False,False,76.3978,90.3557,4.14,104.25,-0.2436658335032594,1.9092071034647433,2.1462121232051943,-0.32569350461454755,1.9487079400881517,2.277881578616556,-0.008951620982938753,1.9223740490058794,1.9223740490058794,-0.008951620982938753,1.9223740490058794,1.9223740490058794,-0.10702231533180336,0.12761499342385324,-0.32569350461454755,-0.008951620982938753,-0.2314700969230504,0.2738835138743697,-0.8347387999466778,-0.008951620982938753,0.31899199644466925,11,0,0,0.0,0.0,4.25,4.4,4.0,-0.40000000000000036,0.25,0,0,0,0.0,0.0,0,0,0,0,0,0,0,0,0,1,0,0,0,1,0,0,1,0,0,1,0,0,0,0,0.0
2020-11-12,2.133045177664058,2.212046850910875,-0.07889318521288557,False,True,False,False,76.2075,90.0468,4.17,92.71,0.07532616294140985,1.7775376480533818,1.6985359748065647,-0.2436658335032594,1.9092071034647433,2.1462121232051943,-0.32569350461454755,1.9487079400881517,2.277881578616556,-0.008951620982938753,1.9223740490058794,1.9223740490058794,-0.08306780084087231,0.14533446378403655,-0.32569350461454755,0.07532616294140985,-0.17902128646130255,0.25540688157576824,-0.8347387999466778,0.07532616294140985,-0.15421934815429544,12,0,0,0.0,0.0,4.25,4.4,4.0,-0.40000000000000036,0.25,0,0,0,0.0,0.0,0,0,0,0,0,0,0,0,0,1,0,0,0,1,0,0,1,0,0,0,1,0,0,0,-0.0
2020-11-13,2.0672104499583774,2.304215469698828,-0.24156259503806493,False,True,False,False,77.1148,90.8104,4.2,99.75,-0.07889318521288557,2.133045177664058,2.212046850910875,0.07532616294140985,1.7775376480533818,1.6985359748065647,-0.2436658335032594,1.9092071034647433,2.1462121232051943,-0.008951620982938753,1.9223740490058794,1.9223740490058794,-0.08568303190544273,0.14502688470335307,-0.32569350461454755,0.07532616294140985,-0.14472221706110133,0.2315725011062466,-0.8347387999466778,0.07532616294140985,-0.16266940982517936,13,0,0,0.0,0.0,4.25,4.4,4.0,-0.40000000000000036,0.25,0,0,0,0.0,0.0,0,0,0,0,0,0,0,0,0,1,0,0,0,1,0,0,1,0,0,0,0,1,0,0,-0.0
2020-11-14,2.0672104499583774,2.304215469698828,-0.24156259503806493,False,False,False,False,77.3262,91.3222,4.2,99.75,-0.24156259503806493,2.0672104499583774,2.304215469698828,-0.07889318521288557,2.133045177664058,2.212046850910875,0.07532616294140985,1.7775376480533818,1.6985359748065647,-0.32569350461454755,1.9487079400881517,2.277881578616556,-0.11891317105617505,0.15103962916233715,-0.32569350461454755,0.07532616294140985,-0.14001937643517634,0.22866490383829466,-0.8347387999466778,0.07532616294140985,0.0,14,0,0,0.0,0.0,4.25,4.4,4.0,-0.40000000000000036,0.25,0,0,0,0.0,0.0,0,0,0,0,0,0,0,0,0,1,0,0,0,1,0,0,1,0,0,0,0,0,1,0,-0.24156259503806493
2020-11-15,2.0672104499583774,2.304215469698828,-0.24156259503806493,False,False,False,False,77.3262,91.3222,4.2,99.75,-0.24156259503806493,2.0672104499583774,2.304215469698828,-0.24156259503806493,2.0672104499583774,2.304215469698828,-0.07889318521288557,2.133045177664058,2.212046850910875,-0.2436658335032594,1.9092071034647433,2.1462121232051943,-0.15214331020690736,0.1483798397906083,-0.32569350461454755,0.07532616294140985,-0.155884875830091,0.22735744320475398,-0.8347387999466778,0.07532616294140985,0.0,15,0,0,0.0,0.0,4.25,4.4,4.0,-0.40000000000000036,0.25,0,0,0,0.0,0.0,0,0,0,0,0,0,0,0,0,1,0,0,0,1,0,0,1,0,0,0,0,0,0,1,-0.24156259503806493
2020-11-16,1.8565393213001986,2.8572271824265467,-1.0014684066642174,False,True,False,False,77.3262,91.3222,4.15,101.9,-0.24156259503806493,2.0672104499583774,2.304215469698828,-0.24156259503806493,2.0672104499583774,2.304215469698828,-0.24156259503806493,2.0672104499583774,2.304215469698828,0.07532616294140985,1.7775376480533818,1.6985359748065647,-0.1853734493576397,0.13654163878879744,-0.32569350461454755,0.07532616294140985,-0.17175037522500564,0.2248399927282272,-0.8347387999466778,0.07532616294140985,-0.7599058116261526,16,0,0,0.0,0.0,4.25,4.4,4.0,-0.40000000000000036,0.25,0,0,0,1.0,0.0,0,0,0,0,0,0,0,0,0,1,0,0,0,1,0,0,1,0,0,0,0,0,0,0,-0.0
2020-11-17,1.5536995738540669,1.8433723757590625,-0.28628727294252826,False,True,False,False,76.9197,91.1729,4.18,108.1,-1.0014684066642174,1.8565393213001986,2.8572271824265467,-0.24156259503806493,2.0672104499583774,2.304215469698828,-0.24156259503806493,2.0672104499583774,2.304215469698828,-0.07889318521288557,2.133045177664058,2.212046850910875,-0.2819127210790211,0.33983921670922645,-1.0014684066642174,0.07532616294140985,-0.18365963284768702,0.26371342616721855,-1.0014684066642174,0.07532616294140985,0.7151811337216891,17,0,0,0.0,0.0,4.25,4.4,4.0,-0.40000000000000036,0.25,0,0,0,0.0,0.0,0,0,0,0,0,0,0,0,0,1,0,0,0,1,0,0,1,0,1,0,0,0,0,0,-0.0
2020-11-18,1.724869865888837,2.027709613334969,-0.3048382539461146,False,True,False,False,76.253,90.3903,4.1,83.4,-0.28628727294252826,1.5536995738540669,1.8433723757590625,-1.0014684066642174,1.8565393213001986,2.8572271824265467,-0.24156259503806493,2.0672104499583774,2.304215469698828,-0.24156259503806493,2.0672104499583774,2.304215469698828,-0.2880014981417737,0.33942131123751834,-1.0014684066642174,0.07532616294140985,-0.19751190673678853,0.2636418906467884,-1.0014684066642174,0.07532616294140985,-0.01855098100358632,18,0,0,0.0,0.0,4.25,4.4,4.0,-0.40000000000000036,0.25,0,0,0,0.0,0.0,0,0,0,0,0,0,0,0,0,1,0,0,0,1,0,0,1,0,0,1,0,0,0,0,-0.0
2020-11-19,2.0013757222526967,2.0935443410406496,-0.09184364636623937,False,True,False,False,75.9268,90.2314,4.1,93.3,-0.3048382539461146,1.724869865888837,2.027709613334969,-0.28628727294252826,1.5536995738540669,1.8433723757590625,-1.0014684066642174,1.8565393213001986,2.8572271824265467,-0.24156259503806493,2.0672104499583774,2.304215469698828,-0.34231070055427726,0.2996862303321705,-1.0014684066642174,-0.07889318521288557,-0.21268925069757474,0.2632383742433912,-1.0014684066642174,0.07532616294140985,0.2129946075798752,19,0,0,0.0,0.0,4.25,4.4,4.0,-0.40000000000000036,0.25,0,0,0,0.0,0.0,0,0,0,0,0,0,0,0,0,1,0,0,0,1,0,0,1,0,0,0,1,0,0,0,-0.0
2020-11-20,2.0672104499583774,2.2647146330754198,-0.19447757021137807,False,True,False,False,76.2627,90.3484,4.08,64.3,-0.09184364636623937,2.0013757222526967,2.0935443410406496,-0.3048382539461146,1.724869865888837,2.027709613334969,-0.28628727294252826,1.5536995738540669,1.8433723757590625,-0.24156259503806493,2.0672104499583774,2.304215469698828,-0.3441607664333278,0.2978232189691685,-1.0014684066642174,-0.09184364636623937,-0.21492189916938526,0.26197862355937407,-1.0014684066642174,0.07532616294140985,-0.1026339238451387,20,0,0,0.0,0.0,4.25,4.4,4.0,-0.40000000000000036,0.25,0,0,0,0.0,0.0,0,0,0,0,0,0,0,0,0,1,0,0,0,1,0,0,1,0,0,0,0,1,0,0,-0.0
2020-11-21,2.0672104499583774,2.2647146330754198,-0.19447757021137807,False,False,False,False,76.012,90.2643,4.08,64.3,-0.19447757021137807,2.0672104499583774,2.2647146330754198,-0.09184364636623937,2.0013757222526967,2.0935443410406496,-0.3048382539461146,1.724869865888837,2.027709613334969,-1.0014684066642174,1.8565393213001986,2.8572271824265467,-0.3374343343152297,0.3010409658660083,-1.0014684066642174,-0.09184364636623937,-0.2281737526857023,0.25536731343370495,-1.0014684066642174,0.07532616294140985,0.0,21,0,0,0.0,0.0,4.25,4.4,4.0,-0.40000000000000036,0.25,0,0,0,0.0,0.0,0,0,0,0,0,0,0,0,0,1,0,0,0,1,0,0,1,0,0,0,0,0,1,0,-0.19447757021137807
2020-11-22,2.0672104499583774,2.2647146330754198,-0.19447757021137807,False,False,False,False,76.012,90.2643,4.08,64.3,-0.19447757021137807,2.0672104499583774,2.2647146330754198,-0.19447757021137807,2.0672104499583774,2.2647146330754198,-0.09184364636623937,2.0013757222526967,2.0935443410406496,-0.28628727294252826,1.5536995738540669,1.8433723757590625,-0.3307079021971316,0.304051122501073,-1.0014684066642174,-0.09184364636623937,-0.24142560620201942,0.24781825986565134,-1.0014684066642174,0.07532616294140985,0.0,22,0,0,0.0,0.0,4.25,4.4,4.0,-0.40000000000000036,0.25,0,0,0,0.0,0.0,0,0,0,0,0,0,0,0,0,1,0,0,0,1,0,0,1,0,0,0,0,0,0,1,-0.19447757021137807
2020-11-23,2.0672104499583774,2.541220489439279,-0.4680990595529921,False,True,False,False,76.012,90.2643,4.02,115.75,-0.19447757021137807,2.0672104499583774,2.2647146330754198,-0.19447757021137807,2.0672104499583774,2.2647146330754198,-0.19447757021137807,2.0672104499583774,2.2647146330754198,-0.3048382539461146,1.724869865888837,2.027709613334969,-0.32398147007903344,0.3068597980365419,-1.0014684066642174,-0.09184364636623937,-0.2546774597183365,0.2392427107761874,-1.0014684066642174,0.07532616294140985,-0.273621489341614,23,0,0,0.0,0.0,4.25,4.4,4.0,-0.40000000000000036,0.25,0,0,0,0.0,0.0,0,0,0,0,0,0,0,0,0,1,0,0,0,1,0,0,1,0,0,0,0,0,0,0,-0.0
2020-11-24,1.8565393213001986,2.0803773954995135,-0.22111636320860634,False,True,False,False,75.76,89.9347,4.01,116.65,-0.4680990595529921,2.0672104499583774,2.541220489439279,-0.19447757021137807,2.0672104499583774,2.2647146330754198,-0.19447757021137807,2.0672104499583774,2.2647146330754198,-0.09184364636623937,2.0013757222526967,2.0935443410406496,-0.2477858490631441,0.11980437918011116,-0.4680990595529921,-0.09184364636623937,-0.2648492850710826,0.24544135235298195,-1.0014684066642174,0.07532616294140985,0.24698269634438574,24,0,0,0.0,0.0,4.25,4.4,4.0,-0.40000000000000036,0.25,0,0,0,0.0,0.0,0,0,0,0,0,0,0,0,0,1,0,0,0,1,0,0,1,0,1,0,0,0,0,0,-0.0
2020-11-25,2.0672104499583774,2.7387246725563217,-0.6719353468896441,False,True,False,False,75.8146,89.8934,4.06,131.25,-0.22111636320860634,1.8565393213001986,2.0803773954995135,-0.4680990595529921,2.0672104499583774,2.541220489439279,-0.19447757021137807,2.0672104499583774,2.2647146330754198,-0.19447757021137807,2.0672104499583774,2.2647146330754198,-0.23847571910115525,0.11884211362141549,-0.4680990595529921,-0.09184364636623937,-0.2632386086214645,0.2456649464235535,-1.0014684066642174,0.07532616294140985,-0.45081898368103773,25,0,0,0.0,0.0,4.25,4.4,4.0,-0.40000000000000036,0.25,1,1,1,1.0,0.0,0,0,0,0,0,0,0,0,0,1,0,0,0,1,0,0,1,0,0,1,0,0,0,0,-0.0
2020-11-26,1.9355409945470157,2.541220489439279,-0.6092524944698379,False,True,False,False,75.4727,89.888,4.07,112.55,-0.6719353468896441,2.0672104499583774,2.7387246725563217,-0.22111636320860634,1.8565393213001986,2.0803773954995135,-0.4680990595529921,2.0672104499583774,2.541220489439279,-0.19447757021137807,2.0672104499583774,2.2647146330754198,-0.2909181609502309,0.2037042311628406,-0.6719353468896441,-0.09184364636623937,-0.3166144307522541,0.2476175212221208,-1.0014684066642174,-0.07889318521288557,0.0626828524198062,26,0,0,0.0,0.0,4.25,4.4,4.0,-0.40000000000000036,0.25,1,0,1,1.0,0.0,0,0,0,0,0,0,0,0,0,1,0,0,0,1,0,0,1,0,0,0,1,0,0,0,-0.0
2020-11-27,2.0013757222526967,2.3173824152399645,-0.3158146420921509,False,True,False,False,75.4518,90.0291,4.03,135.7,-0.6092524944698379,1.9355409945470157,2.541220489439279,-0.6719353468896441,2.0672104499583774,2.7387246725563217,-0.22111636320860634,1.8565393213001986,2.0803773954995135,-0.19447757021137807,2.0672104499583774,2.2647146330754198,-0.36483371067931636,0.21308605806892306,-0.6719353468896441,-0.19447757021137807,-0.35449723855632204,0.2490168089146325,-1.0014684066642174,-0.09184364636623937,0.293437852377687,27,0,0,0.0,0.0,4.25,4.4,4.0,-0.40000000000000036,0.25,1,0,1,0.0,0.0,0,0,0,0,0,0,0,0,0,1,0,0,0,1,0,0,1,0,0,0,0,1,0,0,-0.0
2020-11-28,2.0013757222526967,2.3173824152399645,-0.3158146420921509,False,False,False,False,75.8599,90.4629,4.03,135.7,-0.3158146420921509,2.0013757222526967,2.3173824152399645,-0.6092524944698379,1.9355409945470157,2.541220489439279,-0.6719353468896441,2.0672104499583774,2.7387246725563217,-0.4680990595529921,2.0672104499583774,2.541220489439279,-0.3821675780908554,0.2015409067799266,-0.6719353468896441,-0.19447757021137807,-0.3598009562030425,0.24721061127596847,-1.0014684066642174,-0.09184364636623937,0.0,28,0,0,0.0,0.0,4.25,4.4,4.0,-0.40000000000000036,0.25,1,0,0,0.0,0.0,0,0,0,0,0,0,0,0,0,1,0,0,0,1,0,0,1,0,0,0,0,0,1,0,-0.3158146420921509
2020-11-29,2.0013757222526967,2.3173824152399645,-0.3158146420921509,False,False,False,False,75.8599,90.4629,4.03,135.7,-0.3158146420921509,2.0013757222526967,2.3173824152399645,-0.3158146420921509,2.0013757222526967,2.3173824152399645,-0.6092524944698379,1.9355409945470157,2.541220489439279,-0.22111636320860634,1.8565393213001986,2.0803773954995135,-0.39950144550239436,0.18743192318626636,-0.6719353468896441,-0.19447757021137807,-0.36510467384976286,0.24526763970790239,-1.0014684066642174,-0.09184364636623937,0.0,29,0,0,0.0,0.0,4.25,4.4,4.0,-0.40000000000000036,0.25,1,0,0,0.0,0.0,0,0,0,0,0,0,0,0,0,1,0,0,0,1,0,0,1,0,0,0,0,0,0,1,-0.3158146420921509
2020-11-30,2.6070552171449597,3.1600669298726785,-0.55362725892592,False,True,False,True,75.8599,90.4629,4.07,129.15,-0.3158146420921509,2.0013757222526967,2.3173824152399645,-0.3158146420921509,2.0013757222526967,2.3173824152399645,-0.3158146420921509,2.0013757222526967,2.3173824152399645,-0.6719353468896441,2.0672104499583774,2.7387246725563217,-0.4168353129139333,0.1701224097943437,-0.6719353468896441,-0.22111636320860634,-0.37040839149648336,0.24318461588548082,-1.0014684066642174,-0.09184364636623937,-0.23781261683376914,30,0,1,0.0,0.0,4.25,4.4,4.0,-0.40000000000000036,0.25,1,0,1,0.0,0.0,0,0,0,0,0,0,0,0,0,1,0,0,0,1,0,0,1,0,0,0,0,0,0,0,-0.0
2020-12-01,1.6195343015597479,2.370050197404509,-0.7552320454339614,False,True,True,False,76.1999,91.2037,4.06,92.98,-0.55362725892592,2.6070552171449597,3.1600669298726785,-0.3158146420921509,2.0013757222526967,2.3173824152399645,-0.3158146420921509,2.0013757222526967,2.3173824152399645,-0.6092524944698379,1.9355409945470157,2.541220489439279,-0.4290536271100659,0.17733624382657584,-0.6719353468896441,-0.22111636320860634,-0.3384197380866049,0.17316297828362937,-0.6719353468896441,-0.09184364636623937,-0.20160478650804137,1,1,0,0.0,1.0,4.25,4.9,4.0,-0.9000000000000004,0.25,0,0,0,1.0,0.0,0,0,0,0,0,0,0,0,0,0,1,0,0,1,0,0,1,0,1,0,0,0,0,0,-0.0
2020-12-02,1.632701247100884,1.8170384846767902,-0.17744514632249905,False,True,False,False,76.3203,91.3096,4.02,90.28,-0.7552320454339614,1.6195343015597479,2.370050197404509,-0.55362725892592,2.6070552171449597,3.1600669298726785,-0.3158146420921509,2.0013757222526967,2.3173824152399645,-0.3158146420921509,2.0013757222526967,2.3173824152399645,-0.5053558674279737,0.18756736210663255,-0.7552320454339614,-0.3158146420921509,-0.3719157932645644,0.20477329439842218,-0.7552320454339614,-0.09184364636623937,0.5777868991114623,2,0,0,1.0,0.0,4.25,4.9,4.0,-0.9000000000000004,0.25,0,0,0,0.0,0.0,0,0,0,0,0,0,0,0,0,0,1,0,0,1,0,0,1,0,0,1,0,0,0,0,-0.0
2020-12-03,1.7643707025122455,1.975041831170424,-0.219975558085145,False,True,False,False,75.6151,91.3052,4.02,87.65,-0.17744514632249905,1.632701247100884,1.8170384846767902,-0.7552320454339614,1.6195343015597479,2.370050197404509,-0.55362725892592,2.6070552171449597,3.1600669298726785,-0.3158146420921509,2.0013757222526967,2.3173824152399645,-0.4347144102040959,0.20653260503410587,-0.7552320454339614,-0.17744514632249905,-0.36281628557716333,0.21072722962363555,-0.7552320454339614,-0.09184364636623937,-0.04253041176264594,3,0,0,0.0,0.0,4.25,4.9,4.0,-0.9000000000000004,0.25,0,0,0,0.0,0.0,0,0,0,0,0,0,0,0,0,0,1,0,0,1,0,0,1,0,0,0,1,0,0,0,-0.0
2020-12-04,1.8960401579236073,2.054043504417241,-0.15493387930148714,False,True,False,False,75.1996,91.1946,4.01,113.97,-0.219975558085145,1.7643707025122455,1.975041831170424,-0.17744514632249905,1.632701247100884,1.8170384846767902,-0.7552320454339614,1.6195343015597479,2.370050197404509,-0.3158146420921509,2.0013757222526967,2.3173824152399645,-0.37910341929199687,0.20409779405621298,-0.7552320454339614,-0.17744514632249905,-0.3719685649856566,0.2005918458606932,-0.7552320454339614,-0.17744514632249905,0.06504167878365785,4,0,0,0.0,0.0,4.25,4.9,4.0,-0.9000000000000004,0.25,0,0,0,0.0,0.0,0,0,0,0,0,0,0,0,0,0,1,0,0,1,0,0,1,0,0,0,0,1,0,0,-0.0
2020-12-05,1.8960401579236073,2.054043504417241,-0.15493387930148714,False,False,False,False,74.2529,90.2618,4.01,113.97,-0.15493387930148714,1.8960401579236073,2.054043504417241,-0.219975558085145,1.7643707025122455,1.975041831170424,-0.17744514632249905,1.632701247100884,1.8170384846767902,-0.55362725892592,2.6070552171449597,3.1600669298726785,-0.3561204531790449,0.22078815391393292,-0.7552320454339614,-0.15493387930148714,-0.3691440156349501,0.20354010389052996,-0.7552320454339614,-0.15493387930148714,0.0,5,0,0,0.0,0.0,4.25,4.9,4.0,-0.9000000000000004,0.25,0,0,0,0.0,0.0,0,0,0,0,0,0,0,0,0,0,1,0,0,1,0,0,1,0,0,0,0,0,1,0,-0.15493387930148714
2020-12-06,1.8960401579236073,2.054043504417241,-0.15493387930148714,False,False,False,False,74.2529,90.2618,4.01,113.97,-0.15493387930148714,1.8960401579236073,2.054043504417241,-0.15493387930148714,1.8960401579236073,2.054043504417241,-0.219975558085145,1.7643707025122455,1.975041831170424,-0.7552320454339614,1.6195343015597479,2.370050197404509,-0.333137487066093,0.2336801287494328,-0.7552320454339614,-0.15493387930148714,-0.3663194662842436,0.2064046404587156,-0.7552320454339614,-0.15493387930148714,0.0,6,0,0,0.0,0.0,4.25,4.9,4.0,-0.9000000000000004,0.25,0,0,0,0.0,0.0,0,0,0,0,0,0,0,0,0,0,1,0,0,1,0,0,1,0,0,0,0,0,0,1,-0.15493387930148714
2020-12-07,2.1725460142874664,2.462218816192462,-0.28460386302308993,False,True,False,False,74.2529,90.2618,3.64,112.55,-0.15493387930148714,1.8960401579236073,2.054043504417241,-0.15493387930148714,1.8960401579236073,2.054043504417241,-0.15493387930148714,1.8960401579236073,2.054043504417241,-0.17744514632249905,1.632701247100884,1.8170384846767902,-0.310154520953141,0.24337808144839015,-0.7552320454339614,-0.15493387930148714,-0.36349491693353714,0.20918889492315762,-0.7552320454339614,-0.15493387930148714,-0.1296699837216028,7,0,0,0.0,0.0,4.25,4.9,4.0,-0.9000000000000004,0.25,0,0,0,0.0,0.0,0,0,0,0,0,0,0,0,0,0,1,0,0,1,0,0,1,0,0,0,0,0,0,0,-0.0
2020-12-08,1.7512037569711094,2.0803773954995135,-0.33294080953767485,False,True,False,False,74.2506,89.9695,3.58,92.5,-0.28460386302308993,2.1725460142874664,2.462218816192462,-0.15493387930148714,1.8960401579236073,2.054043504417241,-0.15493387930148714,1.8960401579236073,2.054043504417241,-0.219975558085145,1.7643707025122455,1.975041831170424,-0.2717226072527367,0.2184918462349586,-0.7552320454339614,-0.15493387930148714,-0.3503881171814012,0.20787508375626934,-0.7552320454339614,-0.15493387930148714,-0.04833694651458492,8,0,0,0.0,0.0,4.25,4.9,4.0,-0.9000000000000004,0.25,0,0,0,0.0,0.0,0,0,0,0,0,0,0,0,0,0,1,0,0,1,0,0,1,0,1,0,0,0,0,0,-0.0
2020-12-09,1.8170384846767902,1.8433723757590625,-0.03013042876469274,False,True,False,False,73.6618,89.2044,4.05,67.0,-0.33294080953767485,1.7512037569711094,2.0803773954995135,-0.28460386302308993,2.1725460142874664,2.462218816192462,-0.15493387930148714,1.8960401579236073,2.054043504417241,-0.15493387930148714,1.8960401579236073,2.054043504417241,-0.2113952878389815,0.07178987212006964,-0.33294080953767485,-0.15493387930148714,-0.3583755776334776,0.20464917159203327,-0.7552320454339614,-0.15493387930148714,0.3028103807729821,9,0,0,0.0,0.0,4.25,4.9,4.0,-0.9000000000000004,0.25,0,0,0,0.0,0.0,0,0,0,0,0,0,0,0,0,0,1,0,0,1,0,0,1,0,0,1,0,0,0,0,-0.0
2020-12-10,2.5675543805215515,2.4227179795690534,0.15018542141183397,False,True,False,False,73.3057,88.9418,4.11,60.55,-0.03013042876469274,1.8170384846767902,1.8433723757590625,-0.33294080953767485,1.7512037569711094,2.0803773954995135,-0.28460386302308993,2.1725460142874664,2.462218816192462,-0.15493387930148714,1.8960401579236073,2.054043504417241,-0.1903503281878663,0.09960490213280057,-0.33294080953767485,-0.03013042876469274,-0.31253236919598104,0.2008557532266279,-0.7552320454339614,-0.03013042876469274,0.1803158501765267,10,0,0,0.0,0.0,4.25,4.9,4.0,-0.9000000000000004,0.25,0,0,0,0.0,0.0,0,0,0,0,0,0,0,0,0,0,1,0,0,1,0,0,1,0,0,0,1,0,0,0,0.0
2020-12-11,2.488552707274734,2.1067112865817856,0.37437605672068786,False,True,False,False,73.7124,89.133,4.19,97.75,0.15018542141183397,2.5675543805215515,2.4227179795690534,-0.03013042876469274,1.8170384846767902,1.8433723757590625,-0.33294080953767485,1.7512037569711094,2.0803773954995135,-0.15493387930148714,1.8960401579236073,2.054043504417241,-0.13747018825972646,0.1607480416109498,-0.33294080953767485,0.15018542141183397,-0.2582868037758616,0.21649804026631853,-0.7552320454339614,0.15018542141183397,0.2241906353088539,11,0,0,0.0,0.0,4.25,4.9,4.0,-0.9000000000000004,0.25,0,0,0,0.0,1.0,0,0,0,0,0,0,0,0,0,0,1,0,0,1,0,0,1,0,0,0,0,1,0,0,0.0
2020-12-12,2.488552707274734,2.1067112865817856,0.37437605672068786,False,False,False,False,73.1195,88.7744,4.19,97.75,0.37437605672068786,2.488552707274734,2.1067112865817856,0.15018542141183397,2.5675543805215515,2.4227179795690534,-0.03013042876469274,1.8170384846767902,1.8433723757590625,-0.28460386302308993,2.1725460142874664,2.462218816192462,-0.06185448311370147,0.2505650451922506,-0.33294080953767485,0.37437605672068786,-0.20898746814637312,0.2734755113027968,-0.7552320454339614,0.37437605672068786,0.0,12,0,0,0.0,0.0,4.25,4.9,4.0,-0.9000000000000004,0.25,0,0,0,0.0,1.0,0,0,0,0,0,0,0,0,0,0,1,0,0,1,0,0,1,0,0,0,0,0,1,0,0.37437605672068786
2020-12-13,2.488552707274734,2.1067112865817856,0.37437605672068786,False,False,False,False,73.1195,88.7744,4.19,97.75,0.37437605672068786,2.488552707274734,2.1067112865817856,0.37437605672068786,2.488552707274734,2.1067112865817856,0.15018542141183397,2.5675543805215515,2.4227179795690534,-0.33294080953767485,1.7512037569711094,2.0803773954995135,0.013761222032323535,0.29391217993066476,-0.33294080953767485,0.37437605672068786,-0.15968813251688468,0.3122043380190898,-0.7552320454339614,0.37437605672068786,0.0,13,0,0,0.0,0.0,4.25,4.9,4.0,-0.9000000000000004,0.25,0,0,0,0.0,1.0,0,0,0,0,0,0,0,0,0,0,1,0,0,1,0,0,1,0,0,0,0,0,0,1,0.37437605672068786
2020-12-14,2.4095510340279174,2.962562746755636,-0.5596387561851093,False,True,False,False,73.1195,88.7744,4.17,61.6,0.37437605672068786,2.488552707274734,2.1067112865817856,0.37437605672068786,2.488552707274734,2.1067112865817856,0.37437605672068786,2.488552707274734,2.1067112865817856,-0.03013042876469274,1.8170384846767902,1.8433723757590625,0.08937692717834854,0.3108770107292565,-0.33294080953767485,0.37437605672068786,-0.1103887968873962,0.3389977605029158,-0.7552320454339614,0.37437605672068786,-0.9340148129057971,14,0,0,0.0,0.0,4.25,4.9,4.0,-0.9000000000000004,0.25,0,0,0,0.0,0.0,0,0,0,0,0,0,0,0,0,0,1,0,0,1,0,0,1,0,0,0,0,0,0,0,-0.0
2020-12-15,2.3963840884867813,2.620222162686096,-0.2292225659622626,False,True,False,False,72.9272,88.5847,4.25,78.0,-0.5596387561851093,2.4095510340279174,2.962562746755636,0.37437605672068786,2.488552707274734,2.1067112865817856,0.37437605672068786,2.488552707274734,2.1067112865817856,0.15018542141183397,2.5675543805215515,2.4227179795690534,0.050086228155202916,0.3764794167467198,-0.5596387561851093,0.37437605672068786,-0.11081818954876686,0.3396056391150695,-0.7552320454339614,0.37437605672068786,0.3304161902228467,15,0,0,0.0,0.0,4.25,4.9,4.0,-0.9000000000000004,0.25,0,0,0,0.0,0.0,0,0,0,0,0,0,0,0,0,0,1,0,0,1,0,0,1,0,1,0,0,0,0,0,-0.0
2020-12-16,2.43588492511019,2.3437163063222366,0.09277589312912406,False,True,False,False,73.4453,89.1846,4.32,175.5,-0.2292225659622626,2.3963840884867813,2.620222162686096,-0.5596387561851093,2.4095510340279174,2.962562746755636,0.37437605672068786,2.488552707274734,2.1067112865817856,0.37437605672068786,2.488552707274734,2.1067112865817856,0.06490312009454752,0.3605984415440713,-0.5596387561851093,0.37437605672068786,-0.07324608387221694,0.28800413545258463,-0.5596387561851093,0.37437605672068786,0.32199845909138664,16,0,0,0.0,0.0,4.25,4.9,4.0,-0.9000000000000004,0.25,0,0,0,0.0,0.0,0,0,0,0,0,0,0,0,0,0,1,0,0,1,0,0,1,0,0,1,0,0,0,0,0.0
2020-12-17,2.449051870651326,2.9098949645910914,-0.461916813936538,False,True,False,False,73.4201,89.3229,4.31,133.6,0.09277589312912406,2.43588492511019,2.3437163063222366,-0.2292225659622626,2.3963840884867813,2.620222162686096,-0.5596387561851093,2.4095510340279174,2.962562746755636,0.37437605672068786,2.488552707274734,2.1067112865817856,0.08246116607937849,0.35818406289697274,-0.5596387561851093,0.37437605672068786,-0.05394458105424386,0.2895345265141095,-0.5596387561851093,0.37437605672068786,-0.5546927070656621,17,0,0,0.0,0.0,4.25,4.9,4.0,-0.9000000000000004,0.25,0,0,0,0.0,0.0,0,0,0,0,0,0,0,0,0,0,1,0,0,1,0,0,1,0,0,0,1,0,0,0,-0.0
2020-12-18,2.620222162686096,2.7387246725563217,-0.10752051667397482,False,True,False,False,72.9781,89.2887,4.27,135.4,-0.461916813936538,2.449051870651326,2.9098949645910914,0.09277589312912406,2.43588492511019,2.3437163063222366,-0.2292225659622626,2.3963840884867813,2.620222162686096,0.37437605672068786,2.488552707274734,2.1067112865817856,-0.0049820103989603615,0.40988038581554825,-0.5596387561851093,0.37437605672068786,-0.07122609932934336,0.3069060357081723,-0.5596387561851093,0.37437605672068786,0.35439629726256316,18,0,0,0.0,0.0,4.25,4.9,4.0,-0.9000000000000004,0.25,0,0,0,0.0,0.0,0,0,0,0,0,0,0,0,0,0,1,0,0,1,0,0,1,0,0,0,0,1,0,0,-0.0
2020-12-19,2.620222162686096,2.7387246725563217,-0.10752051667397482,False,False,False,False,73.3155,89.8262,4.27,135.4,-0.10752051667397482,2.620222162686096,2.7387246725563217,-0.461916813936538,2.449051870651326,2.9098949645910914,0.09277589312912406,2.43588492511019,2.3437163063222366,-0.5596387561851093,2.4095510340279174,2.962562746755636,-0.07382437802676932,0.37448593324136925,-0.5596387561851093,0.37437605672068786,-0.06783943057023534,0.30617199926636557,-0.5596387561851093,0.37437605672068786,0.0,19,0,0,0.0,0.0,4.25,4.9,4.0,-0.9000000000000004,0.25,0,0,0,0.0,0.0,0,0,0,0,0,0,0,0,0,0,1,0,0,1,0,0,1,0,0,0,0,0,1,0,-0.10752051667397482
2020-12-20,2.620222162686096,2.7387246725563217,-0.10752051667397482,False,False,False,False,73.3155,89.8262,4.27,135.4,-0.10752051667397482,2.620222162686096,2.7387246725563217,-0.10752051667397482,2.620222162686096,2.7387246725563217,-0.461916813936538,2.449051870651326,2.9098949645910914,-0.2292225659622626,2.3963840884867813,2.620222162686096,-0.14266674565457826,0.3184638085564463,-0.5596387561851093,0.37437605672068786,-0.06445276181112732,0.30539575622870335,-0.5596387561851093,0.37437605672068786,0.0,20,0,0,0.0,0.0,4.25,4.9,4.0,-0.9000000000000004,0.25,0,0,0,0.0,0.0,0,0,0,0,0,0,0,0,0,0,1,0,0,1,0,0,1,0,0,0,0,0,0,1,-0.10752051667397482
2020-12-21,3.028397474461317,3.8447480980117588,-0.8188667150559854,False,True,False,False,73.3155,89.8262,4.27,118.45,-0.10752051667397482,2.620222162686096,2.7387246725563217,-0.10752051667397482,2.620222162686096,2.7387246725563217,-0.10752051667397482,2.620222162686096,2.7387246725563217,0.09277589312912406,2.43588492511019,2.3437163063222366,-0.21150911328238722,0.22702506507025952,-0.5596387561851093,0.09277589312912406,-0.06106609305201929,0.30457698389294063,-0.5596387561851093,0.37437605672068786,-0.7113461983820106,21,0,0,0.0,0.0,4.25,4.9,4.0,-0.9000000000000004,0.25,0,0,0,1.0,0.0,0,0,0,0,0,0,0,0,0,0,1,0,0,1,0,0,1,0,0,0,0,0,0,0,-0.0
2020-12-22,2.4227179795690534,2.6333891082272323,-0.21150981098754545,False,True,False,False,74.6721,91.0029,4.28,110.2,-0.8188667150559854,3.028397474461317,3.8447480980117588,-0.10752051667397482,2.620222162686096,2.7387246725563217,-0.10752051667397482,2.620222162686096,2.7387246725563217,-0.461916813936538,2.449051870651326,2.9098949645910914,-0.24854167883536954,0.30202963784080367,-0.8188667150559854,0.09277589312912406,-0.09922772534008326,0.3626692829272628,-0.8188667150559854,0.37437605672068786,0.6073569040684399,22,0,0,0.0,0.0,4.25,4.9,4.0,-0.9000000000000004,0.25,0,0,0,0.0,0.0,0,0,0,0,0,0,0,0,0,0,1,0,0,1,0,0,1,0,1,0,0,0,0,0,-0.0
2020-12-23,2.5675543805215515,2.462218816192462,0.10120903526182069,False,True,False,False,75.3498,92.0699,4.2,274.25,-0.21150981098754545,2.4227179795690534,2.6333891082272323,-0.8188667150559854,3.028397474461317,3.8447480980117588,-0.10752051667397482,2.620222162686096,2.7387246725563217,-0.10752051667397482,2.620222162686096,2.7387246725563217,-0.2460112852675528,0.3022925524714761,-0.8188667150559854,0.09277589312912406,-0.09055408258650258,0.3580727607686454,-0.8188667150559854,0.37437605672068786,0.31271884624936613,23,0,0,0.0,0.0,4.25,4.9,4.0,-0.9000000000000004,0.25,0,0,0,0.0,0.0,0,0,0,0,0,0,0,0,0,0,1,0,0,1,0,0,1,0,0,1,0,0,0,0,0.0
2020-12-24,3.6472439148947164,3.423405840695402,0.22614707881628052,False,True,False,False,75.4571,91.9822,4.2,376.1,0.10120903526182069,2.5675543805215515,2.462218816192462,-0.21150981098754545,2.4227179795690534,2.6333891082272323,-0.8188667150559854,3.028397474461317,3.8447480980117588,-0.10752051667397482,2.620222162686096,2.7387246725563217,-0.24480655067716756,0.30388039388407045,-0.8188667150559854,0.10120903526182069,-0.08117269229889448,0.3614819130182958,-0.8188667150559854,0.37437605672068786,0.12493804355445982,24,0,0,0.0,0.0,4.25,4.9,4.0,-0.9000000000000004,0.25,0,0,0,0.0,1.0,0,0,0,0,0,0,0,0,0,0,1,0,0,1,0,0,1,0,0,0,1,0,0,0,0.0
2020-12-25,4.108087008834482,3.950083662340848,0.16126496233230142,False,True,False,False,74.8392,91.3487,4.19,298.2,0.22614707881628052,3.6472439148947164,3.423405840695402,0.10120903526182069,2.5675543805215515,2.462218816192462,-0.21150981098754545,2.4227179795690534,2.6333891082272323,-0.10752051667397482,2.620222162686096,2.7387246725563217,-0.14651170885533635,0.33193550727560345,-0.8188667150559854,0.22614707881628052,-0.07574685962714829,0.36576642025370404,-0.8188667150559854,0.37437605672068786,-0.0648821164839791,25,0,0,0.0,0.0,4.25,4.9,4.0,-0.9000000000000004,0.25,1,1,1,0.0,0.0,0,0,0,0,0,0,0,0,0,0,1,0,0,1,0,0,1,0,0,0,0,1,0,0,0.0
2020-12-26,0.16708654936521272,0.03252638303140928,0.1345601663206365,False,False,False,False,73.6921,89.8749,4.19,298.2,0.16126496233230142,4.108087008834482,3.950083662340848,0.22614707881628052,3.6472439148947164,3.423405840695402,0.10120903526182069,2.5675543805215515,2.462218816192462,-0.8188667150559854,3.028397474461317,3.8447480980117588,-0.10811378328301118,0.3521298168251039,-0.8188667150559854,0.22614707881628052,-0.09096908065489019,0.34967302354678254,-0.8188667150559854,0.37437605672068786,-0.026704796011664922,26,0,0,0.0,0.0,4.25,4.9,4.0,-0.9000000000000004,0.25,1,0,0,0.0,0.0,0,0,0,0,0,0,0,0,0,0,1,0,0,1,0,0,1,0,0,0,0,0,1,0,0.1345601663206365
2020-12-27,0.16708654936521272,0.03252638303140928,0.1345601663206365,False,False,False,False,73.6921,89.8749,4.19,298.2,0.1345601663206365,0.16708654936521272,0.03252638303140928,0.16126496233230142,4.108087008834482,3.950083662340848,0.22614707881628052,3.6472439148947164,3.423405840695402,-0.21150981098754545,2.4227179795690534,2.6333891082272323,-0.07353082856949526,0.3638889198500077,-0.8188667150559854,0.22614707881628052,-0.1080987871120367,0.3304699768404984,-0.8188667150559854,0.37437605672068786,0.0,27,0,0,0.0,0.0,4.25,4.9,4.0,-0.9000000000000004,0.25,1,0,0,0.0,0.0,0,0,0,0,0,0,0,0,0,0,1,0,0,1,0,0,1,0,0,0,0,0,0,1,0.1345601663206365
2020-12-28,5.108774869960831,5.003439305631741,0.11104258584784885,False,True,False,False,73.6921,89.8749,4.24,397.05,0.1345601663206365,0.16708654936521272,0.03252638303140928,0.1345601663206365,0.16708654936521272,0.03252638303140928,0.16126496233230142,4.108087008834482,3.950083662340848,0.10120903526182069,2.5675543805215515,2.462218816192462,-0.038947873855979365,0.37154308271889036,-0.8188667150559854,0.22614707881628052,-0.12522849356918322,0.30905920389413444,-0.8188667150559854,0.22614707881628052,-0.023517580472787653,28,0,0,0.0,0.0,4.25,4.9,4.0,-0.9000000000000004,0.25,1,0,1,0.0,0.0,0,0,0,0,0,0,0,0,0,0,1,0,0,1,0,0,1,0,0,0,0,0,0,0,0.0
2020-12-29,4.2924242464103886,4.2792573008692525,0.006132159314031662,False,True,False,False,73.7175,90.127,4.2,317.05,0.11104258584784885,5.108774869960831,5.003439305631741,0.1345601663206365,0.16708654936521272,0.03252638303140928,0.1345601663206365,0.16708654936521272,0.03252638303140928,0.22614707881628052,3.6472439148947164,3.423405840695402,0.09389631198742554,0.14080498869841335,-0.21150981098754545,0.22614707881628052,-0.07732268342397193,0.2877914446950023,-0.8188667150559854,0.22614707881628052,-0.10491042653381719,29,0,0,0.0,0.0,4.25,4.9,4.0,-0.9000000000000004,0.25,1,0,1,0.0,0.0,0,0,0,0,0,0,0,0,0,0,1,0,0,1,0,0,1,0,1,0,0,0,0,0,0.0
2020-12-30,4.48992842952743,4.331925083033797,0.15931618225051863,False,True,False,False,73.6567,90.2074,4.27,74.8,0.006132159314031662,4.2924242464103886,4.2792573008692525,0.11104258584784885,5.108774869960831,5.003439305631741,0.1345601663206365,0.16708654936521272,0.03252638303140928,0.16126496233230142,4.108087008834482,3.950083662340848,0.12498802203050798,0.0666071249494821,0.006132159314031662,0.22614707881628052,-0.060511631618522355,0.28509721409443106,-0.8188667150559854,0.22614707881628052,0.15318402293648697,30,0,0,0.0,0.0,4.25,4.9,4.0,-0.9000000000000004,0.25,1,0,1,0.0,0.0,0,0,0,0,0,0,0,0,0,0,1,0,0,1,0,0,1,0,0,1,0,0,0,0,0.0
2020-12-31,1.5536995738540669,1.8565393213001986,-0.30513709368084085,False,True,False,True,73.8757,90.6824,4.27,74.8,0.15931618225051863,4.48992842952743,4.331925083033797,0.006132159314031662,4.2924242464103886,4.2792573008692525,0.11104258584784885,5.108774869960831,5.003439305631741,0.1345601663206365,0.16708654936521272,0.03252638303140928,0.13328904302889338,0.06677036304785146,0.006132159314031662,0.22614707881628052,-0.055758753824137024,0.2883849489220242,-0.8188667150559854,0.22614707881628052,-0.4644532759313595,31,0,1,0.0,0.0,4.25,4.9,4.0,-0.9000000000000004,0.25,1,0,1,0.0,0.0,0,0,0,0,0,0,0,0,0,0,1,0,0,1,0,0,1,0,0,0,1,0,0,0,-0.0
2021-01-01,1.5536995738540669,1.8565393213001986,-0.30513709368084085,True,False,False,False,73.8757,90.7932,4.27,74.8,-0.30513709368084085,1.5536995738540669,1.8565393213001986,0.15931618225051863,4.48992842952743,4.331925083033797,0.006132159314031662,4.2924242464103886,4.2792573008692525,0.1345601663206365,0.16708654936521272,0.03252638303140928,0.0573913041007332,0.16833561883349418,-0.30513709368084085,0.16126496233230142,-0.04456020237730151,0.27408952843553386,-0.8188667150559854,0.22614707881628052,0.0,1,1,0,0.0,1.0,4.25,5.2,4.0,-1.2000000000000002,0.25,0,0,0,0.0,0.0,0,0,0,0,0,0,0,0,0,0,0,0,0,0,0,0,0,1,0,0,0,1,0,0,-0.30513709368084085
2021-01-02,1.5536995738540669,1.8565393213001986,-0.30513709368084085,True,False,False,False,73.8757,90.7932,4.27,74.8,-0.30513709368084085,1.5536995738540669,1.8565393213001986,-0.30513709368084085,1.5536995738540669,1.8565393213001986,0.15931618225051863,4.48992842952743,4.331925083033797,0.11104258584784885,5.108774869960831,5.003439305631741,-0.00923756104400141,0.20799941748262704,-0.30513709368084085,0.15931618225051863,-0.05867567216350623,0.2825396866687337,-0.8188667150559854,0.22614707881628052,0.0,2,0,0,1.0,0.0,4.25,5.2,4.0,-1.2000000000000002,0.25,0,0,0,0.0,0.0,0,0,0,0,0,0,0,0,0,0,0,0,0,0,0,0,0,1,0,0,0,0,1,0,-0.30513709368084085
2021-01-03,1.5536995738540669,1.8565393213001986,-0.30513709368084085,True,False,False,False,73.8757,90.7932,4.27,74.8,-0.30513709368084085,1.5536995738540669,1.8565393213001986,-0.30513709368084085,1.5536995738540669,1.8565393213001986,-0.30513709368084085,1.5536995738540669,1.8565393213001986,0.006132159314031662,4.2924242464103886,4.2792573008692525,-0.07205145532992674,0.2231748924986093,-0.30513709368084085,0.15931618225051863,-0.07279114194971094,0.2900054020314317,-0.8188667150559854,0.22614707881628052,0.0,3,0,0,0.0,0.0,4.25,5.2,4.0,-1.2000000000000002,0.25,0,0,0,0.0,0.0,0,0,0,0,0,0,0,0,0,0,0,0,0,0,0,0,0,1,0,0,0,0,0,1,-0.30513709368084085
2021-01-04,0.03855482844055842,0.18399016042018332,-0.14543533197962488,True,False,False,False,73.8757,90.7932,4.27,74.8,-0.30513709368084085,1.5536995738540669,1.8565393213001986,-0.30513709368084085,1.5536995738540669,1.8565393213001986,-0.30513709368084085,1.5536995738540669,1.8565393213001986,0.15931618225051863,4.48992842952743,4.331925083033797,-0.1348653496158521,0.21712655727609997,-0.30513709368084085,0.15931618225051863,-0.08690661173591566,0.29656103181579974,-0.8188667150559854,0.22614707881628052,0.15970176170121597,4,0,0,0.0,0.0,4.25,5.2,4.0,-1.2000000000000002,0.25,0,0,0,0.0,0.0,0,0,0,0,0,0,0,0,0,0,0,0,0,0,0,0,0,1,0,0,0,0,0,0,-0.14543533197962488
2021-01-05,0.01155015230664858,0.023728939271510614,-0.012178786964862033,True,False,False,False,73.8757,90.7932,4.27,74.8,-0.14543533197962488,0.03855482844055842,0.18399016042018332,-0.30513709368084085,1.5536995738540669,1.8565393213001986,-0.30513709368084085,1.5536995738540669,1.8565393213001986,-0.30513709368084085,1.5536995738540669,1.8565393213001986,-0.17150505216263404,0.188461927380379,-0.30513709368084085,0.15931618225051863,-0.03880437008760419,0.2109677794958303,-0.30513709368084085,0.22614707881628052,0.13325654501476286,5,0,0,0.0,0.0,4.25,5.2,4.0,-1.2000000000000002,0.25,0,0,0,0.0,0.0,0,0,0,0,0,0,0,0,0,0,0,0,0,0,0,0,0,1,1,0,0,0,0,0,-0.012178786964862033
2021-01-06,0.010826274034352447,0.01116797851011595,-0.00034170447694852746,True,False,False,False,73.8757,90.7932,4.27,74.8,-0.012178786964862033,0.01155015230664858,0.023728939271510614,-0.14543533197962488,0.03855482844055842,0.18399016042018332,-0.30513709368084085,1.5536995738540669,1.8565393213001986,-0.30513709368084085,1.5536995738540669,1.8565393213001986,-0.17412090163104743,0.18569211508710634,-0.30513709368084085,0.15931618225051863,-0.024566439800269662,0.2050590802195349,-0.30513709368084085,0.22614707881628052,0.011837082487913505,6,0,0,0.0,0.0,4.25,5.2,4.0,-1.2000000000000002,0.25,0,0,0,0.0,0.0,0,0,0,0,0,0,0,0,0,0,0,0,0,0,0,0,0,1,0,1,0,0,0,0,-0.00034170447694852746
2021-01-07,0.010826274034352447,0.01116797851011595,-0.00034170447694852746,True,False,False,False,73.8757,90.7932,4.27,74.8,-0.00034170447694852746,0.010826274034352447,0.01116797851011595,-0.012178786964862033,0.01155015230664858,0.023728939271510614,-0.14543533197962488,0.03855482844055842,0.18399016042018332,-0.30513709368084085,1.5536995738540669,1.8565393213001986,-0.19692917116354275,0.14275081434429196,-0.30513709368084085,-0.00034170447694852746,-0.031820064067324606,0.20204163693322555,-0.30513709368084085,0.22614707881628052,0.0,7,0,0,0.0,0.0,4.25,5.2,4.0,-1.2000000000000002,0.25,0,0,0,0.0,0.0,0,0,0,0,0,0,0,0,0,0,0,0,0,0,0,0,0,1,0,0,1,0,0,0,-0.00034170447694852746
2021-01-08,0.022499356083572893,0.1515854248630876,-0.1290860687795147,True,False,False,False,73.8757,90.7932,4.27,74.8,-0.00034170447694852746,0.010826274034352447,0.01116797851011595,-0.00034170447694852746,0.010826274034352447,0.01116797851011595,-0.012178786964862033,0.01155015230664858,0.023728939271510614,-0.30513709368084085,1.5536995738540669,1.8565393213001986,-0.1533869727058438,0.15051743321665795,-0.30513709368084085,-0.00034170447694852746,-0.047997834302555255,0.18840432310256033,-0.30513709368084085,0.16126496233230142,-0.12874436430256617,8,0,0,0.0,0.0,4.25,5.2,4.0,-1.2000000000000002,0.25,0,0,0,0.0,0.0,0,0,0,0,0,0,0,0,0,0,0,0,0,0,0,0,0,1,0,0,0,1,0,0,-0.1290860687795147
2021-01-09,0.022499356083572893,0.1515854248630876,-0.1290860687795147,False,False,False,False,73.8757,90.7932,4.27,74.8,-0.1290860687795147,0.022499356083572893,0.1515854248630876,-0.00034170447694852746,0.010826274034352447,0.01116797851011595,-0.00034170447694852746,0.010826274034352447,0.01116797851011595,-0.14543533197962488,0.03855482844055842,0.18399016042018332,-0.12823682629136865,0.13482563546782067,-0.30513709368084085,-0.00034170447694852746,-0.06873719366768498,0.17936064782945574,-0.30513709368084085,0.15931618225051863,0.0,9,0,0,0.0,0.0,4.25,5.2,4.0,-1.2000000000000002,0.25,0,0,0,0.0,0.0,0,0,0,0,0,0,0,0,0,0,0,0,0,0,0,0,0,1,0,0,0,0,1,0,-0.1290860687795147
2021-01-10,0.022499356083572893,0.1515854248630876,-0.1290860687795147,False,False,False,False,73.8757,90.7932,4.27,74.8,-0.1290860687795147,0.022499356083572893,0.1515854248630876,-0.1290860687795147,0.022499356083572893,0.1515854248630876,-0.00034170447694852746,0.010826274034352447,0.01116797851011595,-0.012178786964862033,0.01155015230664858,0.023728939271510614,-0.10308667987689349,0.11056447548335764,-0.30513709368084085,-0.00034170447694852746,-0.08756906760341006,0.16996840506251432,-0.30513709368084085,0.15931618225051863,0.0,10,0,0,0.0,0.0,4.25,5.2,4.0,-1.2000000000000002,0.25,0,0,0,0.0,0.0,0,0,0,0,0,0,0,0,0,0,0,0,0,0,0,0,0,1,0,0,0,0,0,1,-0.1290860687795147
2021-01-11,3.265402494201768,3.5419083505656275,-0.2800631219945239,False,True,True,False,73.8757,90.7932,4.27,313.8,-0.1290860687795147,0.022499356083572893,0.1515854248630876,-0.1290860687795147,0.022499356083572893,0.1515854248630876,-0.1290860687795147,0.022499356083572893,0.1515854248630876,-0.00034170447694852746,0.010826274034352447,0.01116797851011595,-0.07793653346241834,0.06924703228988278,-0.14543533197962488,-0.00034170447694852746,-0.10640094153913515,0.15762118061336727,-0.30513709368084085,0.15931618225051863,-0.15097705321500918,11,0,0,0.0,0.0,4.25,5.2,4.0,-1.2000000000000002,0.25,0,0,0,0.0,0.0,0,0,0,0,0,0,0,0,0,0,0,0,0,0,0,0,0,1,0,0,0,0,0,0,-0.0
2021-01-12,2.370050197404509,3.265402494201768,-0.9064689281079634,False,True,False,False,74.5157,90.8123,4.18,320.5,-0.2800631219945239,3.265402494201768,3.5419083505656275,-0.1290860687795147,0.022499356083572893,0.1515854248630876,-0.1290860687795147,0.022499356083572893,0.1515854248630876,-0.00034170447694852746,0.010826274034352447,0.01116797851011595,-0.0971690748931182,0.10204634921357393,-0.2800631219945239,-0.00034170447694852746,-0.13433706352787605,0.1506214215193488,-0.30513709368084085,0.15931618225051863,-0.6264058061134395,12,0,0,0.0,0.0,4.25,5.2,4.0,-1.2000000000000002,0.25,0,0,0,1.0,0.0,0,0,0,0,0,0,0,0,0,0,0,0,0,0,0,0,0,1,1,0,0,0,0,0,-0.0
2021-01-13,1.6722020837242924,1.8565393213001986,-0.18199072468935276,False,True,False,False,74.2663,90.3227,4.23,146.45,-0.9064689281079634,2.370050197404509,3.265402494201768,-0.2800631219945239,3.265402494201768,3.5419083505656275,-0.1290860687795147,0.022499356083572893,0.1515854248630876,-0.1290860687795147,0.022499356083572893,0.1515854248630876,-0.2249248093421327,0.3151647595322446,-0.9064689281079634,-0.00034170447694852746,-0.19952285548659,0.24990705244069453,-0.9064689281079634,0.15931618225051863,0.7244782034186107,13,0,0,0.0,0.0,4.25,5.2,4.0,-1.2000000000000002,0.25,0,0,0,0.0,0.0,0,0,0,0,0,0,0,0,0,0,0,0,0,0,0,0,0,1,0,1,0,0,0,0,-0.0
2021-01-14,2.1067112865817856,2.291048524157692,-0.17792121184068144,False,True,False,False,73.5264,89.7831,4.24,153.4,-0.18199072468935276,1.6722020837242924,1.8565393213001986,-0.9064689281079634,2.370050197404509,3.265402494201768,-0.2800631219945239,3.265402494201768,3.5419083505656275,-0.1290860687795147,0.022499356083572893,0.1515854248630876,-0.25087466937247616,0.3007393533419015,-0.9064689281079634,-0.00034170447694852746,-0.2239019202680094,0.22788612719553145,-0.9064689281079634,-0.00034170447694852746,0.004069512848671325,14,0,0,0.0,0.0,4.25,5.2,4.0,-1.2000000000000002,0.25,0,0,0,0.0,0.0,0,0,0,0,0,0,0,0,0,0,0,0,0,0,0,0,0,1,0,0,1,0,0,0,-0.0
2021-01-15,2.1462121232051943,2.8440602368854107,-0.7067068416977758,False,True,False,False,73.7961,89.6475,4.25,118.25,-0.17792121184068144,2.1067112865817856,2.291048524157692,-0.18199072468935276,1.6722020837242924,1.8565393213001986,-0.9064689281079634,2.370050197404509,3.265402494201768,-0.1290860687795147,0.022499356083572893,0.1515854248630876,-0.276243170424438,0.28305343030311625,-0.9064689281079634,-0.1290860687795147,-0.21481507156514085,0.2269320825647885,-0.9064689281079634,-0.00034170447694852746,-0.5287856298570943,15,0,0,0.0,0.0,4.25,5.2,4.0,-1.2000000000000002,0.25,0,0,0,1.0,0.0,0,0,0,0,0,0,0,0,0,0,0,0,0,0,0,0,0,1,0,0,0,1,0,0,-0.0
2021-01-16,2.1462121232051943,2.8440602368854107,-0.7067068416977758,False,False,False,False,73.5453,89.2546,4.25,118.25,-0.7067068416977758,2.1462121232051943,2.8440602368854107,-0.17792121184068144,2.1067112865817856,2.291048524157692,-0.18199072468935276,1.6722020837242924,1.8565393213001986,-0.2800631219945239,3.265402494201768,3.5419083505656275,-0.3587604236984753,0.3153557637929242,-0.9064689281079634,-0.1290860687795147,-0.24349862499492195,0.2619097333911961,-0.9064689281079634,-0.00034170447694852746,0.0,16,0,0,0.0,0.0,4.25,5.2,4.0,-1.2000000000000002,0.25,0,0,0,1.0,0.0,0,0,0,0,0,0,0,0,0,0,0,0,0,0,0,0,0,1,0,0,0,0,1,0,-0.7067068416977758
2021-01-17,2.1462121232051943,2.8440602368854107,-0.7067068416977758,False,False,False,False,73.5453,89.2546,4.25,118.25,-0.7067068416977758,2.1462121232051943,2.8440602368854107,-0.7067068416977758,2.1462121232051943,2.8440602368854107,-0.17792121184068144,2.1067112865817856,2.291048524157692,-0.9064689281079634,2.370050197404509,3.265402494201768,-0.4412776769725126,0.32076685911015757,-0.9064689281079634,-0.1290860687795147,-0.272182178424703,0.28969497402263567,-0.9064689281079634,-0.00034170447694852746,0.0,17,0,0,0.0,0.0,4.25,5.2,4.0,-1.2000000000000002,0.25,0,0,0,1.0,0.0,0,0,0,0,0,0,0,0,0,0,0,0,0,0,0,0,0,1,0,0,0,0,0,1,-0.7067068416977758
2021-01-18,2.1198782321229217,2.9493958012145,-0.8241878709799871,False,True,False,False,73.5453,89.2546,4.3,196.3,-0.7067068416977758,2.1462121232051943,2.8440602368854107,-0.7067068416977758,2.1462121232051943,2.8440602368854107,-0.7067068416977758,2.1462121232051943,2.8440602368854107,-0.18199072468935276,1.6722020837242924,1.8565393213001986,-0.5237949302465499,0.30074175773292994,-0.9064689281079634,-0.17792121184068144,-0.30086573185448406,0.312213995016201,-0.9064689281079634,-0.00034170447694852746,-0.11748102928221138,18,0,0,0.0,0.0,4.25,5.2,4.0,-1.2000000000000002,0.25,0,0,0,1.0,0.0,0,0,0,0,0,0,0,0,0,0,0,0,0,0,0,0,0,1,0,0,0,0,0,0,-0.0
2021-01-19,1.6063673560186116,1.9882087767115604,-0.3795636241728003,False,True,False,False,73.9735,89.3304,4.3,94.9,-0.8241878709799871,2.1198782321229217,2.9493958012145,-0.7067068416977758,2.1462121232051943,2.8440602368854107,-0.7067068416977758,2.1462121232051943,2.8440602368854107,-0.17792121184068144,2.1067112865817856,2.291048524157692,-0.6015270372444732,0.2975478645938269,-0.9064689281079634,-0.17792121184068144,-0.34934805606879565,0.3378675746875513,-0.9064689281079634,-0.00034170447694852746,0.4446242468071868,19,0,0,0.0,0.0,4.25,5.2,4.0,-1.2000000000000002,0.25,0,0,0,0.0,0.0,0,0,0,0,0,0,0,0,0,0,0,0,0,0,0,0,0,1,1,0,0,0,0,0,-0.0
2021-01-20,1.9487079400881517,2.1198782321229217,-0.16076527179824376,False,True,False,False,73.7243,89.2064,4.31,161.0,-0.3795636241728003,1.6063673560186116,1.9882087767115604,-0.8241878709799871,2.1198782321229217,2.9493958012145,-0.7067068416977758,2.1462121232051943,2.8440602368854107,-0.7067068416977758,2.1462121232051943,2.8440602368854107,-0.5262548509680213,0.2731987298949384,-0.8241878709799871,-0.17792121184068144,-0.37558983015507696,0.32363292465327914,-0.9064689281079634,-0.00034170447694852746,0.21879835237455655,20,0,0,0.0,0.0,4.25,5.2,4.0,-1.2000000000000002,0.25,0,0,0,0.0,0.0,0,0,0,0,0,0,0,0,0,0,0,0,0,0,0,0,0,1,0,1,0,0,0,0,-0.0
2021-01-21,1.7643707025122455,2.1462121232051943,-0.3863085076451961,False,True,False,False,73.355,89.1483,4.35,170.4,-0.16076527179824376,1.9487079400881517,2.1198782321229217,-0.3795636241728003,1.6063673560186116,1.9882087767115604,-0.8241878709799871,2.1198782321229217,2.9493958012145,-0.7067068416977758,2.1462121232051943,2.8440602368854107,-0.5232226434121486,0.27773661382621057,-0.8241878709799871,-0.16076527179824376,-0.3870486563923123,0.31195385238367745,-0.9064689281079634,-0.00034170447694852746,-0.22554323584695232,21,0,0,0.0,0.0,4.25,5.2,4.0,-1.2000000000000002,0.25,0,0,0,0.0,0.0,0,0,0,0,0,0,0,0,0,0,0,0,0,0,0,0,0,1,0,0,1,0,0,0,-0.0
2021-01-22,1.632701247100884,2.304215469698828,-0.66092914314345,False,True,False,False,73.3694,88.9677,4.27,194.95,-0.3863085076451961,1.7643707025122455,2.1462121232051943,-0.16076527179824376,1.9487079400881517,2.1198782321229217,-0.3795636241728003,1.6063673560186116,1.9882087767115604,-0.7067068416977758,2.1462121232051943,2.8440602368854107,-0.5529922570985077,0.24363037324061193,-0.8241878709799871,-0.16076527179824376,-0.4146177137614729,0.2915364099760735,-0.9064689281079634,-0.1290860687795147,-0.2746206354982539,22,0,0,0.0,0.0,4.25,5.2,4.0,-1.2000000000000002,0.25,0,0,0,1.0,0.0,0,0,0,0,0,0,0,0,0,0,0,0,0,0,0,0,0,1,0,0,0,1,0,0,-0.0
2021-01-23,0.00014429107820928825,0.027503427731764247,-0.02735913665302828,False,False,False,False,74.3615,90.4087,4.27,194.95,-0.66092914314345,1.632701247100884,2.304215469698828,-0.3863085076451961,1.7643707025122455,2.1462121232051943,-0.16076527179824376,1.9487079400881517,2.1198782321229217,-0.8241878709799871,2.1198782321229217,2.9493958012145,-0.5464525858764613,0.23939415870932235,-0.8241878709799871,-0.16076527179824376,-0.4526065047874682,0.286067789570939,-0.9064689281079634,-0.1290860687795147,0.6335700064904217,23,0,0,0.0,0.0,4.25,5.2,4.0,-1.2000000000000002,0.25,0,0,0,0.0,0.0,0,0,0,0,0,0,0,0,0,0,0,0,0,0,0,0,0,1,0,0,0,0,1,0,-0.02735913665302828
2021-01-24,0.00014429107820928825,0.027503427731764247,-0.02735913665302828,False,False,False,False,74.3615,90.4087,4.27,194.95,-0.02735913665302828,0.00014429107820928825,0.027503427731764247,-0.66092914314345,1.632701247100884,2.304215469698828,-0.3863085076451961,1.7643707025122455,2.1462121232051943,-0.3795636241728003,1.6063673560186116,1.9882087767115604,-0.4494029137272117,0.29487384020197643,-0.8241878709799871,-0.02735913665302828,-0.445340295349862,0.2960357080055162,-0.9064689281079634,-0.02735913665302828,0.0,24,0,0,0.0,0.0,4.25,5.2,4.0,-1.2000000000000002,0.25,0,0,0,0.0,0.0,0,0,0,0,0,0,0,0,0,0,0,0,0,0,0,0,0,1,0,0,0,0,0,1,-0.02735913665302828
2021-01-25,2.1593790687463303,3.423405840695402,-1.2686044051921772,False,True,False,False,74.3615,90.4087,4.27,165.15,-0.02735913665302828,0.00014429107820928825,0.027503427731764247,-0.02735913665302828,0.00014429107820928825,0.027503427731764247,-0.66092914314345,1.632701247100884,2.304215469698828,-0.16076527179824376,1.9487079400881517,2.1198782321229217,-0.352353241577962,0.30759514955559897,-0.8241878709799871,-0.02735913665302828,-0.4380740859122559,0.3054926877374818,-0.9064689281079634,-0.02735913665302828,-1.2412452685391488,25,0,0,0.0,0.0,4.25,5.2,4.0,-1.2000000000000002,0.25,1,1,1,1.0,0.0,0,0,0,0,0,0,0,0,0,0,0,0,0,0,0,0,0,1,0,0,0,0,0,0,-0.0
2021-01-26,1.7380368114299731,2.1067112865817856,-0.376769247561542,False,True,False,False,74.8569,91.1458,4.35,200.9,-1.2686044051921772,2.1593790687463303,3.423405840695402,-0.02735913665302828,0.00014429107820928825,0.027503427731764247,-0.02735913665302828,0.00014429107820928825,0.027503427731764247,-0.3863085076451961,1.7643707025122455,2.1462121232051943,-0.4158413178939892,0.4390067924041869,-1.2686044051921772,-0.02735913665302828,-0.5086841775692311,0.3729556918729525,-1.2686044051921772,-0.02735913665302828,0.8918351576306351,26,0,0,0.0,0.0,4.25,5.2,4.0,-1.2000000000000002,0.25,1,0,1,0.0,0.0,0,0,0,0,0,0,0,0,0,0,0,0,0,0,0,0,0,1,1,0,0,0,0,0,-0.0
2021-01-27,1.8038715391356541,1.975041831170424,-0.17035302280609702,False,True,False,False,75.6354,91.6701,4.25,155.4,-0.376769247561542,1.7380368114299731,2.1067112865817856,-1.2686044051921772,2.1593790687463303,3.423405840695402,-0.02735913665302828,0.00014429107820928825,0.027503427731764247,-0.66092914314345,1.632701247100884,2.304215469698828,-0.41544212123523794,0.4390465470339498,-1.2686044051921772,-0.02735913665302828,-0.4708484861016296,0.35597910619539663,-1.2686044051921772,-0.02735913665302828,0.206416224755445,27,0,0,0.0,0.0,4.25,5.2,4.0,-1.2000000000000002,0.25,1,0,1,0.0,0.0,0,0,0,0,0,0,0,0,0,0,0,0,0,0,0,0,0,1,0,1,0,0,0,0,-0.0
2021-01-28,2.541220489439279,2.2647146330754198,0.27759232017321095,False,True,False,False,75.04,91.2186,4.27,114.43,-0.17035302280609702,1.8038715391356541,1.975041831170424,-0.376769247561542,1.7380368114299731,2.1067112865817856,-1.2686044051921772,2.1593790687463303,3.423405840695402,-0.02735913665302828,0.00014429107820928825,0.027503427731764247,-0.4168117999506456,0.4381336286198876,-1.2686044051921772,-0.02735913665302828,-0.47001722168139703,0.35671833919616697,-1.2686044051921772,-0.02735913665302828,0.447945342979308,28,0,0,0.0,0.0,4.25,5.2,4.0,-1.2000000000000002,0.25,1,0,1,0.0,1.0,0,0,0,0,0,0,0,0,0,0,0,0,0,0,0,0,0,1,0,0,1,0,0,0,0.0
2021-01-29,2.2515476875342837,2.6597229993095044,-0.4013235677955313,False,True,False,True,76.1854,92.131,4.43,167.85,0.27759232017321095,2.541220489439279,2.2647146330754198,-0.17035302280609702,1.8038715391356541,1.975041831170424,-0.376769247561542,1.7380368114299731,2.1067112865817856,-0.02735913665302828,0.00014429107820928825,0.027503427731764247,-0.321968824548016,0.5115445175294662,-1.2686044051921772,0.27759232017321095,-0.4374805408232619,0.4031608483581119,-1.2686044051921772,0.27759232017321095,-0.6789158879687422,29,0,0,0.0,0.0,4.25,5.2,4.0,-1.2000000000000002,0.25,1,0,1,0.0,0.0,0,0,0,0,0,0,0,0,0,0,0,0,0,0,0,0,0,1,0,0,0,1,0,0,-0.0
2021-01-30,2.2515476875342837,2.6597229993095044,-0.4013235677955313,False,False,False,False,76.2527,92.2963,4.43,167.85,-0.4013235677955313,2.2515476875342837,2.6597229993095044,0.27759232017321095,2.541220489439279,2.2647146330754198,-0.17035302280609702,1.8038715391356541,1.975041831170424,-1.2686044051921772,2.1593790687463303,3.423405840695402,-0.2848823137840276,0.49190818472823344,-1.2686044051921772,0.27759232017321095,-0.41566744983024445,0.39566554231780937,-1.2686044051921772,0.27759232017321095,0.0,30,0,0,0.0,0.0,4.25,5.2,4.0,-1.2000000000000002,0.25,1,0,0,0.0,0.0,0,0,0,0,0,0,0,0,0,0,0,0,0,0,0,0,0,1,0,0,0,0,1,0,-0.4013235677955313
2021-01-31,2.2515476875342837,2.6597229993095044,-0.4013235677955313,False,False,False,False,76.2527,92.2963,4.43,167.85,-0.4013235677955313,2.2515476875342837,2.6597229993095044,-0.4013235677955313,2.2515476875342837,2.6597229993095044,0.27759232017321095,2.541220489439279,2.2647146330754198,-0.376769247561542,1.7380368114299731,2.1067112865817856,-0.3383058039472423,0.47942741316827603,-1.2686044051921772,0.27759232017321095,-0.3938543588372269,0.38670266296761957,-1.2686044051921772,0.27759232017321095,0.0,31,0,1,0.0,0.0,4.25,5.2,4.0,-1.2000000000000002,0.25,1,0,0,0.0,0.0,0,0,0,0,0,0,0,0,0,0,0,0,0,0,0,0,0,1,0,0,0,0,0,1,-0.4013235677955313
2021-02-01,2.1198782321229217,2.5675543805215515,-0.45033789582898287,False,True,True,False,76.2527,92.2963,4.23,161.9,-0.4013235677955313,2.2515476875342837,2.6597229993095044,-0.4013235677955313,2.2515476875342837,2.6597229993095044,-0.4013235677955313,2.2515476875342837,2.6597229993095044,-0.17035302280609702,1.8038715391356541,1.975041831170424,-0.3917292941104571,0.4594215186031734,-1.2686044051921772,0.27759232017321095,-0.37204126784420943,0.3761673220185918,-1.2686044051921772,0.27759232017321095,-0.04901432803345157,1,1,0,0.0,1.0,4.25,5.7,4.0,-1.7000000000000002,0.25,0,0,0,0.0,0.0,1,0,0,0,0,0,0,0,0,0,0,0,0,0,0,0,0,1,0,0,0,0,0,0,-0.0
2021-02-02,1.5010317916895224,1.8960401579236073,-0.3921583388033149,False,True,False,False,75.5053,91.5426,4.1,138.75,-0.45033789582898287,2.1198782321229217,2.5675543805215515,-0.4013235677955313,2.2515476875342837,2.6597229993095044,-0.4013235677955313,2.2515476875342837,2.6597229993095044,0.27759232017321095,2.541220489439279,2.2647146330754198,-0.2748340784871436,0.25989817180495584,-0.45033789582898287,0.27759232017321095,-0.34533769819056637,0.3542309966006984,-1.2686044051921772,0.27759232017321095,0.05817955702566796,2,0,0,1.0,0.0,4.25,5.7,4.0,-1.7000000000000002,0.25,0,0,0,0.0,0.0,1,0,0,0,0,0,0,0,0,0,0,0,0,0,0,0,0,1,1,0,0,0,0,0,-0.0
2021-02-03,1.5668665193952032,2.040876558876105,-0.4794945892330669,False,True,False,False,75.9051,91.625,4.0,85.65,-0.3921583388033149,1.5010317916895224,1.8960401579236073,-0.45033789582898287,2.1198782321229217,2.5675543805215515,-0.4013235677955313,2.2515476875342837,2.6597229993095044,-0.4013235677955313,2.2515476875342837,2.6597229993095044,-0.27703252009311113,0.26096702524501597,-0.45033789582898287,0.27759232017321095,-0.3462373206641745,0.3543405808709087,-1.2686044051921772,0.27759232017321095,-0.08733625042975202,3,0,0,0.0,0.0,4.25,5.7,4.0,-1.7000000000000002,0.25,0,0,0,0.0,0.0,1,0,0,0,0,0,0,0,0,0,0,0,0,0,0,0,0,1,0,1,0,0,0,0,-0.0
2021-02-04,1.6590351381831563,2.040876558876105,-0.3839021144660512,False,True,False,False,76.0801,91.5624,4.0,68.5,-0.4794945892330669,1.5668665193952032,2.040876558876105,-0.3921583388033149,1.5010317916895224,1.8960401579236073,-0.45033789582898287,2.1198782321229217,2.5675543805215515,-0.4013235677955313,2.2515476875342837,2.6597229993095044,-0.3211956010112497,0.26601392816828995,-0.4794945892330669,0.27759232017321095,-0.36900370048094755,0.35173695594332366,-1.2686044051921772,0.27759232017321095,0.09559247476701571,4,0,0,0.0,0.0,4.25,5.7,4.0,-1.7000000000000002,0.25,0,0,0,0.0,0.0,1,0,0,0,0,0,0,0,0,0,0,0,0,0,0,0,0,1,0,0,1,0,0,0,-0.0
2021-02-05,1.9882087767115604,2.054043504417241,-0.06224153722279854,False,True,False,False,75.7293,90.9206,3.73,113.15,-0.3839021144660512,1.6590351381831563,2.040876558876105,-0.4794945892330669,1.5668665193952032,2.040876558876105,-0.3921583388033149,1.5010317916895224,1.8960401579236073,-0.4013235677955313,2.2515476875342837,2.6597229993095044,-0.4156948059597157,0.035248862863807774,-0.4794945892330669,-0.3839021144660512,-0.3688318152538658,0.35172843688282107,-1.2686044051921772,0.27759232017321095,0.3216605772432527,5,0,0,0.0,0.0,4.25,5.7,4.0,-1.7000000000000002,0.25,0,0,0,0.0,0.0,1,0,0,0,0,0,0,0,0,0,0,0,0,0,0,0,0,1,0,0,0,1,0,0,-0.0
2021-02-06,1.9882087767115604,2.054043504417241,-0.06224153722279854,False,False,False,False,75.1107,89.885,3.73,113.15,-0.06224153722279854,1.9882087767115604,2.054043504417241,-0.3839021144660512,1.6590351381831563,2.040876558876105,-0.4794945892330669,1.5668665193952032,2.040876558876105,-0.45033789582898287,2.1198782321229217,2.5675543805215515,-0.3672545158778968,0.13889584993267032,-0.4794945892330669,-0.06224153722279854,-0.3260684148309621,0.3498727730145017,-1.2686044051921772,0.27759232017321095,0.0,6,0,0,0.0,0.0,4.25,5.7,4.0,-1.7000000000000002,0.25,0,0,0,0.0,0.0,1,0,0,0,0,0,0,0,0,0,0,0,0,0,0,0,0,1,0,0,0,0,1,0,-0.06224153722279854
2021-02-07,1.9882087767115604,2.054043504417241,-0.06224153722279854,False,False,False,False,75.1107,89.885,3.73,113.15,-0.06224153722279854,1.9882087767115604,2.054043504417241,-0.06224153722279854,1.9882087767115604,2.054043504417241,-0.3839021144660512,1.6590351381831563,2.040876558876105,-0.3921583388033149,1.5010317916895224,1.8960401579236073,-0.3188142257960779,0.17851205734166647,-0.4794945892330669,-0.06224153722279854,-0.32856001487166,0.34769935292824383,-1.2686044051921772,0.27759232017321095,0.0,7,0,0,0.0,0.0,4.25,5.7,4.0,-1.7000000000000002,0.25,0,0,0,0.0,0.0,1,0,0,0,0,0,0,0,0,0,0,0,0,0,0,0,0,1,0,0,0,0,0,1,-0.06224153722279854
2021-02-08,1.8170384846767902,2.6070552171449597,-0.7957897798065156,False,True,False,False,75.1107,89.885,3.28,49.6,-0.06224153722279854,1.9882087767115604,2.054043504417241,-0.06224153722279854,1.9882087767115604,2.054043504417241,-0.06224153722279854,1.9882087767115604,2.054043504417241,-0.4794945892330669,1.5668665193952032,2.040876558876105,-0.27037393571425883,0.19739801112650093,-0.4794945892330669,-0.06224153722279854,-0.3310516149123579,0.3454929109652564,-1.2686044051921772,0.27759232017321095,-0.733548242583717,8,0,0,0.0,0.0,4.25,5.7,4.0,-1.7000000000000002,0.25,0,0,0,1.0,0.0,1,0,0,0,0,0,0,0,0,0,0,0,0,0,0,0,0,1,0,0,0,0,0,0,-0.0
2021-02-09,1.7775376480533818,2.291048524157692,-0.5163336111956981,False,True,False,False,74.2602,89.4019,4.16,83.4,-0.7957897798065156,1.8170384846767902,2.6070552171449597,-0.06224153722279854,1.9882087767115604,2.054043504417241,-0.06224153722279854,1.9882087767115604,2.054043504417241,-0.3839021144660512,1.6590351381831563,2.040876558876105,-0.31972420485390635,0.27701458674412327,-0.7957897798065156,-0.06224153722279854,-0.2972791416705249,0.2591046384879662,-0.7957897798065156,0.27759232017321095,0.27945616861081746,9,0,0,0.0,0.0,4.25,5.7,4.0,-1.7000000000000002,0.25,0,0,0,0.0,0.0,1,0,0,0,0,0,0,0,0,0,0,0,0,0,0,0,0,1,1,0,0,0,0,0,-0.0
2021-02-10,2.3173824152399645,2.0935443410406496,0.2163811957177757,False,True,False,False,74.1192,89.5286,4.09,58.2,-0.5163336111956981,1.7775376480533818,2.291048524157692,-0.7957897798065156,1.8170384846767902,2.6070552171449597,-0.06224153722279854,1.9882087767115604,2.054043504417241,-0.06224153722279854,1.9882087767115604,2.054043504417241,-0.33746352948138963,0.2862482189311405,-0.7957897798065156,-0.06224153722279854,-0.3072480247872504,0.26501562519592,-0.7957897798065156,0.27759232017321095,0.7327148069134738,10,0,0,0.0,0.0,4.25,5.7,4.0,-1.7000000000000002,0.25,0,0,0,0.0,1.0,1,0,0,0,0,0,0,0,0,0,0,0,0,0,0,0,0,1,0,1,0,0,0,0,0.0
2021-02-11,1.9223740490058794,2.054043504417241,-0.12882981708246505,False,True,False,False,73.8526,89.5684,4.02,90.85,0.2163811957177757,2.3173824152399645,2.0935443410406496,-0.5163336111956981,1.7775376480533818,2.291048524157692,-0.7957897798065156,1.8170384846767902,2.6070552171449597,-0.06224153722279854,1.9882087767115604,2.054043504417241,-0.23805270305984075,0.34375907936507594,-0.7957897798065156,0.2163811957177757,-0.2796241520355452,0.2984313969525742,-0.7957897798065156,0.27759232017321095,-0.34521101280024075,11,0,0,0.0,0.0,4.25,5.7,4.0,-1.7000000000000002,0.25,0,0,0,0.0,0.0,1,0,0,0,0,0,0,0,0,0,0,0,0,0,0,0,0,1,0,0,1,0,0,0,-0.0
2021-02-12,2.6728899448506405,3.015230528920181,-0.3357839923293094,False,True,False,False,73.7579,89.4388,4.0,92.45,-0.12882981708246505,1.9223740490058794,2.054043504417241,0.2163811957177757,2.3173824152399645,2.0935443410406496,-0.5163336111956981,1.7775376480533818,2.291048524157692,-0.06224153722279854,1.9882087767115604,2.054043504417241,-0.20161380343361415,0.33921106066072504,-0.7957897798065156,0.2163811957177757,-0.3086543046966649,0.25694164569405836,-0.7957897798065156,0.2163811957177757,-0.20695417524684434,12,0,0,0.0,0.0,4.25,5.7,4.0,-1.7000000000000002,0.25,0,0,0,0.0,0.0,1,0,0,0,0,0,0,0,0,0,0,0,0,0,0,0,0,1,0,0,0,1,0,0,-0.0
2021-02-13,2.6728899448506405,3.015230528920181,-0.3357839923293094,False,False,False,False,73.9378,89.6052,4.0,92.45,-0.3357839923293094,2.6728899448506405,3.015230528920181,-0.12882981708246505,1.9223740490058794,2.054043504417241,0.2163811957177757,2.3173824152399645,2.0935443410406496,-0.7957897798065156,1.8170384846767902,2.6070552171449597,-0.24069129702025857,0.3362222775466435,-0.7957897798065156,0.2163811957177757,-0.3039729064490776,0.25571750211898436,-0.7957897798065156,0.2163811957177757,0.0,13,0,0,0.0,0.0,4.25,5.7,4.0,-1.7000000000000002,0.25,0,0,0,0.0,0.0,1,0,0,0,0,0,0,0,0,0,0,0,0,0,0,0,0,1,0,0,0,0,1,0,-0.3357839923293094
2021-02-14,2.6728899448506405,3.015230528920181,-0.3357839923293094,False,False,False,False,73.9378,89.6052,4.0,92.45,-0.3357839923293094,2.6728899448506405,3.015230528920181,-0.3357839923293094,2.6728899448506405,3.015230528920181,-0.12882981708246505,1.9223740490058794,2.054043504417241,-0.5163336111956981,1.7775376480533818,2.291048524157692,-0.27976879060690296,0.32781637896495813,-0.7957897798065156,0.2163811957177757,-0.2992915082014903,0.2543947127891855,-0.7957897798065156,0.2163811957177757,0.0,14,0,0,0.0,0.0,4.25,5.7,4.0,-1.7000000000000002,0.25,0,0,0,0.0,0.0,1,0,0,0,0,0,0,0,0,0,0,0,0,0,0,0,0,1,0,0,0,0,0,1,-0.3357839923293094
2021-02-15,2.3568832518633727,2.6465560537683683,-0.2903031174001756,False,True,False,False,73.9378,89.6052,3.94,134.5,-0.3357839923293094,2.6728899448506405,3.015230528920181,-0.3357839923293094,2.6728899448506405,3.015230528920181,-0.3357839923293094,2.6728899448506405,3.015230528920181,0.2163811957177757,2.3173824152399645,2.0935443410406496,-0.3188462841935474,0.31355799921499167,-0.7957897798065156,0.2163811957177757,-0.294610109953903,0.2529717302532622,-0.7957897798065156,0.2163811957177757,0.045480874929133774,15,0,0,0.0,0.0,4.25,5.7,4.0,-1.7000000000000002,0.25,0,0,0,0.0,0.0,1,0,0,0,0,0,0,0,0,0,0,0,0,0,0,0,0,1,0,0,0,0,0,0,-0.0
2021-02-16,1.7643707025122455,2.0013757222526967,-0.2382820608267084,False,True,False,False,73.3092,88.9754,3.91,153.2,-0.2903031174001756,2.3568832518633727,2.6465560537683683,-0.3357839923293094,2.6728899448506405,3.015230528920181,-0.3357839923293094,2.6728899448506405,3.015230528920181,-0.12882981708246505,1.9223740490058794,2.054043504417241,-0.24663390384978454,0.2333627121274744,-0.5163336111956981,0.2163811957177757,-0.28317905435184537,0.248977770468354,-0.7957897798065156,0.2163811957177757,0.05202105657346723,16,0,0,0.0,0.0,4.25,5.7,4.0,-1.7000000000000002,0.25,0,0,0,0.0,0.0,1,0,0,0,0,0,0,0,0,0,0,0,0,0,0,0,0,1,1,0,0,0,0,0,-0.0
2021-02-17,1.64586819264202,1.8302054302179263,-0.1880222060011353,False,True,False,False,73.2895,88.9441,4.0,72.03,-0.2382820608267084,1.7643707025122455,2.0013757222526967,-0.2903031174001756,2.3568832518633727,2.6465560537683683,-0.3357839923293094,2.6728899448506405,3.015230528920181,-0.3357839923293094,2.6728899448506405,3.015230528920181,-0.20691225379707173,0.20126106066002192,-0.3357839923293094,0.2163811957177757,-0.2721878916392306,0.24718679775787292,-0.7957897798065156,0.2163811957177757,0.050259854825573075,17,0,0,0.0,0.0,4.25,5.7,4.0,-1.7000000000000002,0.25,0,0,0,0.0,0.0,1,0,0,0,0,0,0,0,0,0,0,0,0,0,0,0,0,1,0,1,0,0,0,0,-0.0
2021-02-18,1.7775376480533818,2.2515476875342837,-0.47230914643850613,False,True,False,False,73.7669,89.0809,4.05,61.1,-0.1880222060011353,1.64586819264202,1.8302054302179263,-0.2382820608267084,1.7643707025122455,2.0013757222526967,-0.2903031174001756,2.3568832518633727,2.6465560537683683,-0.3357839923293094,2.6728899448506405,3.015230528920181,-0.2646841683283447,0.08251506728195718,-0.3357839923293094,-0.12882981708246505,-0.2513684356940927,0.24056928765950744,-0.7957897798065156,0.2163811957177757,-0.2842869404373708,18,0,0,0.0,0.0,4.25,5.7,4.0,-1.7000000000000002,0.25,0,0,0,0.0,0.0,1,0,0,0,0,0,0,0,0,0,0,0,0,0,0,0,0,1,0,0,1,0,0,0,-0.0
2021-02-19,1.8565393213001986,2.3437163063222366,-0.4882329486685661,False,True,False,False,73.7755,88.87,4.02,75.25,-0.47230914643850613,1.7775376480533818,2.2515476875342837,-0.1880222060011353,1.64586819264202,1.8302054302179263,-0.2382820608267084,1.7643707025122455,2.0013757222526967,-0.3357839923293094,2.6728899448506405,3.015230528920181,-0.3137526439506363,0.0900464117874906,-0.47230914643850613,-0.1880222060011353,-0.25768322369212515,0.24542708742360086,-0.7957897798065156,0.2163811957177757,-0.015923802230059958,19,0,0,0.0,0.0,4.25,5.7,4.0,-1.7000000000000002,0.25,0,0,0,0.0,0.0,1,0,0,0,0,0,0,0,0,0,0,0,0,0,0,0,0,1,0,0,0,1,0,0,-0.0
2021-02-20,1.7907045935945178,2.0672104499583774,-0.2660525663156504,False,True,False,False,73.9717,89.5427,4.06,104.45,-0.4882329486685661,1.8565393213001986,2.3437163063222366,-0.47230914643850613,1.7775376480533818,2.2515476875342837,-0.1880222060011353,1.64586819264202,1.8302054302179263,-0.2903031174001756,2.3568832518633727,2.6465560537683683,-0.3355310662848158,0.11201788274075707,-0.4882329486685661,-0.1880222060011353,-0.28811118165253713,0.2457393228377432,-0.7957897798065156,0.2163811957177757,0.2221803823529157,20,0,0,0.0,0.0,4.25,5.7,4.0,-1.7000000000000002,0.25,0,0,0,0.0,0.0,1,0,0,0,0,0,0,0,0,0,0,0,0,0,0,0,0,1,0,0,0,0,1,0,-0.0
2021-02-21,1.7907045935945178,2.0672104499583774,-0.2660525663156504,False,False,False,False,73.9833,89.6604,4.06,104.45,-0.2660525663156504,1.7907045935945178,2.0672104499583774,-0.4882329486685661,1.8565393213001986,2.3437163063222366,-0.47230914643850613,1.7775376480533818,2.2515476875342837,-0.2382820608267084,1.7643707025122455,2.0013757222526967,-0.32556943399715027,0.11505114477474114,-0.4882329486685661,-0.1880222060011353,-0.30266911230202653,0.23721849902932124,-0.7957897798065156,0.2163811957177757,0.0,21,0,0,0.0,0.0,4.25,5.7,4.0,-1.7000000000000002,0.25,0,0,0,0.0,0.0,1,0,0,0,0,0,0,0,0,0,0,0,0,0,0,0,0,1,0,0,0,0,0,1,-0.2660525663156504
2021-02-22,0.013983318508993186,0.023701669592441785,-0.00971835109529885,True,False,False,False,73.9833,89.6604,4.06,104.45,-0.2660525663156504,1.7907045935945178,2.0672104499583774,-0.2660525663156504,1.7907045935945178,2.0672104499583774,-0.4882329486685661,1.8565393213001986,2.3437163063222366,-0.1880222060011353,1.64586819264202,1.8302054302179263,-0.31560780170948466,0.11702127797664554,-0.4882329486685661,-0.1880222060011353,-0.31722704295151594,0.22737842016149284,-0.7957897798065156,0.2163811957177757,0.25633421522035155,22,0,0,0.0,0.0,4.25,5.7,4.0,-1.7000000000000002,0.25,0,0,0,0.0,0.0,1,0,0,0,0,0,0,0,0,0,0,0,0,0,0,0,0,1,0,0,0,0,0,0,-0.00971835109529885
2021-02-23,0.013983318508993186,0.023701669592441785,-0.00971835109529885,True,False,False,False,73.9833,89.6604,4.06,104.45,-0.00971835109529885,0.013983318508993186,0.023701669592441785,-0.2660525663156504,1.7907045935945178,2.0672104499583774,-0.2660525663156504,1.7907045935945178,2.0672104499583774,-0.47230914643850613,1.7775376480533818,2.2515476875342837,-0.27552426366593086,0.16524984911246532,-0.4882329486685661,-0.00971835109529885,-0.2610790837578576,0.19484022909813303,-0.5163336111956981,0.2163811957177757,0.0,23,0,0,0.0,0.0,4.25,5.7,4.0,-1.7000000000000002,0.25,0,0,0,0.0,0.0,1,0,0,0,0,0,0,0,0,0,0,0,0,0,0,0,0,1,1,0,0,0,0,0,-0.00971835109529885
2021-02-24,2.475385761733598,3.357571112989721,-0.8736723604864074,False,True,False,False,73.9833,89.6604,4.06,137.23,-0.00971835109529885,0.013983318508993186,0.023701669592441785,-0.00971835109529885,0.013983318508993186,0.023701669592441785,-0.2660525663156504,1.7907045935945178,2.0672104499583774,-0.4882329486685661,1.8565393213001986,2.3437163063222366,-0.24287230513287236,0.19392774621107034,-0.4882329486685661,-0.00971835109529885,-0.22489227946497195,0.1907898260175052,-0.4882329486685661,0.2163811957177757,-0.8639540093911086,24,0,0,0.0,0.0,4.25,5.7,4.0,-1.7000000000000002,0.25,0,0,0,1.0,0.0,1,0,0,0,0,0,0,0,0,0,0,0,0,0,0,0,0,1,0,1,0,0,0,0,-0.0
2021-02-25,2.5807213260626876,3.1073991477081337,-0.5295039396279835,False,True,False,False,73.7532,89.6691,4.16,135.15,-0.8736723604864074,2.475385761733598,3.357571112989721,-0.00971835109529885,0.013983318508993186,0.023701669592441785,-0.00971835109529885,0.013983318508993186,0.023701669592441785,-0.2660525663156504,1.7907045935945178,2.0672104499583774,-0.34082232720219696,0.303696271845909,-0.8736723604864074,-0.00971835109529885,-0.3027532477652707,0.2174202839766529,-0.8736723604864074,-0.00971835109529885,0.3441684208584239,25,0,0,0.0,0.0,4.25,5.7,4.0,-1.7000000000000002,0.25,1,1,1,0.0,0.0,1,0,0,0,0,0,0,0,0,0,0,0,0,0,0,0,0,1,0,0,1,0,0,0,-0.0
2021-02-26,2.620222162686096,2.975729692296772,-0.3558107204020575,False,True,False,True,73.4747,89.4995,4.18,137.25,-0.5295039396279835,2.5807213260626876,3.1073991477081337,-0.8736723604864074,2.475385761733598,3.357571112989721,-0.00971835109529885,0.013983318508993186,0.023701669592441785,-0.2660525663156504,1.7907045935945178,2.0672104499583774,-0.3489930119435508,0.3085539390472219,-0.8736723604864074,-0.00971835109529885,-0.3313728279470935,0.21912938395125214,-0.8736723604864074,-0.00971835109529885,0.17369321922592595,26,0,0,0.0,0.0,4.25,5.7,4.0,-1.7000000000000002,0.25,1,0,1,0.0,0.0,1,0,0,0,0,0,0,0,0,0,0,0,0,0,0,0,0,1,0,0,0,1,0,0,-0.0
2021-02-27,2.620222162686096,2.975729692296772,-0.3558107204020575,False,False,False,False,74.4373,90.3743,4.18,137.25,-0.3558107204020575,2.620222162686096,2.975729692296772,-0.5295039396279835,2.5807213260626876,3.1073991477081337,-0.8736723604864074,2.475385761733598,3.357571112989721,-0.00971835109529885,0.013983318508993186,0.023701669592441785,-0.3300755507626211,0.3025962184760563,-0.8736723604864074,-0.00971835109529885,-0.33280330852371837,0.21922574143703505,-0.8736723604864074,-0.00971835109529885,0.0,27,0,0,0.0,0.0,4.25,5.7,4.0,-1.7000000000000002,0.25,1,0,0,0.0,0.0,1,0,0,0,0,0,0,0,0,0,0,0,0,0,0,0,0,1,0,0,0,0,1,0,-0.3558107204020575
2021-02-28,2.620222162686096,2.975729692296772,-0.3558107204020575,False,False,False,False,74.4373,90.3743,4.18,137.25,-0.3558107204020575,2.620222162686096,2.975729692296772,-0.3558107204020575,2.620222162686096,2.975729692296772,-0.5295039396279835,2.5807213260626876,3.1073991477081337,-0.00971835109529885,0.013983318508993186,0.023701669592441785,-0.3428981442035363,0.30133017680419144,-0.8736723604864074,-0.00971835109529885,-0.33423378910034324,0.2193120086669464,-0.8736723604864074,-0.00971835109529885,0.0,28,0,1,0.0,0.0,4.25,5.7,4.0,-1.7000000000000002,0.25,1,0,0,0.0,0.0,1,0,0,0,0,0,0,0,0,0,0,0,0,0,0,0,0,1,0,0,0,0,0,1,-0.3558107204020575
2021-03-01,2.0935443410406496,2.975729692296772,-0.8777018607519499,False,True,True,False,74.4373,90.3743,4.06,106.45,-0.3558107204020575,2.620222162686096,2.975729692296772,-0.3558107204020575,2.620222162686096,2.975729692296772,-0.3558107204020575,2.620222162686096,2.975729692296772,-0.8736723604864074,2.475385761733598,3.357571112989721,-0.35572073764445167,0.2994188293406562,-0.8736723604864074,-0.00971835109529885,-0.3356642696769681,0.2193881975439753,-0.8736723604864074,-0.00971835109529885,-0.5218911403498924,1,1,0,0.0,1.0,4.5,5.8,4.0,-1.7999999999999998,0.25,0,0,0,1.0,0.0,0,1,0,0,0,0,0,0,0,0,0,0,0,0,0,0,0,1,0,0,0,0,0,0,-0.0
2021-03-02,1.9223740490058794,2.370050197404509,-0.44846387742697763,False,True,False,False,74.0448,89.4461,4.01,161.4,-0.8777018607519499,2.0935443410406496,2.975729692296772,-0.3558107204020575,2.620222162686096,2.975729692296772,-0.3558107204020575,2.620222162686096,2.975729692296772,-0.5295039396279835,2.5807213260626876,3.1073991477081337,-0.4797183818811161,0.31172331298004585,-0.8777018607519499,-0.00971835109529885,-0.3776213227735234,0.2620638430170958,-0.8777018607519499,-0.00971835109529885,0.42923798332497226,2,0,0,1.0,0.0,4.5,5.8,4.0,-1.7999999999999998,0.25,0,0,0,0.0,0.0,0,1,0,0,0,0,0,0,0,0,0,0,0,0,0,0,0,1,1,0,0,0,0,0,-0.0
2021-03-03,1.6985359748065647,1.9355409945470157,-0.23196498360753567,False,True,False,False,74.5755,89.5652,4.06,146.05,-0.44846387742697763,1.9223740490058794,2.370050197404509,-0.8777018607519499,2.0935443410406496,2.975729692296772,-0.3558107204020575,2.620222162686096,2.975729692296772,-0.3558107204020575,2.620222162686096,2.975729692296772,-0.5423963142142131,0.23650429729382397,-0.8777018607519499,-0.3558107204020575,-0.3926343096735426,0.25947502212533496,-0.8777018607519499,-0.00971835109529885,0.21649889381944196,3,0,0,0.0,0.0,4.5,5.8,4.0,-1.7999999999999998,0.25,0,0,0,0.0,0.0,0,1,0,0,0,0,0,0,0,0,0,0,0,0,0,0,0,1,0,1,0,0,0,0,-0.0
2021-03-04,2.0145426677938327,2.0013757222526967,0.008114340480329092,False,True,False,False,73.5187,88.8768,4.07,104.95,-0.23196498360753567,1.6985359748065647,1.9355409945470157,-0.44846387742697763,1.9223740490058794,2.370050197404509,-0.8777018607519499,2.0935443410406496,2.975729692296772,-0.3558107204020575,2.620222162686096,2.975729692296772,-0.4507238318029457,0.20952429445415097,-0.8777018607519499,-0.23196498360753567,-0.39577307950257123,0.2570640933988975,-0.8777018607519499,-0.00971835109529885,0.24007932408786475,4,0,0,0.0,0.0,4.5,5.8,4.0,-1.7999999999999998,0.25,0,0,0,0.0,0.0,0,1,0,0,0,0,0,0,0,0,0,0,0,0,0,0,0,1,0,0,1,0,0,0,0.0
2021-03-05,2.370050197404509,2.3568832518633727,0.013004348448797491,False,True,False,False,73.7864,88.9421,4.04,123.1,0.008114340480329092,2.0145426677938327,2.0013757222526967,-0.23196498360753567,1.6985359748065647,1.9355409945470157,-0.44846387742697763,1.9223740490058794,2.370050197404509,-0.3558107204020575,2.620222162686096,2.975729692296772,-0.373921220358901,0.2665952784284371,-0.8777018607519499,0.008114340480329092,-0.36145711615122583,0.2773287980834235,-0.8777018607519499,0.008114340480329092,0.004890007968468399,5,0,0,0.0,0.0,4.5,5.8,4.0,-1.7999999999999998,0.25,0,0,0,0.0,0.0,0,1,0,0,0,0,0,0,0,0,0,0,0,0,0,0,0,1,0,0,0,1,0,0,0.0
2021-03-06,2.370050197404509,2.3568832518633727,0.013004348448797491,False,False,False,False,74.4275,88.9334,4.04,123.1,0.013004348448797491,2.370050197404509,2.3568832518633727,0.008114340480329092,2.0145426677938327,2.0013757222526967,-0.23196498360753567,1.6985359748065647,1.9355409945470157,-0.8777018607519499,2.0935443410406496,2.975729692296772,-0.3212333533802075,0.3045186313903573,-0.8777018607519499,0.013004348448797491,-0.32565445207141414,0.29168608724371364,-0.8777018607519499,0.013004348448797491,0.0,6,0,0,0.0,0.0,4.5,5.8,4.0,-1.7999999999999998,0.25,0,0,0,0.0,0.0,0,1,0,0,0,0,0,0,0,0,0,0,0,0,0,0,0,1,0,0,0,0,1,0,0.013004348448797491
2021-03-07,2.370050197404509,2.3568832518633727,0.013004348448797491,False,False,False,False,74.4275,88.9334,4.04,123.1,0.013004348448797491,2.370050197404509,2.3568832518633727,0.013004348448797491,2.370050197404509,2.3568832518633727,0.008114340480329092,2.0145426677938327,2.0013757222526967,-0.44846387742697763,1.9223740490058794,2.370050197404509,-0.2685454864015139,0.3285008241769358,-0.8777018607519499,0.013004348448797491,-0.305721815302525,0.3052899143757787,-0.8777018607519499,0.013004348448797491,0.0,7,0,0,0.0,0.0,4.5,5.8,4.0,-1.7999999999999998,0.25,0,0,0,0.0,0.0,0,1,0,0,0,0,0,0,0,0,0,0,0,0,0,0,0,1,0,0,0,0,0,1,0.013004348448797491
2021-03-08,2.370050197404509,2.3568832518633727,0.013004348448797491,True,False,False,False,74.4275,88.9334,4.04,123.1,0.013004348448797491,2.370050197404509,2.3568832518633727,0.013004348448797491,2.370050197404509,2.3568832518633727,0.013004348448797491,2.370050197404509,2.3568832518633727,-0.23196498360753567,1.6985359748065647,1.9355409945470157,-0.2158576194228203,0.3414917661431172,-0.8777018607519499,0.013004348448797491,-0.2857891785336359,0.31696584281870294,-0.8777018607519499,0.013004348448797491,0.0,8,0,0,0.0,0.0,4.5,5.8,4.0,-1.7999999999999998,0.25,0,0,0,0.0,0.0,0,1,0,0,0,0,0,0,0,0,0,0,0,0,0,0,0,1,0,0,0,0,0,0,0.013004348448797491
2021-03-09,2.0803773954995135,3.3312372219074486,-1.259842582483562,False,True,False,False,74.4275,88.9334,4.35,92.2,0.013004348448797491,2.370050197404509,2.3568832518633727,0.013004348448797491,2.370050197404509,2.3568832518633727,0.013004348448797491,2.370050197404509,2.3568832518633727,0.008114340480329092,2.0145426677938327,2.0013757222526967,-0.08861387525128496,0.18289476282062325,-0.44846387742697763,0.013004348448797491,-0.28416612856620044,0.3185424837752751,-0.8777018607519499,0.013004348448797491,-1.2728469309323593,9,0,0,0.0,0.0,4.5,5.8,4.0,-1.7999999999999998,0.25,0,0,0,1.0,0.0,0,1,0,0,0,0,0,0,0,0,0,0,0,0,0,0,0,1,1,0,0,0,0,0,-0.0
2021-03-10,2.1725460142874664,2.1462121232051943,0.024578182241717365,False,True,False,False,74.264,88.1736,4.09,63.45,-1.259842582483562,2.0803773954995135,3.3312372219074486,0.013004348448797491,2.370050197404509,2.3568832518633727,0.013004348448797491,2.370050197404509,2.3568832518633727,0.013004348448797491,2.370050197404509,2.3568832518633727,-0.20452511883079702,0.4741553387279628,-1.259842582483562,0.013004348448797491,-0.37346071652250495,0.4003935288841958,-1.259842582483562,0.013004348448797491,1.2844207647252792,10,0,0,0.0,0.0,4.5,5.8,4.0,-1.7999999999999998,0.25,0,0,0,0.0,0.0,0,1,0,0,0,0,0,0,0,0,0,0,0,0,0,0,0,1,0,1,0,0,0,0,0.0
2021-03-11,1.8302054302179263,2.1462121232051943,-0.3182100259799535,False,True,False,False,74.0393,87.9587,4.11,42.65,0.024578182241717365,2.1725460142874664,2.1462121232051943,-1.259842582483562,2.0803773954995135,3.3312372219074486,0.013004348448797491,2.370050197404509,2.3568832518633727,0.013004348448797491,2.370050197404509,2.3568832518633727,-0.1678760951380466,0.4815379928391441,-1.259842582483562,0.024578182241717365,-0.30929996347049604,0.38577450154621157,-1.259842582483562,0.024578182241717365,-0.3427882082216709,11,0,0,0.0,0.0,4.5,5.8,4.0,-1.7999999999999998,0.25,0,0,0,0.0,0.0,0,1,0,0,0,0,0,0,0,0,0,0,0,0,0,0,0,1,0,0,1,0,0,0,-0.0
2021-03-12,2.133045177664058,2.6728899448506405,-0.5418138834445834,False,True,False,False,73.4996,87.7585,4.14,67.95,-0.3182100259799535,1.8302054302179263,2.1462121232051943,0.024578182241717365,2.1725460142874664,2.1462121232051943,-1.259842582483562,2.0803773954995135,3.3312372219074486,0.013004348448797491,2.370050197404509,2.3568832518633727,-0.21449386177522983,0.4774390319637457,-1.259842582483562,0.024578182241717365,-0.2942075410670653,0.3805953049211468,-1.259842582483562,0.024578182241717365,-0.22360385746462985,12,0,0,0.0,0.0,4.5,5.8,4.0,-1.7999999999999998,0.25,0,0,0,0.0,0.0,0,1,0,0,0,0,0,0,0,0,0,0,0,0,0,0,0,1,0,0,0,1,0,0,-0.0
2021-03-13,2.133045177664058,2.6728899448506405,-0.5418138834445834,False,False,False,False,73.5081,87.7981,4.14,67.95,-0.5418138834445834,2.133045177664058,2.6728899448506405,-0.3182100259799535,1.8302054302179263,2.1462121232051943,0.024578182241717365,2.1725460142874664,2.1462121232051943,0.013004348448797491,2.370050197404509,2.3568832518633727,-0.2937536091885699,0.4794261123929277,-1.259842582483562,0.024578182241717365,-0.30749348128438864,0.38611765263983444,-1.259842582483562,0.024578182241717365,0.0,13,0,0,0.0,0.0,4.5,5.8,4.0,-1.7999999999999998,0.25,0,0,0,0.0,0.0,0,1,0,0,0,0,0,0,0,0,0,0,0,0,0,0,0,1,0,0,0,0,1,0,-0.5418138834445834
2021-03-14,2.133045177664058,2.6728899448506405,-0.5418138834445834,False,False,False,False,73.5081,87.7981,4.14,67.95,-0.5418138834445834,2.133045177664058,2.6728899448506405,-0.5418138834445834,2.133045177664058,2.6728899448506405,-0.3182100259799535,1.8302054302179263,2.1462121232051943,-1.259842582483562,2.0803773954995135,3.3312372219074486,-0.37301335660191004,0.4659318772873548,-1.259842582483562,0.024578182241717365,-0.32077942150171185,0.39107634609836167,-1.259842582483562,0.024578182241717365,0.0,14,0,0,0.0,0.0,4.5,5.8,4.0,-1.7999999999999998,0.25,0,0,0,0.0,0.0,0,1,0,0,0,0,0,0,0,0,0,0,0,0,0,0,0,1,0,0,0,0,0,1,-0.5418138834445834
2021-03-15,2.4227179795690534,3.041564420002453,-0.6186448469656719,False,True,False,False,73.5081,87.7981,4.13,71.85,-0.5418138834445834,2.133045177664058,2.6728899448506405,-0.5418138834445834,2.133045177664058,2.6728899448506405,-0.5418138834445834,2.133045177664058,2.6728899448506405,0.024578182241717365,2.1725460142874664,2.1462121232051943,-0.45227310401525017,0.43551966698123523,-1.259842582483562,0.024578182241717365,-0.3340653617190351,0.395492587188015,-1.259842582483562,0.024578182241717365,-0.07683096352108854,15,0,0,0.0,0.0,4.5,5.8,4.0,-1.7999999999999998,0.25,0,0,0,1.0,0.0,0,1,0,0,0,0,0,0,0,0,0,0,0,0,0,0,0,1,0,0,0,0,0,0,-0.0
2021-03-16,1.6590351381831563,2.1725460142874664,-0.5123499810265125,False,True,False,False,73.2317,87.3508,4.13,75.55,-0.6186448469656719,2.4227179795690534,3.041564420002453,-0.5418138834445834,2.133045177664058,2.6728899448506405,-0.5418138834445834,2.133045177664058,2.6728899448506405,-0.3182100259799535,1.8302054302179263,2.1462121232051943,-0.5425087033601744,0.38563010932793274,-1.259842582483562,0.024578182241717365,-0.3155612893057295,0.3735524116628704,-1.259842582483562,0.024578182241717365,0.10629486593915938,16,0,0,0.0,0.0,4.5,5.8,4.0,-1.7999999999999998,0.25,0,0,0,0.0,0.0,0,1,0,0,0,0,0,0,0,0,0,0,0,0,0,0,0,1,1,0,0,0,0,0,-0.0
2021-03-17,1.8170384846767902,2.225213796452011,-0.4132038915858259,False,True,False,False,72.9619,86.9852,4.12,97.45,-0.5123499810265125,1.6590351381831563,2.1725460142874664,-0.6186448469656719,2.4227179795690534,3.041564420002453,-0.5418138834445834,2.133045177664058,2.6728899448506405,-0.5418138834445834,2.133045177664058,2.6728899448506405,-0.4357240460091673,0.22315331067722163,-0.6186448469656719,0.024578182241717365,-0.32012458241998204,0.3756849555363054,-1.259842582483562,0.024578182241717365,0.09914608944068665,17,0,0,0.0,0.0,4.5,5.8,4.0,-1.7999999999999998,0.25,0,0,0,0.0,0.0,0,1,0,0,0,0,0,0,0,0,0,0,0,0,0,0,0,1,0,1,0,0,0,0,-0.0
2021-03-18,2.040876558876105,2.5017196528158707,-0.47321362223037133,False,True,False,False,73.1019,86.9693,4.11,117.4,-0.4132038915858259,1.8170384846767902,2.225213796452011,-0.5123499810265125,1.6590351381831563,2.1725460142874664,-0.6186448469656719,2.4227179795690534,3.041564420002453,-0.5418138834445834,2.133045177664058,2.6728899448506405,-0.4982643422702449,0.10002865908060728,-0.6186448469656719,-0.3182100259799535,-0.33307021870414566,0.3755360072422533,-1.259842582483562,0.024578182241717365,-0.060009730644545456,18,0,0,0.0,0.0,4.5,5.8,4.0,-1.7999999999999998,0.25,0,0,0,0.0,0.0,0,1,0,0,0,0,0,0,0,0,0,0,0,0,0,0,0,1,0,0,1,0,0,0,-0.0
2021-03-19,2.1067112865817856,2.699223835932913,-0.5940015981953526,False,True,False,False,73.6582,88.1173,4.14,126.5,-0.47321362223037133,2.040876558876105,2.5017196528158707,-0.4132038915858259,1.8170384846767902,2.225213796452011,-0.5123499810265125,1.6590351381831563,2.1725460142874664,-0.5418138834445834,2.133045177664058,2.6728899448506405,-0.5204077131631617,0.06430406345769704,-0.6186448469656719,-0.4132038915858259,-0.36745078746919574,0.3637454463438357,-1.259842582483562,0.024578182241717365,-0.12078797596498125,19,0,0,0.0,0.0,4.5,5.8,4.0,-1.7999999999999998,0.25,0,0,0,0.0,0.0,0,1,0,0,0,0,0,0,0,0,0,0,0,0,0,0,0,1,0,0,0,1,0,0,-0.0
2021-03-20,2.1067112865817856,2.699223835932913,-0.5940015981953526,False,False,False,False,74.139,88.433,4.14,126.5,-0.5940015981953526,2.1067112865817856,2.699223835932913,-0.47321362223037133,2.040876558876105,2.5017196528158707,-0.4132038915858259,1.8170384846767902,2.225213796452011,-0.6186448469656719,2.4227179795690534,3.041564420002453,-0.5278631009847002,0.0699747949836898,-0.6186448469656719,-0.4132038915858259,-0.410808355086635,0.3508561621327596,-1.259842582483562,0.024578182241717365,0.0,20,0,0,0.0,0.0,4.5,5.8,4.0,-1.7999999999999998,0.25,0,0,0,0.0,0.0,0,1,0,0,0,0,0,0,0,0,0,0,0,0,0,0,0,1,0,0,0,0,1,0,-0.5940015981953526
2021-03-21,2.1067112865817856,2.699223835932913,-0.5940015981953526,False,False,False,False,74.139,88.433,4.14,126.5,-0.5940015981953526,2.1067112865817856,2.699223835932913,-0.5940015981953526,2.1067112865817856,2.699223835932913,-0.47321362223037133,2.040876558876105,2.5017196528158707,-0.5123499810265125,1.6590351381831563,2.1725460142874664,-0.5353184888062387,0.07435212217001638,-0.6186448469656719,-0.4132038915858259,-0.45416592270407424,0.3314217461705701,-1.259842582483562,0.024578182241717365,0.0,21,0,0,0.0,0.0,4.5,5.8,4.0,-1.7999999999999998,0.25,0,0,0,0.0,0.0,0,1,0,0,0,0,0,0,0,0,0,0,0,0,0,0,0,1,0,0,0,0,0,1,-0.5940015981953526
2021-03-22,1.961874885629288,2.77822550917973,-0.8108839317841737,False,True,False,False,74.139,88.433,4.24,150.75,-0.5940015981953526,2.1067112865817856,2.699223835932913,-0.5940015981953526,2.1067112865817856,2.699223835932913,-0.5940015981953526,2.1067112865817856,2.699223835932913,-0.4132038915858259,1.8170384846767902,2.225213796452011,-0.5427738766277771,0.07765507705036676,-0.6186448469656719,-0.4132038915858259,-0.4975234903215136,0.30419028866901343,-1.259842582483562,0.024578182241717365,-0.21688233358882114,22,0,0,0.0,0.0,4.5,5.8,4.0,-1.7999999999999998,0.25,0,0,0,1.0,0.0,0,1,0,0,0,0,0,0,0,0,0,0,0,0,0,0,0,1,0,0,0,0,0,0,-0.0
2021-03-23,2.488552707274734,2.3963840884867813,0.0980407750157478,False,True,False,False,74.6085,88.6573,4.22,106.6,-0.8108839317841737,1.961874885629288,2.77822550917973,-0.5940015981953526,2.1067112865817856,2.699223835932913,-0.5940015981953526,2.1067112865817856,2.699223835932913,-0.47321362223037133,2.040876558876105,2.5017196528158707,-0.5702366030304202,0.1271672482047939,-0.8108839317841737,-0.4132038915858259,-0.5563726531952972,0.2762361683119868,-1.259842582483562,0.024578182241717365,0.9089247067999215,23,0,0,0.0,0.0,4.5,5.8,4.0,-1.7999999999999998,0.25,0,0,0,0.0,0.0,0,1,0,0,0,0,0,0,0,0,0,0,0,0,0,0,0,1,1,0,0,0,0,0,0.0
2021-03-24,1.9355409945470157,2.528053543898143,-0.5877780991954896,False,True,False,False,75.3585,89.767,4.28,115.72,0.0980407750157478,2.488552707274734,2.3963840884867813,-0.8108839317841737,1.961874885629288,2.77822550917973,-0.5940015981953526,2.1067112865817856,2.699223835932913,-0.5940015981953526,2.1067112865817856,2.699223835932913,-0.48303792359581166,0.2849115591521743,-0.8108839317841737,0.0980407750157478,-0.45938098480248934,0.24708564229547214,-0.8108839317841737,0.0980407750157478,-0.6858188742112374,24,0,0,0.0,0.0,4.5,5.8,4.0,-1.7999999999999998,0.25,0,0,0,0.0,0.0,0,1,0,0,0,0,0,0,0,0,0,0,0,0,0,0,0,1,0,1,0,0,0,0,-0.0
2021-03-25,2.304215469698828,3.173233875413815,-0.8698100264842614,False,True,False,False,76.1535,90.0515,4.41,89.85,-0.5877780991954896,1.9355409945470157,2.528053543898143,0.0980407750157478,2.488552707274734,2.3963840884867813,-0.8108839317841737,1.961874885629288,2.77822550917973,-0.5940015981953526,2.1067112865817856,2.699223835932913,-0.5079770961114779,0.28542002829416574,-0.8108839317841737,0.0980407750157478,-0.5031207191908613,0.20552973445532075,-0.8108839317841737,0.0980407750157478,-0.2820319272887718,25,0,0,0.0,0.0,4.5,5.8,4.0,-1.7999999999999998,0.25,1,1,1,1.0,0.0,0,1,0,0,0,0,0,0,0,0,0,0,0,0,0,0,0,1,0,0,1,0,0,0,-0.0
2021-03-26,2.1725460142874664,4.687432612644473,-2.514886598357007,False,True,False,False,76.1741,89.9768,4.31,118.5,-0.8698100264842614,2.304215469698828,3.173233875413815,-0.5877780991954896,1.9355409945470157,2.528053543898143,0.0980407750157478,2.488552707274734,2.3963840884867813,-0.5940015981953526,2.1067112865817856,2.699223835932913,-0.564633725290605,0.3151804536782434,-0.8698100264842614,0.0980407750157478,-0.5425207192268833,0.21973553619476413,-0.8698100264842614,0.0980407750157478,-1.6450765718727454,26,0,0,0.0,0.0,4.5,5.8,4.0,-1.7999999999999998,0.25,1,0,1,1.0,0.0,0,1,0,0,0,0,0,0,0,0,0,0,0,0,0,0,0,1,0,0,0,1,0,0,-0.0
2021-03-27,2.1725460142874664,4.687432612644473,-2.514886598357007,False,False,False,False,75.7576,89.2576,4.31,118.5,-2.514886598357007,2.1725460142874664,4.687432612644473,-0.8698100264842614,2.304215469698828,3.173233875413815,-0.5877780991954896,1.9355409945470157,2.528053543898143,-0.8108839317841737,1.961874885629288,2.77822550917973,-0.8390458681708414,0.8032788990660803,-2.514886598357007,0.0980407750157478,-0.6834544845777707,0.5710881833283531,-2.514886598357007,0.0980407750157478,0.0,27,0,0,0.0,0.0,4.5,5.8,4.0,-1.7999999999999998,0.25,1,0,0,1.0,0.0,0,1,0,0,0,0,0,0,0,0,0,0,0,0,0,0,0,1,0,0,0,0,1,0,-2.514886598357007
2021-03-28,2.1725460142874664,4.687432612644473,-2.514886598357007,False,False,False,False,75.7576,89.2576,4.31,118.5,-2.514886598357007,2.1725460142874664,4.687432612644473,-2.514886598357007,2.1725460142874664,4.687432612644473,-0.8698100264842614,2.304215469698828,3.173233875413815,0.0980407750157478,2.488552707274734,2.3963840884867813,-1.1134580110510777,1.0077055809850997,-2.514886598357007,0.0980407750157478,-0.8243882499286581,0.7491457304697351,-2.514886598357007,0.0980407750157478,0.0,28,0,0,0.0,0.0,4.5,5.8,4.0,-1.7999999999999998,0.25,1,0,0,1.0,0.0,0,1,0,0,0,0,0,0,0,0,0,0,0,0,0,0,0,1,0,0,0,0,0,1,-2.514886598357007
2021-03-29,2.3568832518633727,3.3707380585308573,-1.0176794994533935,False,True,False,False,75.7576,89.2576,4.45,89.45,-2.514886598357007,2.1725460142874664,4.687432612644473,-2.514886598357007,2.1725460142874664,4.687432612644473,-2.514886598357007,2.1725460142874664,4.687432612644473,-0.5877780991954896,1.9355409945470157,2.528053543898143,-1.3878701539313139,1.0999906195836096,-2.514886598357007,0.0980407750157478,-0.9653220152795454,0.8680533064841486,-2.514886598357007,0.0980407750157478,1.4972070989036133,29,0,0,0.0,0.0,4.5,5.8,4.0,-1.7999999999999998,0.25,1,0,1,1.0,0.0,0,1,0,0,0,0,0,0,0,0,0,0,0,0,0,0,0,1,0,0,0,0,0,0,-0.0
2021-03-30,2.3173824152399645,2.5675543805215515,-0.25968688501554854,False,True,False,False,75.8287,89.349,4.48,123.35,-1.0176794994533935,2.3568832518633727,3.3707380585308573,-2.514886598357007,2.1725460142874664,4.687432612644473,-2.514886598357007,2.1725460142874664,4.687432612644473,-0.8698100264842614,2.304215469698828,3.173233875413815,-1.4174123778840595,1.0845809481219189,-2.514886598357007,0.0980407750157478,-0.99382449045724,0.8623268088998483,-2.514886598357007,0.0980407750157478,0.757992614437845,30,0,0,0.0,0.0,4.5,5.8,4.0,-1.7999999999999998,0.25,1,0,1,0.0,0.0,0,1,0,0,0,0,0,0,0,0,0,0,0,0,0,0,0,1,1,0,0,0,0,0,-0.0
2021-03-31,2.528053543898143,2.528053543898143,-0.004878132738468992,False,True,False,True,75.7023,88.8821,4.45,91.55,-0.25968688501554854,2.3173824152399645,2.5675543805215515,-1.0176794994533935,2.3568832518633727,3.3707380585308573,-2.514886598357007,2.1725460142874664,4.687432612644473,-2.514886598357007,2.1725460142874664,4.687432612644473,-1.468516329317102,1.0069213606677052,-2.514886598357007,-0.25968688501554854,-0.9757771264564566,0.8757185290309177,-2.514886598357007,0.0980407750157478,0.25480875227707955,31,0,1,0.0,0.0,4.5,5.8,4.0,-1.7999999999999998,0.25,1,0,1,0.0,0.0,0,1,0,0,0,0,0,0,0,0,0,0,0,0,0,0,0,1,0,1,0,0,0,0,-0.0
